Workbook

Sheet Planilla
FC1: Diccio | FD1: N° Interno | FE1: N° Chasis | FF1: N Motor | FG1: Marca chasis | FH1: Modelo Chasis | FI1: Marca Carrocería | FJ1: Modelo Carrocería | FK1: Año | FL1: Tipo de Bus | FM1: Nombre Terminal Asignado | FN1: Dirección Terminal | FO1: Comuna | FP1: Tipo de bus | FS1: 3003 / SFWZ-16| | FT1: SFWZ-16| | FU1: SFWZ-16 | FV1: =VLOOKUP(FU1,FD:FL,9,0) | GA1: SI(A13<>"";BUSCARH(VALOR(TEXTO(G13;"h:mm:ss"));SI($C$6="Laboral";$FT$4:$GR$227;SI($C$6="Sábado";$FT$231:$GR$452;$FT$456:$GR$656));BUSCARV($C$4;Input!$GZ$2:$HB$99;3;0)+SI(C$5="Ida";0;1);1);"") | HA1: 84 | HB1: 85 | HC1: 86 | HE1: ZTS | HF1: SERVICIO TS | HG1: SERVICIO UN | HH1: POS | HL1: unidad | HM1: servicio | HN1: Terminal | HO1: CODIGO TS SERVICIO
FC2: Diccionario 1 | FE2: De Baja | FF2: De Baja | FG2: De Baja | FH2: De Baja | FI2: De Baja | FJ2: De Baja | FK2: De Baja | FL2: De Baja | FM2: De Baja | FN2: De Baja | FO2: De Baja | FS2: 3003 / SFWZ-16| | FT2: SFWZ-16| | FU2: SFWZ-16 | FV2: =VLOOKUP(FU2,FD:FL,9,0) | FZ2: INTERVALO PROGRAMADO | HE2: U9 | HF2: B01 | HG2: B01 | HH2: 3 | HL2: AlfaU9 | HM2: B01 | HN2: Condell | HO2: 801
B3: Terminal | E3: Diccionario | W3: =IFERROR(SUMPRODUCT(--ISNUMBER($W$13:$W$547),--ISNUMBER($X$13:$X$547),--(MOD($X$13:$X$547-$W$13:$W$547+0.5,1)-0.5>=-1/1440),--(MOD($X$13:$X$547-$W$13:$W$547+0.5,1)-0.5<=4/1440))/SUMPRODUCT(--ISNUMBER($W$13:$W$547),--ISNUMBER($X$13:$X$547)),0) | X3: % OK | AF3: Terminal | AI3: Diccionario | BA3: =IFERROR(SUMPRODUCT(--ISNUMBER($BA$13:$BA$547),--ISNUMBER($BB$13:$BB$547),--(MOD($BB$13:$BB$547-$BA$13:$BA$547+0.5,1)-0.5>=-1/1440),--(MOD($BB$13:$BB$547-$BA$13:$BA$547+0.5,1)-0.5<=4/1440))/SUMPRODUCT(--ISNUMBER($BA$13:$BA$547),--ISNUMBER($BB$13:$BB$547)),0) | BB3: % OK | FC3: Diccionario 1 | FD3: 1000 | FE3: D8478292K2PL | FF3: YV3T7U524KA195142 | FG3: Volvo | FH3: B8R | FI3: MARCOPOLO | FJ3: TORINO | FK3: 2019 | FL3: B2PAL | FM3: LOS LIBERTADORES | FN3: Los Liberadores 6450, Lote 4A | FO3: Huechuraba | FP3: B | FS3: 3003 / SFWZ-16| | FT3: SFWZ-16| | FU3: SFWZ-16 | FV3: =VLOOKUP(FU3,FD:FL,9,0) | FZ3: LABORAL | GA3: P1 | GB3: P2 | GC3: P3 | GD3: P4 | GE3: P5 | GF3: P6 | GG3: P7 | GH3: P8 | GI3: P9 | GJ3: P10 | GK3: P11 | GL3: P12 | GM3: P13 | GN3: P14 | GO3: P15 | GP3: P16 | GQ3: P17 | GR3: P18 | GS3: P19 | GT3: P20 | GU3: P21 | GV3: P22 | GW3: P23 | GX3: P24 | HE3: U9 | HF3: B03 | HG3: B03 | HH3: 4 | HL3: AlfaU9 | HM3: B03 | HN3: El Retiro | HO3: 803
B4: Servicio | G4: Vacío a Cabezal | W4: =IFERROR(SUMPRODUCT(--ISNUMBER($W$13:$W$547),--ISNUMBER($X$13:$X$547),--(MOD($X$13:$X$547-$W$13:$W$547+0.5,1)-0.5<-1/1440))/SUMPRODUCT(--ISNUMBER($W$13:$W$547),--ISNUMBER($X$13:$X$547)),0) | X4: % ADELANTADO | AF4: Servicio | AK4: Vacío a Cabezal | BA4: =IFERROR(SUMPRODUCT(--ISNUMBER($BA$13:$BA$547),--ISNUMBER($BB$13:$BB$547),--(MOD($BB$13:$BB$547-$BA$13:$BA$547+0.5,1)-0.5<-1/1440))/SUMPRODUCT(--ISNUMBER($BA$13:$BA$547),--ISNUMBER($BB$13:$BB$547)),0) | BB4: % ADELANTADO | FC4: Diccionario 1 | FD4: 1096 | FE4: D8482685K2PL | FF4: YV3T7U521KA195230 | FG4: Volvo | FH4: B8R | FI4: MARCOPOLO | FJ4: TORINO | FK4: 2019 | FL4: B2PAL | FM4: LOS LIBERTADORES | FN4: Los Liberadores 6450, Lote 4A | FO4: Huechuraba | FP4: B | FS4: 3003 / SFWZ-16| | FT4: SFWZ-16| | FU4: SFWZ-16 | FV4: =VLOOKUP(FU4,FD:FL,9,0) | FZ4: MH | GA4: 0 | GB4: 0.041666667 | GC4: 0.083333333 | GD4: 0.125 | GE4: 0.16666667 | GF4: 0.20833333 | GG4: 0.25 | GH4: 0.29166667 | GI4: 0.33333333 | GJ4: 0.375 | GK4: 0.41666667 | GL4: 0.45833333 | GM4: 0.5 | GN4: 0.54166667 | GO4: 0.58333333 | GP4: 0.625 | GQ4: 0.66666667 | GR4: 0.70833333 | GS4: 0.75 | GT4: 0.79166667 | GU4: 0.83333333 | GV4: 0.875 | GW4: 0.91666667 | GX4: 0.95833333 | HA4: 1 | HE4: U9 | HF4: 105 | HG4: 105 | HH4: 5 | HL4: AlfaU9 | HM4: 105 | HN4: El Retiro | HO4: 805
B5: Sentido | C5: IDA | G5: Vacío a Patio | W5: =IFERROR(SUMPRODUCT(--ISNUMBER($W$13:$W$547),--ISNUMBER($X$13:$X$547),--(MOD($X$13:$X$547-$W$13:$W$547+0.5,1)-0.5>4/1440))/SUMPRODUCT(--ISNUMBER($W$13:$W$547),--ISNUMBER($X$13:$X$547)),0) | X5: % ATRASADO | AF5: Sentido | AG5: REG | AK5: Vacío a Patio | BA5: =IFERROR(SUMPRODUCT(--ISNUMBER($BA$13:$BA$547),--ISNUMBER($BB$13:$BB$547),--(MOD($BB$13:$BB$547-$BA$13:$BA$547+0.5,1)-0.5>4/1440))/SUMPRODUCT(--ISNUMBER($BA$13:$BA$547),--ISNUMBER($BB$13:$BB$547)),0) | BB5: % ATRASADO | FC5: Diccionario 1 | FD5: 1002 | FE5: D8483833K2PL | FF5: YV3T7U520KA195641 | FG5: Volvo | FH5: B8R | FI5: MARCOPOLO | FJ5: TORINO | FK5: 2019 | FL5: B2PAL | FM5: LOS LIBERTADORES | FN5: Los Liberadores 6450, Lote 4A | FO5: Huechuraba | FP5: B | FS5: 3003 / SFWZ-16| | FT5: SFWZ-16| | FU5: SFWZ-16 | FV5: =VLOOKUP(FU5,FD:FL,9,0) | FZ5: LP | GA5: 1 | GB5: 1 | GC5: 1 | GD5: 1 | GE5: 1 | GF5: 1 | GG5: 1 | GH5: 1 | GI5: 1 | GJ5: 1 | GK5: 1 | GL5: 1 | GM5: 1 | GN5: 1 | GO5: 1 | GP5: 1 | GQ5: 1 | GR5: 1 | GS5: 1 | GT5: 1 | GU5: 1 | GV5: 1 | GW5: 1 | GX5: 1 | HA5: 2 | HE5: U9 | HF5: B07 | HG5: B07 | HH5: 8 | HL5: AlfaU9 | HM5: B07 | HN5: Santa Marta | HO5: 807
B6: tipo de día | W6: =SUM(W3:W5) | X6: % TOTAL | AF6: tipo de día | BA6: =SUM(BA3:BA5) | BB6: % TOTAL | FC6: Diccionario 1 | FD6: 1003 | FE6: D8483530K2PL | FF6: YV3T7U522KA195642 | FG6: Volvo | FH6: B8R | FI6: MARCOPOLO | FJ6: TORINO | FK6: 2019 | FL6: B2PAL | FM6: LOS LIBERTADORES | FN6: Los Liberadores 6450, Lote 4A | FO6: Huechuraba | FP6: B | FS6: 3004 / SFWZ-31| | FT6: SFWZ-31| | FU6: SFWZ-31 | FV6: =VLOOKUP(FU6,FD:FL,9,0) | FZ6: B01 | GA6: 28.92 | GB6: 0 | GC6: 0 | GD6: 0 | GE6: 0 | GF6: 8.85 | GG6: 15.76 | GH6: 13.79 | GI6: 14.87 | GJ6: 16.63 | GK6: 16.95 | GL6: 16.38 | GM6: 15.68 | GN6: 15.93 | GO6: 16.02 | GP6: 15.485 | GQ6: 14.685 | GR6: 13.585 | GS6: 14.31 | GT6: 16.51 | GU6: 18.045 | GV6: 19.45 | GW6: 22.085 | GX6: 24.735 | HA6: 3 | HE6: U9 | HF6: B08 | HG6: B08 | HH6: 10 | HL6: AlfaU9 | HM6: B08 | HN6: Santa Marta | HO6: 808
FC7: Diccionario 1 | FD7: 1004 | FE7: D8483789K2PL | FF7: YV3T7U524KA195643 | FG7: Volvo | FH7: B8R | FI7: MARCOPOLO | FJ7: TORINO | FK7: 2019 | FL7: B2PAL | FM7: SAN JOSE | FN7: San José 030 (José Besa 669) | FO7: San Bernardo | FP7: B | FS7: 3004 / SFWZ-31| | FT7: SFWZ-31| | FU7: SFWZ-31 | FV7: =VLOOKUP(FU7,FD:FL,9,0) | FZ7: B03 | GA7: 0 | GB7: 0 | GC7: 0 | GD7: 0 | GE7: 0 | GF7: 17.585 | GG7: 14.575 | GH7: 14.64 | GI7: 15.78 | GJ7: 16.4 | GK7: 16.01 | GL7: 15.555 | GM7: 15.34 | GN7: 15.045 | GO7: 14.625 | GP7: 14.175 | GQ7: 13.545 | GR7: 13.395 | GS7: 15.2 | GT7: 16.955 | GU7: 18.275 | GV7: 19.905 | GW7: 21.615 | GX7: 0 | HA7: 4 | HB7: 1 | HE7: U9 | HF7: B09 | HG7: B09 | HH7: 12 | HL7: AlfaU9 | HM7: B09 | HN7: El Retiro | HO7: 809
FC8: Diccionario 1 | FD8: 1005 | FE8: D8484480K2PL | FF8: YV3T7U524KA195688 | FG8: Volvo | FH8: B8R | FI8: MARCOPOLO | FJ8: TORINO | FK8: 2019 | FL8: B2PAL | FM8: SAN JOSE | FN8: San José 030 (José Besa 669) | FO8: San Bernardo | FP8: B | FS8: 3004 / SFWZ-31| | FT8: SFWZ-31| | FU8: SFWZ-31 | FV8: =VLOOKUP(FU8,FD:FL,9,0) | FZ8: 105 | GA8: 0 | GB8: 0 | GC8: 0 | GD8: 0 | GE8: 0 | GF8: 18.435 | GG8: 15.275 | GH8: 14.62 | GI8: 16.635 | GJ8: 17.05 | GK8: 16.82 | GL8: 16.61 | GM8: 16.31 | GN8: 16.055 | GO8: 15.29 | GP8: 14.71 | GQ8: 13.055 | GR8: 12.495 | GS8: 14.34 | GT8: 16.7 | GU8: 18.44 | GV8: 19.865 | GW8: 21.83 | GX8: 23.995 | HA8: 5 | HB8: 2 | HE8: U9 | HF8: B10 | HG8: B10 | HH8: 13 | HL8: AlfaU9 | HM8: B10 | HN8: Santa Marta | HO8: 810
FC9: Diccionario 1 | FD9: 1006 | FE9: D8484637K2PL | FF9: YV3T7U528KA195712 | FG9: Volvo | FH9: B8R | FI9: MARCOPOLO | FJ9: TORINO | FK9: 2019 | FL9: B2PAL | FM9: SAN JOSE | FN9: San José 030 (José Besa 669) | FO9: San Bernardo | FP9: B | FS9: 3004 / SFWZ-31| | FT9: SFWZ-31| | FU9: SFWZ-31 | FV9: =VLOOKUP(FU9,FD:FL,9,0) | FZ9: 105 | GA9: 0 | GB9: 0 | GC9: 0 | GD9: 0 | GE9: 0 | GF9: 19.51 | GG9: 15.235 | GH9: 14.655 | GI9: 16.62 | GJ9: 17.48 | GK9: 17.01 | GL9: 16.145 | GM9: 15.605 | GN9: 16.08 | GO9: 15.86 | GP9: 15.355 | GQ9: 14.66 | GR9: 13.605 | GS9: 14.395 | GT9: 17.055 | GU9: 18.48 | GV9: 19.235 | GW9: 20.845 | GX9: 22.865 | HA9: 6 | HB9: 3 | HE9: U9 | HF9: 120 | HG9: 120 | HH9: 14 | HL9: AlfaU9 | HM9: 120 | HN9: Condell | HO9: 812
FC10: Diccionario 1 | FD10: 1007 | FE10: D8484676K2PL | FF10: YV3T7U52XKA195713 | FG10: Volvo | FH10: B8R | FI10: MARCOPOLO | FJ10: TORINO | FK10: 2019 | FL10: B2PAL | FM10: LOS LIBERTADORES | FN10: Los Liberadores 6450, Lote 4A | FO10: Huechuraba | FP10: B | FS10: 3004 / SFWZ-31| | FT10: SFWZ-31| | FU10: SFWZ-31 | FV10: =VLOOKUP(FU10,FD:FL,9,0) | FZ10: 105c | GA10: 0 | GB10: 0 | GC10: 0 | GD10: 0 | GE10: 0 | GF10: 10.78 | GG10: 19.005 | GH10: 16.43 | GI10: 18.565 | GJ10: 9.805 | GK10: 0 | GL10: 0 | GM10: 0 | GN10: 0 | GO10: 0 | GP10: 0 | GQ10: 8.115 | GR10: 14.65 | GS10: 15.24 | GT10: 18.095 | GU10: 19.5 | GV10: 0 | GW10: 0 | GX10: 0 | HA10: 7 | HB10: 4 | HE10: U9 | HF10: B13 | HG10: B13 | HH10: 16 | HL10: AlfaU9 | HM10: B13 | HN10: Santa Marta | HO10: 813
BI11: =C4&" "&C5 | BR11: =AG4&" "&MID(AG5,1,3) | FC11: Diccionario 1 | FD11: 1008 | FE11: D8484733K2PL | FF11: YV3T7U526KA195742 | FG11: Volvo | FH11: B8R | FI11: MARCOPOLO | FJ11: TORINO | FK11: 2019 | FL11: B2PAL | FM11: LOS LIBERTADORES | FN11: Los Liberadores 6450, Lote 4A | FO11: Huechuraba | FP11: B | FS11: 3004 / SFWZ-31| | FT11: SFWZ-31| | FU11: SFWZ-31 | FV11: =VLOOKUP(FU11,FD:FL,9,0) | FZ11: B07 | GA11: 0 | GB11: 0 | GC11: 0 | GD11: 0 | GE11: 0 | GF11: 12.58 | GG11: 20.03 | GH11: 17.86 | GI11: 21.28 | GJ11: 23.915 | GK11: 24.295 | GL11: 24.33 | GM11: 24.31 | GN11: 24.125 | GO11: 24.315 | GP11: 23.335 | GQ11: 19.745 | GR11: 15.08 | GS11: 17.465 | GT11: 23.745 | GU11: 27.27 | GV11: 29.185 | GW11: 28.615 | GX11: 0 | HA11: 8 | HB11: 5 | HE11: U9 | HF11: B16 | HG11: B16 | HH11: 17 | HL11: AlfaU9 | HM11: B16 | HN11: Santa Marta | HO11: 816
A12: Periodo | B12: TB Programado | C12: Tipo de Salida | D12: Cumple TB | E12: Bus | F12: Media Hora despacho | G12: ="H Sale Terminal"&""&C3 | H12: Cumple despacho | I12: H. Sale Real | J12: KM PERIODO | K12: KM PROMEDIO | L12: IR_REAL_PROM | M12: IR_PROG_PROM | N12: IR_PROG_DESVEST | O12: IR_REAL_DESVEST | P12: TE_IDEAL | Q12: TE_OBS | R12: TE_OBS_NET | S12: IR_REAL | T12: IR_PROG | U12: ="H llegada Terminal"&""&AG3 | V12: Corta Palo | W12: PUNTO DE CONTROL | X12: SALIDA REAL PUNTO DE CONTROL | Y12: Hora de Llegada Real | Z12: IE | AA12: Causa Perdidas | AB12: observación | AE12: Periodo | AF12: TB Programado | AG12: Tipo de Salida | AH12: Cumple TB | AI12: Bus | AJ12: Media Hora despcaho | AK12: ="H Sale Terminal"&""&AG3 | AL12: Cumple despacho | AM12: H. Sale Real | AN12: KM PERIODO | AO12: KM PROMEDIO | AP12: IR_REAL_PROM | AQ12: IR_PROG_PROM | AR12: IR_PROG_DESVEST | AS12: IR_PROG_DESVEST | AT12: TE_IDEAL | AU12: TE_OBS | AV12: TE_OBS_NET | AW12: IR_REAL | AX12: IR_PROG | AY12: ="H llegada Terminal"&""&C3 | AZ12: Corta Palo | BA12: PUNTO DE CONTROL | BB12: SALIDA REAL PUNTO DE CONTROL | BC12: Hora de Legada Real | BD12: IE | BE12: Causa Perdidas | BF12: observación | BI12: Periodo | BJ12: Teórico | BK12: Real | BL12: ICF-P | BM12: TE Obs | BN12: TE Ideal | BO12: IE | BR12: Periodo | BS12: Teórico | BT12: Real | BU12: ICF-P | BV12: TE Obs | BW12: TE Ideal | BX12: IE | FC12: Diccionario 1 | FD12: 1009 | FE12: D8481621K2PL | FF12: YV3T7U528KA195175 | FG12: Volvo | FH12: B8R | FI12: MARCOPOLO | FJ12: TORINO | FK12: 2019 | FL12: B2PAL | FM12: LOS LIBERTADORES | FN12: Los Liberadores 6450, Lote 4A | FO12: Huechuraba | FP12: B | FS12: 3004 / SFWZ-31| | FT12: SFWZ-31| | FU12: SFWZ-31 | FV12: =VLOOKUP(FU12,FD:FL,9,0) | FZ12: B07y | GA12: 0 | GB12: 0 | GC12: 0 | GD12: 0 | GE12: 0 | GF12: 0 | GG12: 11.345 | GH12: 10.845 | GI12: 0 | GJ12: 0 | GK12: 0 | GL12: 0 | GM12: 0 | GN12: 0 | GO12: 0 | GP12: 0 | GQ12: 0 | GR12: 0 | GS12: 0 | GT12: 0 | GU12: 0 | GV12: 0 | GW12: 0 | GX12: 0 | HA12: 9 | HB12: 6 | HE12: U9 | HF12: B17 | HG12: B17 | HH12: 19 | HL12: AlfaU9 | HM12: B17 | HN12: Condell | HO12: 817
A13: =HOUR(G13)+1 | D13: =IFERROR( IF(AND(OR(Planilla!B13="C",Planilla!B13="c"), VLOOKUP(E13,FD:FP,13,0)="C"), "OK",IF(AND(OR(Planilla!B13="C",Planilla!B13="c"), OR(VLOOKUP(E13,FD:FP,13,0)="B", VLOOKUP(E13,FD:FP,13,0)="A")), "DEFICIT",IF( AND(OR(Planilla!B13="B", Planilla!B13="BPAL"), VLOOKUP(E13,FD:FP,13,0)="B"), "OK",IF(AND(OR(Planilla!B13="B", Planilla!B13="BPAL"), VLOOKUP(E13,FD:FP,13,0)="A"), "DEFICIT",IF(AND(OR(Planilla!B13="B", Planilla!B13="BPAL"), VLOOKUP(E13,FD:FP,13,0)="C"), "SOBREOFERTA",IF(AND(Planilla!B13="A", VLOOKUP(E13,FD:FP,13,0)="A"), "OK",IF( AND(Planilla!B13="A", OR(VLOOKUP(E13,FD:FP,13,0)="B", VLOOKUP(E13,FD:FP,13,0)="C")), "SOBREOFERTA","" ))))))),"") | H13: =IF(I13="","",IF(AND((I13-G13)>=TIME(0,0,0),(I13-G13)<TIME(0,3,0)),"OK",IF(AND((I13-G13)>=TIME(0,3,0),(I13-G13)<TIME(0,5,0)),"RETRASO DE 3-5 MIN",IF(AND((I13-G13)>=TIME(0,5,0),(I13-G13)<TIME(0,10,0)),"RETRASO DE 5-10 MIN",IF((I13-G13)>=TIME(0,10,0),"RETRASO >10 MIN", IF(AND((G13-I13)>=TIME(0,0,0),(G13-I13)<TIME(0,3,0)),"OK",IF((G13-I13)>=TIME(0,3,0),"ADELANTADO"))))))) | J13: =IF(A13<>"",HLOOKUP(VALUE(TEXT(G13,"h:mm:ss")),IF($C$6="Laboral",$FZ$4:$GX$227,IF($C$6="Sábado",$FZ$231:$GX$452,$FZ$456:$GX$656)),VLOOKUP($C$4,$HF$2:$HH$99,3,0)+IF(C$5="Ida",0,1),1),"") | K13: =IF(A14<>A13,AVERAGEIF(A$9:A13,A13,J$9:J13),"") | L13: =IFERROR(IF(A14<>A13,AVERAGEIF(A$9:A13,A13,S$9:S13),""),"") | M13: =IFERROR(IF(A14<>A13,AVERAGEIF(A$9:A13,A13,T$9:T13),""),"") | N13: {=IFERROR(IF(A14<>A13,_xlfn.STDEV.P(IF(A$9:A13=A13,T$9:T13)),""),"")} | O13: {=IFERROR(IF(A14<>A13,_xlfn.STDEV.P(IF(A$9:A13=A13,S$9:S13)),""),"")} | P13: =IFERROR(IF(A13<>A14,MAX((((M13*24*60)/2)*(1+POWER((((N13*24*60) / (M13*24*60) )),2))) + ((M13*24*60 )*-0.1 + (K13*0.015)) +1,(((M13*24*60)/2)*(1+POWER((((N13*24*60) / (M13*24*60 ))),2)))),""),"") | Q13: =IF(AND(O13<>"",L13<>""),IF(A13<>A14,((L13*24*60) / 2 ) * (1 + POWER(((O13*24*60) / (L13*24*60)),2)),""),"") | R13: =IF(Q13<>"",MAX(P13,Q13),"") | S13: =IF(I13<>"H. Sale Real",IF(AND(I14<>"",LEFT(C14,2)<>"Va"),IF(AND(I13<>"",LEFT(C13,2)<>"Va",I13<>"H. Sale Real"),IF(I14-I13<0.208333333333333,I14-I13,""),IF(AND(I12<>"",LEFT(C12,2)<>"Va",I12<>"H. Sale Real"),IF(I14-I12<0.208333333333333,I14-I12,""),IF(AND(I11<>"",LEFT(C11,2)<>"Va",I11<>"H. Sale Real"),IF(I14-I11<0.208333333333333,I14-I11,""),IF(AND(I10<>"",LEFT(C10,2)<>"Va",I10<>"H. Sale Real"),IF(I14-I10<0.208333333333333,I14-I10,""),IF(AND(I9<>"",LEFT(C9,2)<>"Va",I9<>"H. Sale Real"),IF(I14-I9<0.208333333333333,I14-I9,""),""))))),""),"") | T13: =IF(G13<>"H. Sale Real",IF(AND(G14<>"",LEFT(C14,2)<>"Va"),IF(AND(G13<>"",LEFT(C13,2)<>"Va",G13<>"H. Sale Real"),IF(G14-G13<0.208333333333333,G14-G13,""),IF(AND(G12<>"",LEFT(C12,2)<>"Va",G12<>"H. Sale Real"),IF(G14-G12<0.208333333333333,G14-G12,""),IF(AND(G11<>"",LEFT(C11,2)<>"Va",G11<>"H. Sale Real"),IF(G14-G11<0.208333333333333,G14-G11,""),IF(AND(G10<>"",LEFT(C10,2)<>"Va",G10<>"H. Sale Real"),IF(G14-G10<0.208333333333333,G14-G10,""),IF(AND(G9<>"",LEFT(C9,2)<>"Va",G9<>"H. Sale Real"),IF(G14-G9<0.208333333333333,G14-G9,""),""))))),""),"") | Z13: =IF(G13<>"",IF(AND(Z12<>"IE",P13<>0,R13<>""),IF(IFERROR((P13/R13),0) <=1,IFERROR(P13/R13,""),1),""),"") | AE13: =HOUR(AK13)+1 | AL13: =IF(AM13="","",IF(AND((AM13-AK13)>=TIME(0,0,0),(AM13-AK13)<TIME(0,3,0)),"OK",IF(AND((AM13-AK13)>=TIME(0,3,0),(AM13-AK13)<TIME(0,5,0)),"RETRASO DE 3-5 MIN",IF(AND((AM13-AK13)>=TIME(0,5,0),(AM13-AK13)<TIME(0,10,0)),"RETRASO DE 5-10 MIN",IF((AM13-AK13)>=TIME(0,10,0),"RETRASO >10 MIN", IF(AND((AK13-AM13)>=TIME(0,0,0),(AK13-AM13)<TIME(0,3,0)),"OK",IF((AK13-AM13)>=TIME(0,3,0),"ADELANTADO"))))))) | AN13: =IF(AE13<>"",HLOOKUP(VALUE(TEXT(AK13,"h:mm:ss")),IF($C$6="Laboral",$FZ$4:$GX$227,IF($C$6="Sábado",$FZ$231:$GX$452,$FZ$456:$GX$656)),VLOOKUP($C$4,$HF$2:$HH$99,3,0)+IF(AG$5="Ida",0,1),1),"") | AO13: =IF(AE14<>AE13,AVERAGEIF(AE$9:AE13,AE13,AN$9:AN13),"") | AP13: =IFERROR(IF(AE14<>AE13,AVERAGEIF(AE$9:AE13,AE13,AW$9:AW13),""),"") | AQ13: =IFERROR(IF(AE14<>AE13,AVERAGEIF(AE$9:AE13,AE13,AX$9:AX13),""),"") | AR13: {=IFERROR(IF(AE14<>AE13,_xlfn.STDEV.P(IF(AE$9:AE13=AE13,AX$9:AX13)),""),"")} | AS13: {=IFERROR(IF(AE14<>AE13,_xlfn.STDEV.P(IF(AE$9:AE13=AE13,AW$9:AW13)),""),"")} | AT13: =IFERROR(IF(AE13<>AE14,MAX((((AQ13*24*60)/2)*(1+POWER((((AR13*24*60) / (AQ13*24*60) )),2))) + ((AQ13*24*60 )*-0.1 + (AO13*0.015)) +1,(((AQ13*24*60)/2)*(1+POWER((((AR13*24*60) / (AQ13*24*60 ))),2)))),""),"") | AU13: =IF(AND(AS13<>"",AP13<>""),IF(AE13<>AE14,((AP13*24*60) / 2 ) * (1 + POWER(((AS13*24*60) / (AP13*24*60)),2)),""),"") | AV13: =IF(AU13<>"",MAX(AT13,AU13),"") | AW13: =IF(AM13<>"H. Sale Real",IF(AND(AM14<>"",LEFT(AG14,2)<>"Va"),IF(AND(AM13<>"",LEFT(AG13,2)<>"Va",AM13<>"H. Sale Real"),IF(AM14-AM13<0.208333333333333,AM14-AM13,""),IF(AND(AM12<>"",LEFT(AG12,2)<>"Va",AM12<>"H. Sale Real"),IF(AM14-AM12<0.208333333333333,AM14-AM12,""),IF(AND(AM11<>"",LEFT(AG11,2)<>"Va",AM11<>"H. Sale Real"),IF(AM14-AM11<0.208333333333333,AM14-AM11,""),IF(AND(AM10<>"",LEFT(AG10,2)<>"Va",AM10<>"H. Sale Real"),IF(AM14-AM10<0.208333333333333,AM14-AM10,""),IF(AND(AM9<>"",LEFT(AG9,2)<>"Va",AM9<>"H. Sale Real"),IF(AM14-AM9<0.208333333333333,AM14-AM9,""),""))))),""),"") | AX13: =IF(AK13<>"H. Sale Real",IF(AND(AK14<>"",LEFT(AG14,2)<>"Va"),IF(AND(AK13<>"",LEFT(AG13,2)<>"Va",AK13<>"H. Sale Real"),IF(AK14-AK13<0.208333333333333,AK14-AK13,""),IF(AND(AK12<>"",LEFT(AG12,2)<>"Va",AK12<>"H. Sale Real"),IF(AK14-AK12<0.208333333333333,AK14-AK12,""),IF(AND(AK11<>"",LEFT(AG11,2)<>"NC",AK11<>"H. Sale Real"),IF(AK14-AK11<0.208333333333333,AK14-AK11,""),IF(AND(AK10<>"",LEFT(AG10,2)<>"Va",AK10<>"H. Sale Real"),IF(AK14-AK10<0.208333333333333,AK14-AK10,""),IF(AND(AK9<>"",LEFT(AG9,2)<>"Va",AK9<>"H. Sale Real"),IF(AK14-AK9<0.208333333333333,AK14-AK9,""),""))))),""),"") | BD13: =IF(AK13<>"",IF(AND(BD12<>"IE",AT13<>0,AV13<>""),IF(IFERROR((AT13/AV13),0) <=1,IFERROR(AT13/AV13,""),1),""),"") | BI13: 1 | BJ13: =COUNTIFS($A:$A,$BI13,$C:$C,$BI$11) | BK13: =BJ13-COUNTIFS($A:$A,$BI13,$C:$C,$BI$11,$H:$H,"") | BL13: =IFERROR((BK13/BJ13),"") | BM13: =_xlfn.XLOOKUP(BI13,$A:$A,$R:$R,"0",0,-1) | BN13: =_xlfn.XLOOKUP(BI13,$A:$A,$P:$P,"0",0,-1) | BO13: =_xlfn.XLOOKUP(BI13,$A:$A,$Z:$Z,"",0,-1) | BR13: 1 | BS13: =COUNTIFS($AE:$AE,$BR13,$AG:$AG,$BR$11) | BT13: =BS13-COUNTIFS($AE:$AE,$BR13,$AG:$AG,$BR$11,$AL:$AL,"") | BU13: =IFERROR((BT13/BS13),"") | BV13: =_xlfn.XLOOKUP(BR13,$AE:$AE,$AV:$AV,"0",0,-1) | BW13: =_xlfn.XLOOKUP(BR13,$AE:$AE,$AT:$AT,"0",0,-1) | BX13: =_xlfn.XLOOKUP(BR13,$AE:$AE,$BD:$BD,"",0,-1) | FC13: Diccionario 1 | FD13: 1010 | FE13: D8482769K2PL | FF13: YV3T7U522KA195303 | FG13: Volvo | FH13: B8R | FI13: MARCOPOLO | FJ13: TORINO | FK13: 2019 | FL13: B2PAL | FM13: LOS LIBERTADORES | FN13: Los Liberadores 6450, Lote 4A | FO13: Huechuraba | FP13: B | FS13: 3004 / SFWZ-31| | FT13: SFWZ-31| | FU13: SFWZ-31 | FV13: =VLOOKUP(FU13,FD:FL,9,0) | FZ13: B08 | GA13: 14.46 | GB13: 0 | GC13: 0 | GD13: 0 | GE13: 0 | GF13: 9.73 | GG13: 14.47 | GH13: 12.28 | GI13: 14.715 | GJ13: 16.955 | GK13: 17.62 | GL13: 17.205 | GM13: 16.905 | GN13: 16.73 | GO13: 17.195 | GP13: 16.89 | GQ13: 15.54 | GR13: 12.46 | GS13: 13.01 | GT13: 17.045 | GU13: 20.16 | GV13: 22.21 | GW13: 24.05 | GX13: 26.41 | HA13: 10 | HB13: 7 | HE13: U9 | HF13: B18 | HG13: B18 | HH13: 20 | HL13: AlfaU9 | HM13: B18 | HN13: Santa Marta | HO13: 818
A14: =HOUR(G14)+1 | D14: =IFERROR( IF(AND(OR(Planilla!B14="C",Planilla!B14="c"), VLOOKUP(E14,FD:FP,13,0)="C"), "OK",IF(AND(OR(Planilla!B14="C",Planilla!B14="c"), OR(VLOOKUP(E14,FD:FP,13,0)="B", VLOOKUP(E14,FD:FP,13,0)="A")), "DEFICIT",IF( AND(OR(Planilla!B14="B", Planilla!B14="BPAL"), VLOOKUP(E14,FD:FP,13,0)="B"), "OK",IF(AND(OR(Planilla!B14="B", Planilla!B14="BPAL"), VLOOKUP(E14,FD:FP,13,0)="A"), "DEFICIT",IF(AND(OR(Planilla!B14="B", Planilla!B14="BPAL"), VLOOKUP(E14,FD:FP,13,0)="C"), "SOBREOFERTA",IF(AND(Planilla!B14="A", VLOOKUP(E14,FD:FP,13,0)="A"), "OK",IF( AND(Planilla!B14="A", OR(VLOOKUP(E14,FD:FP,13,0)="B", VLOOKUP(E14,FD:FP,13,0)="C")), "SOBREOFERTA","" ))))))),"") | H14: =IF(I14="","",IF(AND((I14-G14)>=TIME(0,0,0),(I14-G14)<TIME(0,3,0)),"OK",IF(AND((I14-G14)>=TIME(0,3,0),(I14-G14)<TIME(0,5,0)),"RETRASO DE 3-5 MIN",IF(AND((I14-G14)>=TIME(0,5,0),(I14-G14)<TIME(0,10,0)),"RETRASO DE 5-10 MIN",IF((I14-G14)>=TIME(0,10,0),"RETRASO >10 MIN", IF(AND((G14-I14)>=TIME(0,0,0),(G14-I14)<TIME(0,3,0)),"OK",IF((G14-I14)>=TIME(0,3,0),"ADELANTADO"))))))) | J14: =IF(A14<>"",HLOOKUP(VALUE(TEXT(G14,"h:mm:ss")),IF($C$6="Laboral",$FZ$4:$GX$227,IF($C$6="Sábado",$FZ$231:$GX$452,$FZ$456:$GX$656)),VLOOKUP($C$4,$HF$2:$HH$99,3,0)+IF(C$5="Ida",0,1),1),"") | K14: =IF(A15<>A14,AVERAGEIF(A$9:A14,A14,J$9:J14),"") | L14: =IFERROR(IF(A15<>A14,AVERAGEIF(A$9:A14,A14,S$9:S14),""),"") | M14: =IFERROR(IF(A15<>A14,AVERAGEIF(A$9:A14,A14,T$9:T14),""),"") | N14: {=IFERROR(IF(A15<>A14,_xlfn.STDEV.P(IF(A$9:A14=A14,T$9:T14)),""),"")} | O14: {=IFERROR(IF(A15<>A14,_xlfn.STDEV.P(IF(A$9:A14=A14,S$9:S14)),""),"")} | P14: =IFERROR(IF(A14<>A15,MAX((((M14*24*60)/2)*(1+POWER((((N14*24*60) / (M14*24*60) )),2))) + ((M14*24*60 )*-0.1 + (K14*0.015)) +1,(((M14*24*60)/2)*(1+POWER((((N14*24*60) / (M14*24*60 ))),2)))),""),"") | Q14: =IF(AND(O14<>"",L14<>""),IF(A14<>A15,((L14*24*60) / 2 ) * (1 + POWER(((O14*24*60) / (L14*24*60)),2)),""),"") | R14: =IF(Q14<>"",MAX(P14,Q14),"") | S14: =IF(I14<>"H. Sale Real",IF(AND(I15<>"",LEFT(C15,2)<>"Va"),IF(AND(I14<>"",LEFT(C14,2)<>"Va",I14<>"H. Sale Real"),IF(I15-I14<0.208333333333333,I15-I14,""),IF(AND(I13<>"",LEFT(C13,2)<>"Va",I13<>"H. Sale Real"),IF(I15-I13<0.208333333333333,I15-I13,""),IF(AND(I12<>"",LEFT(C12,2)<>"Va",I12<>"H. Sale Real"),IF(I15-I12<0.208333333333333,I15-I12,""),IF(AND(I11<>"",LEFT(C11,2)<>"Va",I11<>"H. Sale Real"),IF(I15-I11<0.208333333333333,I15-I11,""),IF(AND(I10<>"",LEFT(C10,2)<>"Va",I10<>"H. Sale Real"),IF(I15-I10<0.208333333333333,I15-I10,""),""))))),""),"") | T14: =IF(G14<>"H. Sale Real",IF(AND(G15<>"",LEFT(C15,2)<>"Va"),IF(AND(G14<>"",LEFT(C14,2)<>"Va",G14<>"H. Sale Real"),IF(G15-G14<0.208333333333333,G15-G14,""),IF(AND(G13<>"",LEFT(C13,2)<>"Va",G13<>"H. Sale Real"),IF(G15-G13<0.208333333333333,G15-G13,""),IF(AND(G12<>"",LEFT(C12,2)<>"Va",G12<>"H. Sale Real"),IF(G15-G12<0.208333333333333,G15-G12,""),IF(AND(G11<>"",LEFT(C11,2)<>"Va",G11<>"H. Sale Real"),IF(G15-G11<0.208333333333333,G15-G11,""),IF(AND(G10<>"",LEFT(C10,2)<>"Va",G10<>"H. Sale Real"),IF(G15-G10<0.208333333333333,G15-G10,""),""))))),""),"") | Z14: =IF(G14<>"",IF(AND(Z13<>"IE",P14<>0,R14<>""),IF(IFERROR((P14/R14),0) <=1,IFERROR(P14/R14,""),1),""),"") | AE14: =HOUR(AK14)+1 | AL14: =IF(AM14="","",IF(AND((AM14-AK14)>=TIME(0,0,0),(AM14-AK14)<TIME(0,3,0)),"OK",IF(AND((AM14-AK14)>=TIME(0,3,0),(AM14-AK14)<TIME(0,5,0)),"RETRASO DE 3-5 MIN",IF(AND((AM14-AK14)>=TIME(0,5,0),(AM14-AK14)<TIME(0,10,0)),"RETRASO DE 5-10 MIN",IF((AM14-AK14)>=TIME(0,10,0),"RETRASO >10 MIN", IF(AND((AK14-AM14)>=TIME(0,0,0),(AK14-AM14)<TIME(0,3,0)),"OK",IF((AK14-AM14)>=TIME(0,3,0),"ADELANTADO"))))))) | AN14: =IF(AE14<>"",HLOOKUP(VALUE(TEXT(AK14,"h:mm:ss")),IF($C$6="Laboral",$FZ$4:$GX$227,IF($C$6="Sábado",$FZ$231:$GX$452,$FZ$456:$GX$656)),VLOOKUP($C$4,$HF$2:$HH$99,3,0)+IF(AG$5="Ida",0,1),1),"") | AO14: =IF(AE15<>AE14,AVERAGEIF(AE$9:AE14,AE14,AN$9:AN14),"") | AP14: =IFERROR(IF(AE15<>AE14,AVERAGEIF(AE$9:AE14,AE14,AW$9:AW14),""),"") | AQ14: =IFERROR(IF(AE15<>AE14,AVERAGEIF(AE$9:AE14,AE14,AX$9:AX14),""),"") | AR14: {=IFERROR(IF(AE15<>AE14,_xlfn.STDEV.P(IF(AE$9:AE14=AE14,AX$9:AX14)),""),"")} | AS14: {=IFERROR(IF(AE15<>AE14,_xlfn.STDEV.P(IF(AE$9:AE14=AE14,AW$9:AW14)),""),"")} | AT14: =IFERROR(IF(AE14<>AE15,MAX((((AQ14*24*60)/2)*(1+POWER((((AR14*24*60) / (AQ14*24*60) )),2))) + ((AQ14*24*60 )*-0.1 + (AO14*0.015)) +1,(((AQ14*24*60)/2)*(1+POWER((((AR14*24*60) / (AQ14*24*60 ))),2)))),""),"") | AU14: =IF(AND(AS14<>"",AP14<>""),IF(AE14<>AE15,((AP14*24*60) / 2 ) * (1 + POWER(((AS14*24*60) / (AP14*24*60)),2)),""),"") | AV14: =IF(AU14<>"",MAX(AT14,AU14),"") | AW14: =IF(AM14<>"H. Sale Real",IF(AND(AM15<>"",LEFT(AG15,2)<>"Va"),IF(AND(AM14<>"",LEFT(AG14,2)<>"Va",AM14<>"H. Sale Real"),IF(AM15-AM14<0.208333333333333,AM15-AM14,""),IF(AND(AM13<>"",LEFT(AG13,2)<>"Va",AM13<>"H. Sale Real"),IF(AM15-AM13<0.208333333333333,AM15-AM13,""),IF(AND(AM12<>"",LEFT(AG12,2)<>"Va",AM12<>"H. Sale Real"),IF(AM15-AM12<0.208333333333333,AM15-AM12,""),IF(AND(AM11<>"",LEFT(AG11,2)<>"Va",AM11<>"H. Sale Real"),IF(AM15-AM11<0.208333333333333,AM15-AM11,""),IF(AND(AM10<>"",LEFT(AG10,2)<>"Va",AM10<>"H. Sale Real"),IF(AM15-AM10<0.208333333333333,AM15-AM10,""),""))))),""),"") | AX14: =IF(AK14<>"H. Sale Real",IF(AND(AK15<>"",LEFT(AG15,2)<>"Va"),IF(AND(AK14<>"",LEFT(AG14,2)<>"Va",AK14<>"H. Sale Real"),IF(AK15-AK14<0.208333333333333,AK15-AK14,""),IF(AND(AK13<>"",LEFT(AG13,2)<>"Va",AK13<>"H. Sale Real"),IF(AK15-AK13<0.208333333333333,AK15-AK13,""),IF(AND(AK12<>"",LEFT(AG12,2)<>"NC",AK12<>"H. Sale Real"),IF(AK15-AK12<0.208333333333333,AK15-AK12,""),IF(AND(AK11<>"",LEFT(AG11,2)<>"Va",AK11<>"H. Sale Real"),IF(AK15-AK11<0.208333333333333,AK15-AK11,""),IF(AND(AK10<>"",LEFT(AG10,2)<>"Va",AK10<>"H. Sale Real"),IF(AK15-AK10<0.208333333333333,AK15-AK10,""),""))))),""),"") | BD14: =IF(AK14<>"",IF(AND(BD13<>"IE",AT14<>0,AV14<>""),IF(IFERROR((AT14/AV14),0) <=1,IFERROR(AT14/AV14,""),1),""),"") | BI14: 2 | BJ14: =COUNTIFS($A:$A,$BI14,$C:$C,$BI$11) | BK14: =BJ14-COUNTIFS($A:$A,$BI14,$C:$C,$BI$11,$H:$H,"") | BL14: =IFERROR((BK14/BJ14),"") | BM14: =_xlfn.XLOOKUP(BI14,$A:$A,$R:$R,"0",0,-1) | BN14: =_xlfn.XLOOKUP(BI14,$A:$A,$P:$P,"0",0,-1) | BO14: =_xlfn.XLOOKUP(BI14,$A:$A,$Z:$Z,"",0,-1) | BR14: 2 | BS14: =COUNTIFS($AE:$AE,$BR14,$AG:$AG,$BR$11) | BT14: =BS14-COUNTIFS($AE:$AE,$BR14,$AG:$AG,$BR$11,$AL:$AL,"") | BU14: =IFERROR((BT14/BS14),"") | BV14: =_xlfn.XLOOKUP(BR14,$AE:$AE,$AV:$AV,"0",0,-1) | BW14: =_xlfn.XLOOKUP(BR14,$AE:$AE,$AT:$AT,"0",0,-1) | BX14: =_xlfn.XLOOKUP(BR14,$AE:$AE,$BD:$BD,"",0,-1) | FC14: Diccionario 1 | FD14: 1011 | FE14: D8478205K2PL | FF14: YV3T7U520KA195140 | FG14: Volvo | FH14: B8R | FI14: MARCOPOLO | FJ14: TORINO | FK14: 2019 | FL14: B2PAL | FM14: LOS LIBERTADORES | FN14: Los Liberadores 6450, Lote 4A | FO14: Huechuraba | FP14: B | FS14: 3005 / SFWZ-39| | FT14: SFWZ-39| | FU14: SFWZ-39 | FV14: =VLOOKUP(FU14,FD:FL,9,0) | FZ14: B08 | GA14: 0 | GB14: 0 | GC14: 0 | GD14: 0 | GE14: 14.545 | GF14: 26.045 | GG14: 18.89 | GH14: 13.08 | GI14: 16.9 | GJ14: 18.97 | GK14: 18.605 | GL14: 18.11 | GM14: 17.29 | GN14: 17.27 | GO14: 17.1 | GP14: 16.02 | GQ14: 15.145 | GR14: 13.705 | GS14: 13.455 | GT14: 16.795 | GU14: 19.67 | GV14: 21.5 | GW14: 23.315 | GX14: 26.9 | HA14: 11 | HB14: 8 | HE14: U9 | HF14: B20 | HG14: B20 | HH14: 24 | HL14: AlfaU9 | HM14: B20 | HN14: El Retiro | HO14: 820
A15: =HOUR(G15)+1 | D15: =IFERROR( IF(AND(OR(Planilla!B15="C",Planilla!B15="c"), VLOOKUP(E15,FD:FP,13,0)="C"), "OK",IF(AND(OR(Planilla!B15="C",Planilla!B15="c"), OR(VLOOKUP(E15,FD:FP,13,0)="B", VLOOKUP(E15,FD:FP,13,0)="A")), "DEFICIT",IF( AND(OR(Planilla!B15="B", Planilla!B15="BPAL"), VLOOKUP(E15,FD:FP,13,0)="B"), "OK",IF(AND(OR(Planilla!B15="B", Planilla!B15="BPAL"), VLOOKUP(E15,FD:FP,13,0)="A"), "DEFICIT",IF(AND(OR(Planilla!B15="B", Planilla!B15="BPAL"), VLOOKUP(E15,FD:FP,13,0)="C"), "SOBREOFERTA",IF(AND(Planilla!B15="A", VLOOKUP(E15,FD:FP,13,0)="A"), "OK",IF( AND(Planilla!B15="A", OR(VLOOKUP(E15,FD:FP,13,0)="B", VLOOKUP(E15,FD:FP,13,0)="C")), "SOBREOFERTA","" ))))))),"") | H15: =IF(I15="","",IF(AND((I15-G15)>=TIME(0,0,0),(I15-G15)<TIME(0,3,0)),"OK",IF(AND((I15-G15)>=TIME(0,3,0),(I15-G15)<TIME(0,5,0)),"RETRASO DE 3-5 MIN",IF(AND((I15-G15)>=TIME(0,5,0),(I15-G15)<TIME(0,10,0)),"RETRASO DE 5-10 MIN",IF((I15-G15)>=TIME(0,10,0),"RETRASO >10 MIN", IF(AND((G15-I15)>=TIME(0,0,0),(G15-I15)<TIME(0,3,0)),"OK",IF((G15-I15)>=TIME(0,3,0),"ADELANTADO"))))))) | J15: =IF(A15<>"",HLOOKUP(VALUE(TEXT(G15,"h:mm:ss")),IF($C$6="Laboral",$FZ$4:$GX$227,IF($C$6="Sábado",$FZ$231:$GX$452,$FZ$456:$GX$656)),VLOOKUP($C$4,$HF$2:$HH$99,3,0)+IF(C$5="Ida",0,1),1),"") | K15: =IF(A16<>A15,AVERAGEIF(A$9:A15,A15,J$9:J15),"") | L15: =IFERROR(IF(A16<>A15,AVERAGEIF(A$9:A15,A15,S$9:S15),""),"") | M15: =IFERROR(IF(A16<>A15,AVERAGEIF(A$9:A15,A15,T$9:T15),""),"") | N15: {=IFERROR(IF(A16<>A15,_xlfn.STDEV.P(IF(A$9:A15=A15,T$9:T15)),""),"")} | O15: {=IFERROR(IF(A16<>A15,_xlfn.STDEV.P(IF(A$9:A15=A15,S$9:S15)),""),"")} | P15: =IFERROR(IF(A15<>A16,MAX((((M15*24*60)/2)*(1+POWER((((N15*24*60) / (M15*24*60) )),2))) + ((M15*24*60 )*-0.1 + (K15*0.015)) +1,(((M15*24*60)/2)*(1+POWER((((N15*24*60) / (M15*24*60 ))),2)))),""),"") | Q15: =IF(AND(O15<>"",L15<>""),IF(A15<>A16,((L15*24*60) / 2 ) * (1 + POWER(((O15*24*60) / (L15*24*60)),2)),""),"") | R15: =IF(Q15<>"",MAX(P15,Q15),"") | S15: =IF(I15<>"H. Sale Real",IF(AND(I16<>"",LEFT(C16,2)<>"Va"),IF(AND(I15<>"",LEFT(C15,2)<>"Va",I15<>"H. Sale Real"),IF(I16-I15<0.208333333333333,I16-I15,""),IF(AND(I14<>"",LEFT(C14,2)<>"Va",I14<>"H. Sale Real"),IF(I16-I14<0.208333333333333,I16-I14,""),IF(AND(I13<>"",LEFT(C13,2)<>"Va",I13<>"H. Sale Real"),IF(I16-I13<0.208333333333333,I16-I13,""),IF(AND(I12<>"",LEFT(C12,2)<>"Va",I12<>"H. Sale Real"),IF(I16-I12<0.208333333333333,I16-I12,""),IF(AND(I11<>"",LEFT(C11,2)<>"Va",I11<>"H. Sale Real"),IF(I16-I11<0.208333333333333,I16-I11,""),""))))),""),"") | T15: =IF(G15<>"H. Sale Real",IF(AND(G16<>"",LEFT(C16,2)<>"Va"),IF(AND(G15<>"",LEFT(C15,2)<>"Va",G15<>"H. Sale Real"),IF(G16-G15<0.208333333333333,G16-G15,""),IF(AND(G14<>"",LEFT(C14,2)<>"Va",G14<>"H. Sale Real"),IF(G16-G14<0.208333333333333,G16-G14,""),IF(AND(G13<>"",LEFT(C13,2)<>"Va",G13<>"H. Sale Real"),IF(G16-G13<0.208333333333333,G16-G13,""),IF(AND(G12<>"",LEFT(C12,2)<>"Va",G12<>"H. Sale Real"),IF(G16-G12<0.208333333333333,G16-G12,""),IF(AND(G11<>"",LEFT(C11,2)<>"Va",G11<>"H. Sale Real"),IF(G16-G11<0.208333333333333,G16-G11,""),""))))),""),"") | Z15: =IF(G15<>"",IF(AND(Z14<>"IE",P15<>0,R15<>""),IF(IFERROR((P15/R15),0) <=1,IFERROR(P15/R15,""),1),""),"") | AE15: =HOUR(AK15)+1 | AL15: =IF(AM15="","",IF(AND((AM15-AK15)>=TIME(0,0,0),(AM15-AK15)<TIME(0,3,0)),"OK",IF(AND((AM15-AK15)>=TIME(0,3,0),(AM15-AK15)<TIME(0,5,0)),"RETRASO DE 3-5 MIN",IF(AND((AM15-AK15)>=TIME(0,5,0),(AM15-AK15)<TIME(0,10,0)),"RETRASO DE 5-10 MIN",IF((AM15-AK15)>=TIME(0,10,0),"RETRASO >10 MIN", IF(AND((AK15-AM15)>=TIME(0,0,0),(AK15-AM15)<TIME(0,3,0)),"OK",IF((AK15-AM15)>=TIME(0,3,0),"ADELANTADO"))))))) | AN15: =IF(AE15<>"",HLOOKUP(VALUE(TEXT(AK15,"h:mm:ss")),IF($C$6="Laboral",$FZ$4:$GX$227,IF($C$6="Sábado",$FZ$231:$GX$452,$FZ$456:$GX$656)),VLOOKUP($C$4,$HF$2:$HH$99,3,0)+IF(AG$5="Ida",0,1),1),"") | AO15: =IF(AE16<>AE15,AVERAGEIF(AE$9:AE15,AE15,AN$9:AN15),"") | AP15: =IFERROR(IF(AE16<>AE15,AVERAGEIF(AE$9:AE15,AE15,AW$9:AW15),""),"") | AQ15: =IFERROR(IF(AE16<>AE15,AVERAGEIF(AE$9:AE15,AE15,AX$9:AX15),""),"") | AR15: {=IFERROR(IF(AE16<>AE15,_xlfn.STDEV.P(IF(AE$9:AE15=AE15,AX$9:AX15)),""),"")} | AS15: {=IFERROR(IF(AE16<>AE15,_xlfn.STDEV.P(IF(AE$9:AE15=AE15,AW$9:AW15)),""),"")} | AT15: =IFERROR(IF(AE15<>AE16,MAX((((AQ15*24*60)/2)*(1+POWER((((AR15*24*60) / (AQ15*24*60) )),2))) + ((AQ15*24*60 )*-0.1 + (AO15*0.015)) +1,(((AQ15*24*60)/2)*(1+POWER((((AR15*24*60) / (AQ15*24*60 ))),2)))),""),"") | AU15: =IF(AND(AS15<>"",AP15<>""),IF(AE15<>AE16,((AP15*24*60) / 2 ) * (1 + POWER(((AS15*24*60) / (AP15*24*60)),2)),""),"") | AV15: =IF(AU15<>"",MAX(AT15,AU15),"") | AW15: =IF(AM15<>"H. Sale Real",IF(AND(AM16<>"",LEFT(AG16,2)<>"Va"),IF(AND(AM15<>"",LEFT(AG15,2)<>"Va",AM15<>"H. Sale Real"),IF(AM16-AM15<0.208333333333333,AM16-AM15,""),IF(AND(AM14<>"",LEFT(AG14,2)<>"Va",AM14<>"H. Sale Real"),IF(AM16-AM14<0.208333333333333,AM16-AM14,""),IF(AND(AM13<>"",LEFT(AG13,2)<>"Va",AM13<>"H. Sale Real"),IF(AM16-AM13<0.208333333333333,AM16-AM13,""),IF(AND(AM12<>"",LEFT(AG12,2)<>"Va",AM12<>"H. Sale Real"),IF(AM16-AM12<0.208333333333333,AM16-AM12,""),IF(AND(AM11<>"",LEFT(AG11,2)<>"Va",AM11<>"H. Sale Real"),IF(AM16-AM11<0.208333333333333,AM16-AM11,""),""))))),""),"") | AX15: =IF(AK15<>"H. Sale Real",IF(AND(AK16<>"",LEFT(AG16,2)<>"Va"),IF(AND(AK15<>"",LEFT(AG15,2)<>"Va",AK15<>"H. Sale Real"),IF(AK16-AK15<0.208333333333333,AK16-AK15,""),IF(AND(AK14<>"",LEFT(AG14,2)<>"Va",AK14<>"H. Sale Real"),IF(AK16-AK14<0.208333333333333,AK16-AK14,""),IF(AND(AK13<>"",LEFT(AG13,2)<>"NC",AK13<>"H. Sale Real"),IF(AK16-AK13<0.208333333333333,AK16-AK13,""),IF(AND(AK12<>"",LEFT(AG12,2)<>"Va",AK12<>"H. Sale Real"),IF(AK16-AK12<0.208333333333333,AK16-AK12,""),IF(AND(AK11<>"",LEFT(AG11,2)<>"Va",AK11<>"H. Sale Real"),IF(AK16-AK11<0.208333333333333,AK16-AK11,""),""))))),""),"") | BD15: =IF(AK15<>"",IF(AND(BD14<>"IE",AT15<>0,AV15<>""),IF(IFERROR((AT15/AV15),0) <=1,IFERROR(AT15/AV15,""),1),""),"") | BI15: 3 | BJ15: =COUNTIFS($A:$A,$BI15,$C:$C,$BI$11) | BK15: =BJ15-COUNTIFS($A:$A,$BI15,$C:$C,$BI$11,$H:$H,"") | BL15: =IFERROR((BK15/BJ15),"") | BM15: =_xlfn.XLOOKUP(BI15,$A:$A,$R:$R,"0",0,-1) | BN15: =_xlfn.XLOOKUP(BI15,$A:$A,$P:$P,"0",0,-1) | BO15: =_xlfn.XLOOKUP(BI15,$A:$A,$Z:$Z,"",0,-1) | BR15: 3 | BS15: =COUNTIFS($AE:$AE,$BR15,$AG:$AG,$BR$11) | BT15: =BS15-COUNTIFS($AE:$AE,$BR15,$AG:$AG,$BR$11,$AL:$AL,"") | BU15: =IFERROR((BT15/BS15),"") | BV15: =_xlfn.XLOOKUP(BR15,$AE:$AE,$AV:$AV,"0",0,-1) | BW15: =_xlfn.XLOOKUP(BR15,$AE:$AE,$AT:$AT,"0",0,-1) | BX15: =_xlfn.XLOOKUP(BR15,$AE:$AE,$BD:$BD,"",0,-1) | FC15: Diccionario 1 | FD15: 1012 | FE15: D8481556K2PL | FF15: YV3T7U521KA195177 | FG15: Volvo | FH15: B8R | FI15: MARCOPOLO | FJ15: TORINO | FK15: 2019 | FL15: B2PAL | FM15: SAN JOSE | FN15: San José 030 (José Besa 669) | FO15: San Bernardo | FP15: B | FS15: 3005 / SFWZ-39| | FT15: SFWZ-39| | FU15: SFWZ-39 | FV15: =VLOOKUP(FU15,FD:FL,9,0) | FZ15: B09 | GA15: 0 | GB15: 0 | GC15: 0 | GD15: 0 | GE15: 13.245 | GF15: 23.725 | GG15: 18.46 | GH15: 17.055 | GI15: 20.3 | GJ15: 21.73 | GK15: 21.455 | GL15: 20.605 | GM15: 19.165 | GN15: 18.745 | GO15: 18.565 | GP15: 17.68 | GQ15: 17.115 | GR15: 16.725 | GS15: 18.5 | GT15: 21.01 | GU15: 23.135 | GV15: 25.075 | GW15: 26.45 | GX15: 0 | HA15: 12 | HB15: 9 | HE15: U9 | HF15: 722 | HG15: 722 | HH15: 25 | HL15: AlfaU9 | HM15: 722 | HN15: Santa Marta | HO15: 822
A16: =HOUR(G16)+1 | D16: =IFERROR( IF(AND(OR(Planilla!B16="C",Planilla!B16="c"), VLOOKUP(E16,FD:FP,13,0)="C"), "OK",IF(AND(OR(Planilla!B16="C",Planilla!B16="c"), OR(VLOOKUP(E16,FD:FP,13,0)="B", VLOOKUP(E16,FD:FP,13,0)="A")), "DEFICIT",IF( AND(OR(Planilla!B16="B", Planilla!B16="BPAL"), VLOOKUP(E16,FD:FP,13,0)="B"), "OK",IF(AND(OR(Planilla!B16="B", Planilla!B16="BPAL"), VLOOKUP(E16,FD:FP,13,0)="A"), "DEFICIT",IF(AND(OR(Planilla!B16="B", Planilla!B16="BPAL"), VLOOKUP(E16,FD:FP,13,0)="C"), "SOBREOFERTA",IF(AND(Planilla!B16="A", VLOOKUP(E16,FD:FP,13,0)="A"), "OK",IF( AND(Planilla!B16="A", OR(VLOOKUP(E16,FD:FP,13,0)="B", VLOOKUP(E16,FD:FP,13,0)="C")), "SOBREOFERTA","" ))))))),"") | H16: =IF(I16="","",IF(AND((I16-G16)>=TIME(0,0,0),(I16-G16)<TIME(0,3,0)),"OK",IF(AND((I16-G16)>=TIME(0,3,0),(I16-G16)<TIME(0,5,0)),"RETRASO DE 3-5 MIN",IF(AND((I16-G16)>=TIME(0,5,0),(I16-G16)<TIME(0,10,0)),"RETRASO DE 5-10 MIN",IF((I16-G16)>=TIME(0,10,0),"RETRASO >10 MIN", IF(AND((G16-I16)>=TIME(0,0,0),(G16-I16)<TIME(0,3,0)),"OK",IF((G16-I16)>=TIME(0,3,0),"ADELANTADO"))))))) | J16: =IF(A16<>"",HLOOKUP(VALUE(TEXT(G16,"h:mm:ss")),IF($C$6="Laboral",$FZ$4:$GX$227,IF($C$6="Sábado",$FZ$231:$GX$452,$FZ$456:$GX$656)),VLOOKUP($C$4,$HF$2:$HH$99,3,0)+IF(C$5="Ida",0,1),1),"") | K16: =IF(A17<>A16,AVERAGEIF(A$9:A16,A16,J$9:J16),"") | L16: =IFERROR(IF(A17<>A16,AVERAGEIF(A$9:A16,A16,S$9:S16),""),"") | M16: =IFERROR(IF(A17<>A16,AVERAGEIF(A$9:A16,A16,T$9:T16),""),"") | N16: {=IFERROR(IF(A17<>A16,_xlfn.STDEV.P(IF(A$9:A16=A16,T$9:T16)),""),"")} | O16: {=IFERROR(IF(A17<>A16,_xlfn.STDEV.P(IF(A$9:A16=A16,S$9:S16)),""),"")} | P16: =IFERROR(IF(A16<>A17,MAX((((M16*24*60)/2)*(1+POWER((((N16*24*60) / (M16*24*60) )),2))) + ((M16*24*60 )*-0.1 + (K16*0.015)) +1,(((M16*24*60)/2)*(1+POWER((((N16*24*60) / (M16*24*60 ))),2)))),""),"") | Q16: =IF(AND(O16<>"",L16<>""),IF(A16<>A17,((L16*24*60) / 2 ) * (1 + POWER(((O16*24*60) / (L16*24*60)),2)),""),"") | R16: =IF(Q16<>"",MAX(P16,Q16),"") | S16: =IF(I16<>"H. Sale Real",IF(AND(I17<>"",LEFT(C17,2)<>"Va"),IF(AND(I16<>"",LEFT(C16,2)<>"Va",I16<>"H. Sale Real"),IF(I17-I16<0.208333333333333,I17-I16,""),IF(AND(I15<>"",LEFT(C15,2)<>"Va",I15<>"H. Sale Real"),IF(I17-I15<0.208333333333333,I17-I15,""),IF(AND(I14<>"",LEFT(C14,2)<>"Va",I14<>"H. Sale Real"),IF(I17-I14<0.208333333333333,I17-I14,""),IF(AND(I13<>"",LEFT(C13,2)<>"Va",I13<>"H. Sale Real"),IF(I17-I13<0.208333333333333,I17-I13,""),IF(AND(I12<>"",LEFT(C12,2)<>"Va",I12<>"H. Sale Real"),IF(I17-I12<0.208333333333333,I17-I12,""),""))))),""),"") | T16: =IF(G16<>"H. Sale Real",IF(AND(G17<>"",LEFT(C17,2)<>"Va"),IF(AND(G16<>"",LEFT(C16,2)<>"Va",G16<>"H. Sale Real"),IF(G17-G16<0.208333333333333,G17-G16,""),IF(AND(G15<>"",LEFT(C15,2)<>"Va",G15<>"H. Sale Real"),IF(G17-G15<0.208333333333333,G17-G15,""),IF(AND(G14<>"",LEFT(C14,2)<>"Va",G14<>"H. Sale Real"),IF(G17-G14<0.208333333333333,G17-G14,""),IF(AND(G13<>"",LEFT(C13,2)<>"Va",G13<>"H. Sale Real"),IF(G17-G13<0.208333333333333,G17-G13,""),IF(AND(G12<>"",LEFT(C12,2)<>"Va",G12<>"H. Sale Real"),IF(G17-G12<0.208333333333333,G17-G12,""),""))))),""),"") | Z16: =IF(G16<>"",IF(AND(Z15<>"IE",P16<>0,R16<>""),IF(IFERROR((P16/R16),0) <=1,IFERROR(P16/R16,""),1),""),"") | AE16: =HOUR(AK16)+1 | AL16: =IF(AM16="","",IF(AND((AM16-AK16)>=TIME(0,0,0),(AM16-AK16)<TIME(0,3,0)),"OK",IF(AND((AM16-AK16)>=TIME(0,3,0),(AM16-AK16)<TIME(0,5,0)),"RETRASO DE 3-5 MIN",IF(AND((AM16-AK16)>=TIME(0,5,0),(AM16-AK16)<TIME(0,10,0)),"RETRASO DE 5-10 MIN",IF((AM16-AK16)>=TIME(0,10,0),"RETRASO >10 MIN", IF(AND((AK16-AM16)>=TIME(0,0,0),(AK16-AM16)<TIME(0,3,0)),"OK",IF((AK16-AM16)>=TIME(0,3,0),"ADELANTADO"))))))) | AN16: =IF(AE16<>"",HLOOKUP(VALUE(TEXT(AK16,"h:mm:ss")),IF($C$6="Laboral",$FZ$4:$GX$227,IF($C$6="Sábado",$FZ$231:$GX$452,$FZ$456:$GX$656)),VLOOKUP($C$4,$HF$2:$HH$99,3,0)+IF(AG$5="Ida",0,1),1),"") | AO16: =IF(AE17<>AE16,AVERAGEIF(AE$9:AE16,AE16,AN$9:AN16),"") | AP16: =IFERROR(IF(AE17<>AE16,AVERAGEIF(AE$9:AE16,AE16,AW$9:AW16),""),"") | AQ16: =IFERROR(IF(AE17<>AE16,AVERAGEIF(AE$9:AE16,AE16,AX$9:AX16),""),"") | AR16: {=IFERROR(IF(AE17<>AE16,_xlfn.STDEV.P(IF(AE$9:AE16=AE16,AX$9:AX16)),""),"")} | AS16: {=IFERROR(IF(AE17<>AE16,_xlfn.STDEV.P(IF(AE$9:AE16=AE16,AW$9:AW16)),""),"")} | AT16: =IFERROR(IF(AE16<>AE17,MAX((((AQ16*24*60)/2)*(1+POWER((((AR16*24*60) / (AQ16*24*60) )),2))) + ((AQ16*24*60 )*-0.1 + (AO16*0.015)) +1,(((AQ16*24*60)/2)*(1+POWER((((AR16*24*60) / (AQ16*24*60 ))),2)))),""),"") | AU16: =IF(AND(AS16<>"",AP16<>""),IF(AE16<>AE17,((AP16*24*60) / 2 ) * (1 + POWER(((AS16*24*60) / (AP16*24*60)),2)),""),"") | AV16: =IF(AU16<>"",MAX(AT16,AU16),"") | AW16: =IF(AM16<>"H. Sale Real",IF(AND(AM17<>"",LEFT(AG17,2)<>"Va"),IF(AND(AM16<>"",LEFT(AG16,2)<>"Va",AM16<>"H. Sale Real"),IF(AM17-AM16<0.208333333333333,AM17-AM16,""),IF(AND(AM15<>"",LEFT(AG15,2)<>"Va",AM15<>"H. Sale Real"),IF(AM17-AM15<0.208333333333333,AM17-AM15,""),IF(AND(AM14<>"",LEFT(AG14,2)<>"Va",AM14<>"H. Sale Real"),IF(AM17-AM14<0.208333333333333,AM17-AM14,""),IF(AND(AM13<>"",LEFT(AG13,2)<>"Va",AM13<>"H. Sale Real"),IF(AM17-AM13<0.208333333333333,AM17-AM13,""),IF(AND(AM12<>"",LEFT(AG12,2)<>"Va",AM12<>"H. Sale Real"),IF(AM17-AM12<0.208333333333333,AM17-AM12,""),""))))),""),"") | AX16: =IF(AK16<>"H. Sale Real",IF(AND(AK17<>"",LEFT(AG17,2)<>"Va"),IF(AND(AK16<>"",LEFT(AG16,2)<>"Va",AK16<>"H. Sale Real"),IF(AK17-AK16<0.208333333333333,AK17-AK16,""),IF(AND(AK15<>"",LEFT(AG15,2)<>"Va",AK15<>"H. Sale Real"),IF(AK17-AK15<0.208333333333333,AK17-AK15,""),IF(AND(AK14<>"",LEFT(AG14,2)<>"NC",AK14<>"H. Sale Real"),IF(AK17-AK14<0.208333333333333,AK17-AK14,""),IF(AND(AK13<>"",LEFT(AG13,2)<>"Va",AK13<>"H. Sale Real"),IF(AK17-AK13<0.208333333333333,AK17-AK13,""),IF(AND(AK12<>"",LEFT(AG12,2)<>"Va",AK12<>"H. Sale Real"),IF(AK17-AK12<0.208333333333333,AK17-AK12,""),""))))),""),"") | BD16: =IF(AK16<>"",IF(AND(BD15<>"IE",AT16<>0,AV16<>""),IF(IFERROR((AT16/AV16),0) <=1,IFERROR(AT16/AV16,""),1),""),"") | BI16: 4 | BJ16: =COUNTIFS($A:$A,$BI16,$C:$C,$BI$11) | BK16: =BJ16-COUNTIFS($A:$A,$BI16,$C:$C,$BI$11,$H:$H,"") | BL16: =IFERROR((BK16/BJ16),"") | BM16: =_xlfn.XLOOKUP(BI16,$A:$A,$R:$R,"0",0,-1) | BN16: =_xlfn.XLOOKUP(BI16,$A:$A,$P:$P,"0",0,-1) | BO16: =_xlfn.XLOOKUP(BI16,$A:$A,$Z:$Z,"",0,-1) | BR16: 4 | BS16: =COUNTIFS($AE:$AE,$BR16,$AG:$AG,$BR$11) | BT16: =BS16-COUNTIFS($AE:$AE,$BR16,$AG:$AG,$BR$11,$AL:$AL,"") | BU16: =IFERROR((BT16/BS16),"") | BV16: =_xlfn.XLOOKUP(BR16,$AE:$AE,$AV:$AV,"0",0,-1) | BW16: =_xlfn.XLOOKUP(BR16,$AE:$AE,$AT:$AT,"0",0,-1) | BX16: =_xlfn.XLOOKUP(BR16,$AE:$AE,$BD:$BD,"",0,-1) | FC16: Diccionario 1 | FD16: 1013 | FE16: D8482482K2PL | FF16: YV3T7U523KA195326 | FG16: Volvo | FH16: B8R | FI16: MARCOPOLO | FJ16: TORINO | FK16: 2019 | FL16: B2PAL | FM16: LOS LIBERTADORES | FN16: Los Liberadores 6450, Lote 4A | FO16: Huechuraba | FP16: B | FS16: 3005 / SFWZ-39| | FT16: SFWZ-39| | FU16: SFWZ-39 | FV16: =VLOOKUP(FU16,FD:FL,9,0) | FZ16: B10 | GA16: 0 | GB16: 0 | GC16: 0 | GD16: 0 | GE16: 0 | GF16: 9.58 | GG16: 15.145 | GH16: 12.605 | GI16: 14.385 | GJ16: 15.19 | GK16: 15.085 | GL16: 14.8 | GM16: 14.43 | GN16: 14.59 | GO16: 14.42 | GP16: 13.86 | GQ16: 12.755 | GR16: 11.79 | GS16: 12.895 | GT16: 14.885 | GU16: 16.585 | GV16: 17.96 | GW16: 20.45 | GX16: 23.575 | HA16: 13 | HB16: 10 | HE16: U9 | HF16: B24 | HG16: B24 | HH16: 27 | HL16: AlfaU9 | HM16: B24 | HN16: Condell | HO16: 824
A17: =HOUR(G17)+1 | D17: =IFERROR( IF(AND(OR(Planilla!B17="C",Planilla!B17="c"), VLOOKUP(E17,FD:FP,13,0)="C"), "OK",IF(AND(OR(Planilla!B17="C",Planilla!B17="c"), OR(VLOOKUP(E17,FD:FP,13,0)="B", VLOOKUP(E17,FD:FP,13,0)="A")), "DEFICIT",IF( AND(OR(Planilla!B17="B", Planilla!B17="BPAL"), VLOOKUP(E17,FD:FP,13,0)="B"), "OK",IF(AND(OR(Planilla!B17="B", Planilla!B17="BPAL"), VLOOKUP(E17,FD:FP,13,0)="A"), "DEFICIT",IF(AND(OR(Planilla!B17="B", Planilla!B17="BPAL"), VLOOKUP(E17,FD:FP,13,0)="C"), "SOBREOFERTA",IF(AND(Planilla!B17="A", VLOOKUP(E17,FD:FP,13,0)="A"), "OK",IF( AND(Planilla!B17="A", OR(VLOOKUP(E17,FD:FP,13,0)="B", VLOOKUP(E17,FD:FP,13,0)="C")), "SOBREOFERTA","" ))))))),"") | H17: =IF(I17="","",IF(AND((I17-G17)>=TIME(0,0,0),(I17-G17)<TIME(0,3,0)),"OK",IF(AND((I17-G17)>=TIME(0,3,0),(I17-G17)<TIME(0,5,0)),"RETRASO DE 3-5 MIN",IF(AND((I17-G17)>=TIME(0,5,0),(I17-G17)<TIME(0,10,0)),"RETRASO DE 5-10 MIN",IF((I17-G17)>=TIME(0,10,0),"RETRASO >10 MIN", IF(AND((G17-I17)>=TIME(0,0,0),(G17-I17)<TIME(0,3,0)),"OK",IF((G17-I17)>=TIME(0,3,0),"ADELANTADO"))))))) | J17: =IF(A17<>"",HLOOKUP(VALUE(TEXT(G17,"h:mm:ss")),IF($C$6="Laboral",$FZ$4:$GX$227,IF($C$6="Sábado",$FZ$231:$GX$452,$FZ$456:$GX$656)),VLOOKUP($C$4,$HF$2:$HH$99,3,0)+IF(C$5="Ida",0,1),1),"") | K17: =IF(A18<>A17,AVERAGEIF(A$9:A17,A17,J$9:J17),"") | L17: =IFERROR(IF(A18<>A17,AVERAGEIF(A$9:A17,A17,S$9:S17),""),"") | M17: =IFERROR(IF(A18<>A17,AVERAGEIF(A$9:A17,A17,T$9:T17),""),"") | N17: {=IFERROR(IF(A18<>A17,_xlfn.STDEV.P(IF(A$9:A17=A17,T$9:T17)),""),"")} | O17: {=IFERROR(IF(A18<>A17,_xlfn.STDEV.P(IF(A$9:A17=A17,S$9:S17)),""),"")} | P17: =IFERROR(IF(A17<>A18,MAX((((M17*24*60)/2)*(1+POWER((((N17*24*60) / (M17*24*60) )),2))) + ((M17*24*60 )*-0.1 + (K17*0.015)) +1,(((M17*24*60)/2)*(1+POWER((((N17*24*60) / (M17*24*60 ))),2)))),""),"") | Q17: =IF(AND(O17<>"",L17<>""),IF(A17<>A18,((L17*24*60) / 2 ) * (1 + POWER(((O17*24*60) / (L17*24*60)),2)),""),"") | R17: =IF(Q17<>"",MAX(P17,Q17),"") | S17: =IF(I17<>"H. Sale Real",IF(AND(I18<>"",LEFT(C18,2)<>"Va"),IF(AND(I17<>"",LEFT(C17,2)<>"Va",I17<>"H. Sale Real"),IF(I18-I17<0.208333333333333,I18-I17,""),IF(AND(I16<>"",LEFT(C16,2)<>"Va",I16<>"H. Sale Real"),IF(I18-I16<0.208333333333333,I18-I16,""),IF(AND(I15<>"",LEFT(C15,2)<>"Va",I15<>"H. Sale Real"),IF(I18-I15<0.208333333333333,I18-I15,""),IF(AND(I14<>"",LEFT(C14,2)<>"Va",I14<>"H. Sale Real"),IF(I18-I14<0.208333333333333,I18-I14,""),IF(AND(I13<>"",LEFT(C13,2)<>"Va",I13<>"H. Sale Real"),IF(I18-I13<0.208333333333333,I18-I13,""),""))))),""),"") | T17: =IF(G17<>"H. Sale Real",IF(AND(G18<>"",LEFT(C18,2)<>"Va"),IF(AND(G17<>"",LEFT(C17,2)<>"Va",G17<>"H. Sale Real"),IF(G18-G17<0.208333333333333,G18-G17,""),IF(AND(G16<>"",LEFT(C16,2)<>"Va",G16<>"H. Sale Real"),IF(G18-G16<0.208333333333333,G18-G16,""),IF(AND(G15<>"",LEFT(C15,2)<>"Va",G15<>"H. Sale Real"),IF(G18-G15<0.208333333333333,G18-G15,""),IF(AND(G14<>"",LEFT(C14,2)<>"Va",G14<>"H. Sale Real"),IF(G18-G14<0.208333333333333,G18-G14,""),IF(AND(G13<>"",LEFT(C13,2)<>"Va",G13<>"H. Sale Real"),IF(G18-G13<0.208333333333333,G18-G13,""),""))))),""),"") | Z17: =IF(G17<>"",IF(AND(Z16<>"IE",P17<>0,R17<>""),IF(IFERROR((P17/R17),0) <=1,IFERROR(P17/R17,""),1),""),"") | AE17: =HOUR(AK17)+1 | AL17: =IF(AM17="","",IF(AND((AM17-AK17)>=TIME(0,0,0),(AM17-AK17)<TIME(0,3,0)),"OK",IF(AND((AM17-AK17)>=TIME(0,3,0),(AM17-AK17)<TIME(0,5,0)),"RETRASO DE 3-5 MIN",IF(AND((AM17-AK17)>=TIME(0,5,0),(AM17-AK17)<TIME(0,10,0)),"RETRASO DE 5-10 MIN",IF((AM17-AK17)>=TIME(0,10,0),"RETRASO >10 MIN", IF(AND((AK17-AM17)>=TIME(0,0,0),(AK17-AM17)<TIME(0,3,0)),"OK",IF((AK17-AM17)>=TIME(0,3,0),"ADELANTADO"))))))) | AN17: =IF(AE17<>"",HLOOKUP(VALUE(TEXT(AK17,"h:mm:ss")),IF($C$6="Laboral",$FZ$4:$GX$227,IF($C$6="Sábado",$FZ$231:$GX$452,$FZ$456:$GX$656)),VLOOKUP($C$4,$HF$2:$HH$99,3,0)+IF(AG$5="Ida",0,1),1),"") | AO17: =IF(AE18<>AE17,AVERAGEIF(AE$9:AE17,AE17,AN$9:AN17),"") | AP17: =IFERROR(IF(AE18<>AE17,AVERAGEIF(AE$9:AE17,AE17,AW$9:AW17),""),"") | AQ17: =IFERROR(IF(AE18<>AE17,AVERAGEIF(AE$9:AE17,AE17,AX$9:AX17),""),"") | AR17: {=IFERROR(IF(AE18<>AE17,_xlfn.STDEV.P(IF(AE$9:AE17=AE17,AX$9:AX17)),""),"")} | AS17: {=IFERROR(IF(AE18<>AE17,_xlfn.STDEV.P(IF(AE$9:AE17=AE17,AW$9:AW17)),""),"")} | AT17: =IFERROR(IF(AE17<>AE18,MAX((((AQ17*24*60)/2)*(1+POWER((((AR17*24*60) / (AQ17*24*60) )),2))) + ((AQ17*24*60 )*-0.1 + (AO17*0.015)) +1,(((AQ17*24*60)/2)*(1+POWER((((AR17*24*60) / (AQ17*24*60 ))),2)))),""),"") | AU17: =IF(AND(AS17<>"",AP17<>""),IF(AE17<>AE18,((AP17*24*60) / 2 ) * (1 + POWER(((AS17*24*60) / (AP17*24*60)),2)),""),"") | AV17: =IF(AU17<>"",MAX(AT17,AU17),"") | AW17: =IF(AM17<>"H. Sale Real",IF(AND(AM18<>"",LEFT(AG18,2)<>"Va"),IF(AND(AM17<>"",LEFT(AG17,2)<>"Va",AM17<>"H. Sale Real"),IF(AM18-AM17<0.208333333333333,AM18-AM17,""),IF(AND(AM16<>"",LEFT(AG16,2)<>"Va",AM16<>"H. Sale Real"),IF(AM18-AM16<0.208333333333333,AM18-AM16,""),IF(AND(AM15<>"",LEFT(AG15,2)<>"Va",AM15<>"H. Sale Real"),IF(AM18-AM15<0.208333333333333,AM18-AM15,""),IF(AND(AM14<>"",LEFT(AG14,2)<>"Va",AM14<>"H. Sale Real"),IF(AM18-AM14<0.208333333333333,AM18-AM14,""),IF(AND(AM13<>"",LEFT(AG13,2)<>"Va",AM13<>"H. Sale Real"),IF(AM18-AM13<0.208333333333333,AM18-AM13,""),""))))),""),"") | AX17: =IF(AK17<>"H. Sale Real",IF(AND(AK18<>"",LEFT(AG18,2)<>"Va"),IF(AND(AK17<>"",LEFT(AG17,2)<>"Va",AK17<>"H. Sale Real"),IF(AK18-AK17<0.208333333333333,AK18-AK17,""),IF(AND(AK16<>"",LEFT(AG16,2)<>"Va",AK16<>"H. Sale Real"),IF(AK18-AK16<0.208333333333333,AK18-AK16,""),IF(AND(AK15<>"",LEFT(AG15,2)<>"NC",AK15<>"H. Sale Real"),IF(AK18-AK15<0.208333333333333,AK18-AK15,""),IF(AND(AK14<>"",LEFT(AG14,2)<>"Va",AK14<>"H. Sale Real"),IF(AK18-AK14<0.208333333333333,AK18-AK14,""),IF(AND(AK13<>"",LEFT(AG13,2)<>"Va",AK13<>"H. Sale Real"),IF(AK18-AK13<0.208333333333333,AK18-AK13,""),""))))),""),"") | BD17: =IF(AK17<>"",IF(AND(BD16<>"IE",AT17<>0,AV17<>""),IF(IFERROR((AT17/AV17),0) <=1,IFERROR(AT17/AV17,""),1),""),"") | BI17: 5 | BJ17: =COUNTIFS($A:$A,$BI17,$C:$C,$BI$11) | BK17: =BJ17-COUNTIFS($A:$A,$BI17,$C:$C,$BI$11,$H:$H,"") | BL17: =IFERROR((BK17/BJ17),"") | BM17: =_xlfn.XLOOKUP(BI17,$A:$A,$R:$R,"0",0,-1) | BN17: =_xlfn.XLOOKUP(BI17,$A:$A,$P:$P,"0",0,-1) | BO17: =_xlfn.XLOOKUP(BI17,$A:$A,$Z:$Z,"",0,-1) | BR17: 5 | BS17: =COUNTIFS($AE:$AE,$BR17,$AG:$AG,$BR$11) | BT17: =BS17-COUNTIFS($AE:$AE,$BR17,$AG:$AG,$BR$11,$AL:$AL,"") | BU17: =IFERROR((BT17/BS17),"") | BV17: =_xlfn.XLOOKUP(BR17,$AE:$AE,$AV:$AV,"0",0,-1) | BW17: =_xlfn.XLOOKUP(BR17,$AE:$AE,$AT:$AT,"0",0,-1) | BX17: =_xlfn.XLOOKUP(BR17,$AE:$AE,$BD:$BD,"",0,-1) | FC17: Diccionario 1 | FD17: 1014 | FE17: D8482478K2PL | FF17: YV3T7U525KA195327 | FG17: Volvo | FH17: B8R | FI17: MARCOPOLO | FJ17: TORINO | FK17: 2019 | FL17: B2PAL | FM17: LOS LIBERTADORES | FN17: Los Liberadores 6450, Lote 4A | FO17: Huechuraba | FP17: B | FS17: 3005 / SFWZ-39| | FT17: SFWZ-39| | FU17: SFWZ-39 | FV17: =VLOOKUP(FU17,FD:FL,9,0) | FZ17: 120 | GA17: 0 | GB17: 0 | GC17: 0 | GD17: 0 | GE17: 27.31 | GF17: 22.005 | GG17: 16.685 | GH17: 14.945 | GI17: 16.83 | GJ17: 17.985 | GK17: 18.065 | GL17: 17.725 | GM17: 17.03 | GN17: 17.105 | GO17: 16.605 | GP17: 15.62 | GQ17: 13.25 | GR17: 11.98 | GS17: 14.1 | GT17: 17.32 | GU17: 19.92 | GV17: 21.765 | GW17: 23.685 | GX17: 25.535 | HA17: 14 | HB17: 11 | HE17: U9 | HF17: B25 | HG17: B25 | HH17: 28 | HL17: AlfaU9 | HM17: B25 | HN17: Santa Marta | HO17: 825
A18: =HOUR(G18)+1 | D18: =IFERROR( IF(AND(OR(Planilla!B18="C",Planilla!B18="c"), VLOOKUP(E18,FD:FP,13,0)="C"), "OK",IF(AND(OR(Planilla!B18="C",Planilla!B18="c"), OR(VLOOKUP(E18,FD:FP,13,0)="B", VLOOKUP(E18,FD:FP,13,0)="A")), "DEFICIT",IF( AND(OR(Planilla!B18="B", Planilla!B18="BPAL"), VLOOKUP(E18,FD:FP,13,0)="B"), "OK",IF(AND(OR(Planilla!B18="B", Planilla!B18="BPAL"), VLOOKUP(E18,FD:FP,13,0)="A"), "DEFICIT",IF(AND(OR(Planilla!B18="B", Planilla!B18="BPAL"), VLOOKUP(E18,FD:FP,13,0)="C"), "SOBREOFERTA",IF(AND(Planilla!B18="A", VLOOKUP(E18,FD:FP,13,0)="A"), "OK",IF( AND(Planilla!B18="A", OR(VLOOKUP(E18,FD:FP,13,0)="B", VLOOKUP(E18,FD:FP,13,0)="C")), "SOBREOFERTA","" ))))))),"") | H18: =IF(I18="","",IF(AND((I18-G18)>=TIME(0,0,0),(I18-G18)<TIME(0,3,0)),"OK",IF(AND((I18-G18)>=TIME(0,3,0),(I18-G18)<TIME(0,5,0)),"RETRASO DE 3-5 MIN",IF(AND((I18-G18)>=TIME(0,5,0),(I18-G18)<TIME(0,10,0)),"RETRASO DE 5-10 MIN",IF((I18-G18)>=TIME(0,10,0),"RETRASO >10 MIN", IF(AND((G18-I18)>=TIME(0,0,0),(G18-I18)<TIME(0,3,0)),"OK",IF((G18-I18)>=TIME(0,3,0),"ADELANTADO"))))))) | J18: =IF(A18<>"",HLOOKUP(VALUE(TEXT(G18,"h:mm:ss")),IF($C$6="Laboral",$FZ$4:$GX$227,IF($C$6="Sábado",$FZ$231:$GX$452,$FZ$456:$GX$656)),VLOOKUP($C$4,$HF$2:$HH$99,3,0)+IF(C$5="Ida",0,1),1),"") | K18: =IF(A19<>A18,AVERAGEIF(A$9:A18,A18,J$9:J18),"") | L18: =IFERROR(IF(A19<>A18,AVERAGEIF(A$9:A18,A18,S$9:S18),""),"") | M18: =IFERROR(IF(A19<>A18,AVERAGEIF(A$9:A18,A18,T$9:T18),""),"") | N18: {=IFERROR(IF(A19<>A18,_xlfn.STDEV.P(IF(A$9:A18=A18,T$9:T18)),""),"")} | O18: {=IFERROR(IF(A19<>A18,_xlfn.STDEV.P(IF(A$9:A18=A18,S$9:S18)),""),"")} | P18: =IFERROR(IF(A18<>A19,MAX((((M18*24*60)/2)*(1+POWER((((N18*24*60) / (M18*24*60) )),2))) + ((M18*24*60 )*-0.1 + (K18*0.015)) +1,(((M18*24*60)/2)*(1+POWER((((N18*24*60) / (M18*24*60 ))),2)))),""),"") | Q18: =IF(AND(O18<>"",L18<>""),IF(A18<>A19,((L18*24*60) / 2 ) * (1 + POWER(((O18*24*60) / (L18*24*60)),2)),""),"") | R18: =IF(Q18<>"",MAX(P18,Q18),"") | S18: =IF(I18<>"H. Sale Real",IF(AND(I19<>"",LEFT(C19,2)<>"Va"),IF(AND(I18<>"",LEFT(C18,2)<>"Va",I18<>"H. Sale Real"),IF(I19-I18<0.208333333333333,I19-I18,""),IF(AND(I17<>"",LEFT(C17,2)<>"Va",I17<>"H. Sale Real"),IF(I19-I17<0.208333333333333,I19-I17,""),IF(AND(I16<>"",LEFT(C16,2)<>"Va",I16<>"H. Sale Real"),IF(I19-I16<0.208333333333333,I19-I16,""),IF(AND(I15<>"",LEFT(C15,2)<>"Va",I15<>"H. Sale Real"),IF(I19-I15<0.208333333333333,I19-I15,""),IF(AND(I14<>"",LEFT(C14,2)<>"Va",I14<>"H. Sale Real"),IF(I19-I14<0.208333333333333,I19-I14,""),""))))),""),"") | T18: =IF(G18<>"H. Sale Real",IF(AND(G19<>"",LEFT(C19,2)<>"Va"),IF(AND(G18<>"",LEFT(C18,2)<>"Va",G18<>"H. Sale Real"),IF(G19-G18<0.208333333333333,G19-G18,""),IF(AND(G17<>"",LEFT(C17,2)<>"Va",G17<>"H. Sale Real"),IF(G19-G17<0.208333333333333,G19-G17,""),IF(AND(G16<>"",LEFT(C16,2)<>"Va",G16<>"H. Sale Real"),IF(G19-G16<0.208333333333333,G19-G16,""),IF(AND(G15<>"",LEFT(C15,2)<>"Va",G15<>"H. Sale Real"),IF(G19-G15<0.208333333333333,G19-G15,""),IF(AND(G14<>"",LEFT(C14,2)<>"Va",G14<>"H. Sale Real"),IF(G19-G14<0.208333333333333,G19-G14,""),""))))),""),"") | Z18: =IF(G18<>"",IF(AND(Z17<>"IE",P18<>0,R18<>""),IF(IFERROR((P18/R18),0) <=1,IFERROR(P18/R18,""),1),""),"") | AE18: =HOUR(AK18)+1 | AL18: =IF(AM18="","",IF(AND((AM18-AK18)>=TIME(0,0,0),(AM18-AK18)<TIME(0,3,0)),"OK",IF(AND((AM18-AK18)>=TIME(0,3,0),(AM18-AK18)<TIME(0,5,0)),"RETRASO DE 3-5 MIN",IF(AND((AM18-AK18)>=TIME(0,5,0),(AM18-AK18)<TIME(0,10,0)),"RETRASO DE 5-10 MIN",IF((AM18-AK18)>=TIME(0,10,0),"RETRASO >10 MIN", IF(AND((AK18-AM18)>=TIME(0,0,0),(AK18-AM18)<TIME(0,3,0)),"OK",IF((AK18-AM18)>=TIME(0,3,0),"ADELANTADO"))))))) | AN18: =IF(AE18<>"",HLOOKUP(VALUE(TEXT(AK18,"h:mm:ss")),IF($C$6="Laboral",$FZ$4:$GX$227,IF($C$6="Sábado",$FZ$231:$GX$452,$FZ$456:$GX$656)),VLOOKUP($C$4,$HF$2:$HH$99,3,0)+IF(AG$5="Ida",0,1),1),"") | AO18: =IF(AE19<>AE18,AVERAGEIF(AE$9:AE18,AE18,AN$9:AN18),"") | AP18: =IFERROR(IF(AE19<>AE18,AVERAGEIF(AE$9:AE18,AE18,AW$9:AW18),""),"") | AQ18: =IFERROR(IF(AE19<>AE18,AVERAGEIF(AE$9:AE18,AE18,AX$9:AX18),""),"") | AR18: {=IFERROR(IF(AE19<>AE18,_xlfn.STDEV.P(IF(AE$9:AE18=AE18,AX$9:AX18)),""),"")} | AS18: {=IFERROR(IF(AE19<>AE18,_xlfn.STDEV.P(IF(AE$9:AE18=AE18,AW$9:AW18)),""),"")} | AT18: =IFERROR(IF(AE18<>AE19,MAX((((AQ18*24*60)/2)*(1+POWER((((AR18*24*60) / (AQ18*24*60) )),2))) + ((AQ18*24*60 )*-0.1 + (AO18*0.015)) +1,(((AQ18*24*60)/2)*(1+POWER((((AR18*24*60) / (AQ18*24*60 ))),2)))),""),"") | AU18: =IF(AND(AS18<>"",AP18<>""),IF(AE18<>AE19,((AP18*24*60) / 2 ) * (1 + POWER(((AS18*24*60) / (AP18*24*60)),2)),""),"") | AV18: =IF(AU18<>"",MAX(AT18,AU18),"") | AW18: =IF(AM18<>"H. Sale Real",IF(AND(AM19<>"",LEFT(AG19,2)<>"Va"),IF(AND(AM18<>"",LEFT(AG18,2)<>"Va",AM18<>"H. Sale Real"),IF(AM19-AM18<0.208333333333333,AM19-AM18,""),IF(AND(AM17<>"",LEFT(AG17,2)<>"Va",AM17<>"H. Sale Real"),IF(AM19-AM17<0.208333333333333,AM19-AM17,""),IF(AND(AM16<>"",LEFT(AG16,2)<>"Va",AM16<>"H. Sale Real"),IF(AM19-AM16<0.208333333333333,AM19-AM16,""),IF(AND(AM15<>"",LEFT(AG15,2)<>"Va",AM15<>"H. Sale Real"),IF(AM19-AM15<0.208333333333333,AM19-AM15,""),IF(AND(AM14<>"",LEFT(AG14,2)<>"Va",AM14<>"H. Sale Real"),IF(AM19-AM14<0.208333333333333,AM19-AM14,""),""))))),""),"") | AX18: =IF(AK18<>"H. Sale Real",IF(AND(AK19<>"",LEFT(AG19,2)<>"Va"),IF(AND(AK18<>"",LEFT(AG18,2)<>"Va",AK18<>"H. Sale Real"),IF(AK19-AK18<0.208333333333333,AK19-AK18,""),IF(AND(AK17<>"",LEFT(AG17,2)<>"Va",AK17<>"H. Sale Real"),IF(AK19-AK17<0.208333333333333,AK19-AK17,""),IF(AND(AK16<>"",LEFT(AG16,2)<>"NC",AK16<>"H. Sale Real"),IF(AK19-AK16<0.208333333333333,AK19-AK16,""),IF(AND(AK15<>"",LEFT(AG15,2)<>"Va",AK15<>"H. Sale Real"),IF(AK19-AK15<0.208333333333333,AK19-AK15,""),IF(AND(AK14<>"",LEFT(AG14,2)<>"Va",AK14<>"H. Sale Real"),IF(AK19-AK14<0.208333333333333,AK19-AK14,""),""))))),""),"") | BD18: =IF(AK18<>"",IF(AND(BD17<>"IE",AT18<>0,AV18<>""),IF(IFERROR((AT18/AV18),0) <=1,IFERROR(AT18/AV18,""),1),""),"") | BI18: 6 | BJ18: =COUNTIFS($A:$A,$BI18,$C:$C,$BI$11) | BK18: =BJ18-COUNTIFS($A:$A,$BI18,$C:$C,$BI$11,$H:$H,"") | BL18: =IFERROR((BK18/BJ18),"") | BM18: =_xlfn.XLOOKUP(BI18,$A:$A,$R:$R,"0",0,-1) | BN18: =_xlfn.XLOOKUP(BI18,$A:$A,$P:$P,"0",0,-1) | BO18: =_xlfn.XLOOKUP(BI18,$A:$A,$Z:$Z,"",0,-1) | BR18: 6 | BS18: =COUNTIFS($AE:$AE,$BR18,$AG:$AG,$BR$11) | BT18: =BS18-COUNTIFS($AE:$AE,$BR18,$AG:$AG,$BR$11,$AL:$AL,"") | BU18: =IFERROR((BT18/BS18),"") | BV18: =_xlfn.XLOOKUP(BR18,$AE:$AE,$AV:$AV,"0",0,-1) | BW18: =_xlfn.XLOOKUP(BR18,$AE:$AE,$AT:$AT,"0",0,-1) | BX18: =_xlfn.XLOOKUP(BR18,$AE:$AE,$BD:$BD,"",0,-1) | FC18: Diccionario 1 | FD18: 1015 | FE18: D8482400K2PL | FF18: YV3T7U527KA195328 | FG18: Volvo | FH18: B8R | FI18: MARCOPOLO | FJ18: TORINO | FK18: 2019 | FL18: B2PAL | FM18: LOS LIBERTADORES | FN18: Los Liberadores 6450, Lote 4A | FO18: Huechuraba | FP18: B | FS18: 3005 / SFWZ-39| | FT18: SFWZ-39| | FU18: SFWZ-39 | FV18: =VLOOKUP(FU18,FD:FL,9,0) | FZ18: 120 | GA18: 28.4 | GB18: 0 | GC18: 0 | GD18: 0 | GE18: 0 | GF18: 9.81 | GG18: 16.66 | GH18: 14.92 | GI18: 16.59 | GJ18: 17.285 | GK18: 17.34 | GL18: 17.32 | GM18: 16.87 | GN18: 16.99 | GO18: 16.855 | GP18: 16.6 | GQ18: 16.175 | GR18: 14.875 | GS18: 15.675 | GT18: 17.97 | GU18: 19.545 | GV18: 20.605 | GW18: 23.055 | GX18: 25.725 | HA18: 15 | HB18: 12 | HE18: U9 | HF18: B26 | HG18: B26 | HH18: 29 | HL18: AlfaU9 | HM18: B26 | HN18: Santa Marta | HO18: 826 | IB18: NO Valida Servicio Sentido Correcto
A19: =HOUR(G19)+1 | D19: =IFERROR( IF(AND(OR(Planilla!B19="C",Planilla!B19="c"), VLOOKUP(E19,FD:FP,13,0)="C"), "OK",IF(AND(OR(Planilla!B19="C",Planilla!B19="c"), OR(VLOOKUP(E19,FD:FP,13,0)="B", VLOOKUP(E19,FD:FP,13,0)="A")), "DEFICIT",IF( AND(OR(Planilla!B19="B", Planilla!B19="BPAL"), VLOOKUP(E19,FD:FP,13,0)="B"), "OK",IF(AND(OR(Planilla!B19="B", Planilla!B19="BPAL"), VLOOKUP(E19,FD:FP,13,0)="A"), "DEFICIT",IF(AND(OR(Planilla!B19="B", Planilla!B19="BPAL"), VLOOKUP(E19,FD:FP,13,0)="C"), "SOBREOFERTA",IF(AND(Planilla!B19="A", VLOOKUP(E19,FD:FP,13,0)="A"), "OK",IF( AND(Planilla!B19="A", OR(VLOOKUP(E19,FD:FP,13,0)="B", VLOOKUP(E19,FD:FP,13,0)="C")), "SOBREOFERTA","" ))))))),"") | H19: =IF(I19="","",IF(AND((I19-G19)>=TIME(0,0,0),(I19-G19)<TIME(0,3,0)),"OK",IF(AND((I19-G19)>=TIME(0,3,0),(I19-G19)<TIME(0,5,0)),"RETRASO DE 3-5 MIN",IF(AND((I19-G19)>=TIME(0,5,0),(I19-G19)<TIME(0,10,0)),"RETRASO DE 5-10 MIN",IF((I19-G19)>=TIME(0,10,0),"RETRASO >10 MIN", IF(AND((G19-I19)>=TIME(0,0,0),(G19-I19)<TIME(0,3,0)),"OK",IF((G19-I19)>=TIME(0,3,0),"ADELANTADO"))))))) | J19: =IF(A19<>"",HLOOKUP(VALUE(TEXT(G19,"h:mm:ss")),IF($C$6="Laboral",$FZ$4:$GX$227,IF($C$6="Sábado",$FZ$231:$GX$452,$FZ$456:$GX$656)),VLOOKUP($C$4,$HF$2:$HH$99,3,0)+IF(C$5="Ida",0,1),1),"") | K19: =IF(A20<>A19,AVERAGEIF(A$9:A19,A19,J$9:J19),"") | L19: =IFERROR(IF(A20<>A19,AVERAGEIF(A$9:A19,A19,S$9:S19),""),"") | M19: =IFERROR(IF(A20<>A19,AVERAGEIF(A$9:A19,A19,T$9:T19),""),"") | N19: {=IFERROR(IF(A20<>A19,_xlfn.STDEV.P(IF(A$9:A19=A19,T$9:T19)),""),"")} | O19: {=IFERROR(IF(A20<>A19,_xlfn.STDEV.P(IF(A$9:A19=A19,S$9:S19)),""),"")} | P19: =IFERROR(IF(A19<>A20,MAX((((M19*24*60)/2)*(1+POWER((((N19*24*60) / (M19*24*60) )),2))) + ((M19*24*60 )*-0.1 + (K19*0.015)) +1,(((M19*24*60)/2)*(1+POWER((((N19*24*60) / (M19*24*60 ))),2)))),""),"") | Q19: =IF(AND(O19<>"",L19<>""),IF(A19<>A20,((L19*24*60) / 2 ) * (1 + POWER(((O19*24*60) / (L19*24*60)),2)),""),"") | R19: =IF(Q19<>"",MAX(P19,Q19),"") | S19: =IF(I19<>"H. Sale Real",IF(AND(I20<>"",LEFT(C20,2)<>"Va"),IF(AND(I19<>"",LEFT(C19,2)<>"Va",I19<>"H. Sale Real"),IF(I20-I19<0.208333333333333,I20-I19,""),IF(AND(I18<>"",LEFT(C18,2)<>"Va",I18<>"H. Sale Real"),IF(I20-I18<0.208333333333333,I20-I18,""),IF(AND(I17<>"",LEFT(C17,2)<>"Va",I17<>"H. Sale Real"),IF(I20-I17<0.208333333333333,I20-I17,""),IF(AND(I16<>"",LEFT(C16,2)<>"Va",I16<>"H. Sale Real"),IF(I20-I16<0.208333333333333,I20-I16,""),IF(AND(I15<>"",LEFT(C15,2)<>"Va",I15<>"H. Sale Real"),IF(I20-I15<0.208333333333333,I20-I15,""),""))))),""),"") | T19: =IF(G19<>"H. Sale Real",IF(AND(G20<>"",LEFT(C20,2)<>"Va"),IF(AND(G19<>"",LEFT(C19,2)<>"Va",G19<>"H. Sale Real"),IF(G20-G19<0.208333333333333,G20-G19,""),IF(AND(G18<>"",LEFT(C18,2)<>"Va",G18<>"H. Sale Real"),IF(G20-G18<0.208333333333333,G20-G18,""),IF(AND(G17<>"",LEFT(C17,2)<>"Va",G17<>"H. Sale Real"),IF(G20-G17<0.208333333333333,G20-G17,""),IF(AND(G16<>"",LEFT(C16,2)<>"Va",G16<>"H. Sale Real"),IF(G20-G16<0.208333333333333,G20-G16,""),IF(AND(G15<>"",LEFT(C15,2)<>"Va",G15<>"H. Sale Real"),IF(G20-G15<0.208333333333333,G20-G15,""),""))))),""),"") | Z19: =IF(G19<>"",IF(AND(Z18<>"IE",P19<>0,R19<>""),IF(IFERROR((P19/R19),0) <=1,IFERROR(P19/R19,""),1),""),"") | AE19: =HOUR(AK19)+1 | AL19: =IF(AM19="","",IF(AND((AM19-AK19)>=TIME(0,0,0),(AM19-AK19)<TIME(0,3,0)),"OK",IF(AND((AM19-AK19)>=TIME(0,3,0),(AM19-AK19)<TIME(0,5,0)),"RETRASO DE 3-5 MIN",IF(AND((AM19-AK19)>=TIME(0,5,0),(AM19-AK19)<TIME(0,10,0)),"RETRASO DE 5-10 MIN",IF((AM19-AK19)>=TIME(0,10,0),"RETRASO >10 MIN", IF(AND((AK19-AM19)>=TIME(0,0,0),(AK19-AM19)<TIME(0,3,0)),"OK",IF((AK19-AM19)>=TIME(0,3,0),"ADELANTADO"))))))) | AN19: =IF(AE19<>"",HLOOKUP(VALUE(TEXT(AK19,"h:mm:ss")),IF($C$6="Laboral",$FZ$4:$GX$227,IF($C$6="Sábado",$FZ$231:$GX$452,$FZ$456:$GX$656)),VLOOKUP($C$4,$HF$2:$HH$99,3,0)+IF(AG$5="Ida",0,1),1),"") | AO19: =IF(AE20<>AE19,AVERAGEIF(AE$9:AE19,AE19,AN$9:AN19),"") | AP19: =IFERROR(IF(AE20<>AE19,AVERAGEIF(AE$9:AE19,AE19,AW$9:AW19),""),"") | AQ19: =IFERROR(IF(AE20<>AE19,AVERAGEIF(AE$9:AE19,AE19,AX$9:AX19),""),"") | AR19: {=IFERROR(IF(AE20<>AE19,_xlfn.STDEV.P(IF(AE$9:AE19=AE19,AX$9:AX19)),""),"")} | AS19: {=IFERROR(IF(AE20<>AE19,_xlfn.STDEV.P(IF(AE$9:AE19=AE19,AW$9:AW19)),""),"")} | AT19: =IFERROR(IF(AE19<>AE20,MAX((((AQ19*24*60)/2)*(1+POWER((((AR19*24*60) / (AQ19*24*60) )),2))) + ((AQ19*24*60 )*-0.1 + (AO19*0.015)) +1,(((AQ19*24*60)/2)*(1+POWER((((AR19*24*60) / (AQ19*24*60 ))),2)))),""),"") | AU19: =IF(AND(AS19<>"",AP19<>""),IF(AE19<>AE20,((AP19*24*60) / 2 ) * (1 + POWER(((AS19*24*60) / (AP19*24*60)),2)),""),"") | AV19: =IF(AU19<>"",MAX(AT19,AU19),"") | AW19: =IF(AM19<>"H. Sale Real",IF(AND(AM20<>"",LEFT(AG20,2)<>"Va"),IF(AND(AM19<>"",LEFT(AG19,2)<>"Va",AM19<>"H. Sale Real"),IF(AM20-AM19<0.208333333333333,AM20-AM19,""),IF(AND(AM18<>"",LEFT(AG18,2)<>"Va",AM18<>"H. Sale Real"),IF(AM20-AM18<0.208333333333333,AM20-AM18,""),IF(AND(AM17<>"",LEFT(AG17,2)<>"Va",AM17<>"H. Sale Real"),IF(AM20-AM17<0.208333333333333,AM20-AM17,""),IF(AND(AM16<>"",LEFT(AG16,2)<>"Va",AM16<>"H. Sale Real"),IF(AM20-AM16<0.208333333333333,AM20-AM16,""),IF(AND(AM15<>"",LEFT(AG15,2)<>"Va",AM15<>"H. Sale Real"),IF(AM20-AM15<0.208333333333333,AM20-AM15,""),""))))),""),"") | AX19: =IF(AK19<>"H. Sale Real",IF(AND(AK20<>"",LEFT(AG20,2)<>"Va"),IF(AND(AK19<>"",LEFT(AG19,2)<>"Va",AK19<>"H. Sale Real"),IF(AK20-AK19<0.208333333333333,AK20-AK19,""),IF(AND(AK18<>"",LEFT(AG18,2)<>"Va",AK18<>"H. Sale Real"),IF(AK20-AK18<0.208333333333333,AK20-AK18,""),IF(AND(AK17<>"",LEFT(AG17,2)<>"NC",AK17<>"H. Sale Real"),IF(AK20-AK17<0.208333333333333,AK20-AK17,""),IF(AND(AK16<>"",LEFT(AG16,2)<>"Va",AK16<>"H. Sale Real"),IF(AK20-AK16<0.208333333333333,AK20-AK16,""),IF(AND(AK15<>"",LEFT(AG15,2)<>"Va",AK15<>"H. Sale Real"),IF(AK20-AK15<0.208333333333333,AK20-AK15,""),""))))),""),"") | BD19: =IF(AK19<>"",IF(AND(BD18<>"IE",AT19<>0,AV19<>""),IF(IFERROR((AT19/AV19),0) <=1,IFERROR(AT19/AV19,""),1),""),"") | BI19: 7 | BJ19: =COUNTIFS($A:$A,$BI19,$C:$C,$BI$11) | BK19: =BJ19-COUNTIFS($A:$A,$BI19,$C:$C,$BI$11,$H:$H,"") | BL19: =IFERROR((BK19/BJ19),"") | BM19: =_xlfn.XLOOKUP(BI19,$A:$A,$R:$R,"0",0,-1) | BN19: =_xlfn.XLOOKUP(BI19,$A:$A,$P:$P,"0",0,-1) | BO19: =_xlfn.XLOOKUP(BI19,$A:$A,$Z:$Z,"",0,-1) | BR19: 7 | BS19: =COUNTIFS($AE:$AE,$BR19,$AG:$AG,$BR$11) | BT19: =BS19-COUNTIFS($AE:$AE,$BR19,$AG:$AG,$BR$11,$AL:$AL,"") | BU19: =IFERROR((BT19/BS19),"") | BV19: =_xlfn.XLOOKUP(BR19,$AE:$AE,$AV:$AV,"0",0,-1) | BW19: =_xlfn.XLOOKUP(BR19,$AE:$AE,$AT:$AT,"0",0,-1) | BX19: =_xlfn.XLOOKUP(BR19,$AE:$AE,$BD:$BD,"",0,-1) | FC19: Diccionario 1 | FD19: 1016 | FE19: D8482554K2PL | FF19: YV3T7U520KA195350 | FG19: Volvo | FH19: B8R | FI19: MARCOPOLO | FJ19: TORINO | FK19: 2019 | FL19: B2PAL | FM19: LOS LIBERTADORES | FN19: Los Liberadores 6450, Lote 4A | FO19: Huechuraba | FP19: B | FS19: 3005 / SFWZ-39| | FT19: SFWZ-39| | FU19: SFWZ-39 | FV19: =VLOOKUP(FU19,FD:FL,9,0) | FZ19: B13 | GA19: 0 | GB19: 0 | GC19: 0 | GD19: 0 | GE19: 0 | GF19: 10.95 | GG19: 17.215 | GH19: 15.91 | GI19: 20.64 | GJ19: 21.68 | GK19: 21.71 | GL19: 21.15 | GM19: 20.03 | GN19: 19.74 | GO19: 19.425 | GP19: 18.245 | GQ19: 17.18 | GR19: 15.395 | GS19: 16.515 | GT19: 19.52 | GU19: 21.55 | GV19: 23.33 | GW19: 25.055 | GX19: 26.63 | HA19: 16 | HB19: 13 | HE19: U9 | HF19: B28 | HG19: B28 | HH19: 31 | HL19: AlfaU9 | HM19: B28 | HN19: Condell | HO19: 828 | IB19: Congestión en Ruta
A20: =HOUR(G20)+1 | D20: =IFERROR( IF(AND(OR(Planilla!B20="C",Planilla!B20="c"), VLOOKUP(E20,FD:FP,13,0)="C"), "OK",IF(AND(OR(Planilla!B20="C",Planilla!B20="c"), OR(VLOOKUP(E20,FD:FP,13,0)="B", VLOOKUP(E20,FD:FP,13,0)="A")), "DEFICIT",IF( AND(OR(Planilla!B20="B", Planilla!B20="BPAL"), VLOOKUP(E20,FD:FP,13,0)="B"), "OK",IF(AND(OR(Planilla!B20="B", Planilla!B20="BPAL"), VLOOKUP(E20,FD:FP,13,0)="A"), "DEFICIT",IF(AND(OR(Planilla!B20="B", Planilla!B20="BPAL"), VLOOKUP(E20,FD:FP,13,0)="C"), "SOBREOFERTA",IF(AND(Planilla!B20="A", VLOOKUP(E20,FD:FP,13,0)="A"), "OK",IF( AND(Planilla!B20="A", OR(VLOOKUP(E20,FD:FP,13,0)="B", VLOOKUP(E20,FD:FP,13,0)="C")), "SOBREOFERTA","" ))))))),"") | H20: =IF(I20="","",IF(AND((I20-G20)>=TIME(0,0,0),(I20-G20)<TIME(0,3,0)),"OK",IF(AND((I20-G20)>=TIME(0,3,0),(I20-G20)<TIME(0,5,0)),"RETRASO DE 3-5 MIN",IF(AND((I20-G20)>=TIME(0,5,0),(I20-G20)<TIME(0,10,0)),"RETRASO DE 5-10 MIN",IF((I20-G20)>=TIME(0,10,0),"RETRASO >10 MIN", IF(AND((G20-I20)>=TIME(0,0,0),(G20-I20)<TIME(0,3,0)),"OK",IF((G20-I20)>=TIME(0,3,0),"ADELANTADO"))))))) | J20: =IF(A20<>"",HLOOKUP(VALUE(TEXT(G20,"h:mm:ss")),IF($C$6="Laboral",$FZ$4:$GX$227,IF($C$6="Sábado",$FZ$231:$GX$452,$FZ$456:$GX$656)),VLOOKUP($C$4,$HF$2:$HH$99,3,0)+IF(C$5="Ida",0,1),1),"") | K20: =IF(A21<>A20,AVERAGEIF(A$9:A20,A20,J$9:J20),"") | L20: =IFERROR(IF(A21<>A20,AVERAGEIF(A$9:A20,A20,S$9:S20),""),"") | M20: =IFERROR(IF(A21<>A20,AVERAGEIF(A$9:A20,A20,T$9:T20),""),"") | N20: {=IFERROR(IF(A21<>A20,_xlfn.STDEV.P(IF(A$9:A20=A20,T$9:T20)),""),"")} | O20: {=IFERROR(IF(A21<>A20,_xlfn.STDEV.P(IF(A$9:A20=A20,S$9:S20)),""),"")} | P20: =IFERROR(IF(A20<>A21,MAX((((M20*24*60)/2)*(1+POWER((((N20*24*60) / (M20*24*60) )),2))) + ((M20*24*60 )*-0.1 + (K20*0.015)) +1,(((M20*24*60)/2)*(1+POWER((((N20*24*60) / (M20*24*60 ))),2)))),""),"") | Q20: =IF(AND(O20<>"",L20<>""),IF(A20<>A21,((L20*24*60) / 2 ) * (1 + POWER(((O20*24*60) / (L20*24*60)),2)),""),"") | R20: =IF(Q20<>"",MAX(P20,Q20),"") | S20: =IF(I20<>"H. Sale Real",IF(AND(I21<>"",LEFT(C21,2)<>"Va"),IF(AND(I20<>"",LEFT(C20,2)<>"Va",I20<>"H. Sale Real"),IF(I21-I20<0.208333333333333,I21-I20,""),IF(AND(I19<>"",LEFT(C19,2)<>"Va",I19<>"H. Sale Real"),IF(I21-I19<0.208333333333333,I21-I19,""),IF(AND(I18<>"",LEFT(C18,2)<>"Va",I18<>"H. Sale Real"),IF(I21-I18<0.208333333333333,I21-I18,""),IF(AND(I17<>"",LEFT(C17,2)<>"Va",I17<>"H. Sale Real"),IF(I21-I17<0.208333333333333,I21-I17,""),IF(AND(I16<>"",LEFT(C16,2)<>"Va",I16<>"H. Sale Real"),IF(I21-I16<0.208333333333333,I21-I16,""),""))))),""),"") | T20: =IF(G20<>"H. Sale Real",IF(AND(G21<>"",LEFT(C21,2)<>"Va"),IF(AND(G20<>"",LEFT(C20,2)<>"Va",G20<>"H. Sale Real"),IF(G21-G20<0.208333333333333,G21-G20,""),IF(AND(G19<>"",LEFT(C19,2)<>"Va",G19<>"H. Sale Real"),IF(G21-G19<0.208333333333333,G21-G19,""),IF(AND(G18<>"",LEFT(C18,2)<>"Va",G18<>"H. Sale Real"),IF(G21-G18<0.208333333333333,G21-G18,""),IF(AND(G17<>"",LEFT(C17,2)<>"Va",G17<>"H. Sale Real"),IF(G21-G17<0.208333333333333,G21-G17,""),IF(AND(G16<>"",LEFT(C16,2)<>"Va",G16<>"H. Sale Real"),IF(G21-G16<0.208333333333333,G21-G16,""),""))))),""),"") | Z20: =IF(G20<>"",IF(AND(Z19<>"IE",P20<>0,R20<>""),IF(IFERROR((P20/R20),0) <=1,IFERROR(P20/R20,""),1),""),"") | AE20: =HOUR(AK20)+1 | AL20: =IF(AM20="","",IF(AND((AM20-AK20)>=TIME(0,0,0),(AM20-AK20)<TIME(0,3,0)),"OK",IF(AND((AM20-AK20)>=TIME(0,3,0),(AM20-AK20)<TIME(0,5,0)),"RETRASO DE 3-5 MIN",IF(AND((AM20-AK20)>=TIME(0,5,0),(AM20-AK20)<TIME(0,10,0)),"RETRASO DE 5-10 MIN",IF((AM20-AK20)>=TIME(0,10,0),"RETRASO >10 MIN", IF(AND((AK20-AM20)>=TIME(0,0,0),(AK20-AM20)<TIME(0,3,0)),"OK",IF((AK20-AM20)>=TIME(0,3,0),"ADELANTADO"))))))) | AN20: =IF(AE20<>"",HLOOKUP(VALUE(TEXT(AK20,"h:mm:ss")),IF($C$6="Laboral",$FZ$4:$GX$227,IF($C$6="Sábado",$FZ$231:$GX$452,$FZ$456:$GX$656)),VLOOKUP($C$4,$HF$2:$HH$99,3,0)+IF(AG$5="Ida",0,1),1),"") | AO20: =IF(AE21<>AE20,AVERAGEIF(AE$9:AE20,AE20,AN$9:AN20),"") | AP20: =IFERROR(IF(AE21<>AE20,AVERAGEIF(AE$9:AE20,AE20,AW$9:AW20),""),"") | AQ20: =IFERROR(IF(AE21<>AE20,AVERAGEIF(AE$9:AE20,AE20,AX$9:AX20),""),"") | AR20: {=IFERROR(IF(AE21<>AE20,_xlfn.STDEV.P(IF(AE$9:AE20=AE20,AX$9:AX20)),""),"")} | AS20: {=IFERROR(IF(AE21<>AE20,_xlfn.STDEV.P(IF(AE$9:AE20=AE20,AW$9:AW20)),""),"")} | AT20: =IFERROR(IF(AE20<>AE21,MAX((((AQ20*24*60)/2)*(1+POWER((((AR20*24*60) / (AQ20*24*60) )),2))) + ((AQ20*24*60 )*-0.1 + (AO20*0.015)) +1,(((AQ20*24*60)/2)*(1+POWER((((AR20*24*60) / (AQ20*24*60 ))),2)))),""),"") | AU20: =IF(AND(AS20<>"",AP20<>""),IF(AE20<>AE21,((AP20*24*60) / 2 ) * (1 + POWER(((AS20*24*60) / (AP20*24*60)),2)),""),"") | AV20: =IF(AU20<>"",MAX(AT20,AU20),"") | AW20: =IF(AM20<>"H. Sale Real",IF(AND(AM21<>"",LEFT(AG21,2)<>"Va"),IF(AND(AM20<>"",LEFT(AG20,2)<>"Va",AM20<>"H. Sale Real"),IF(AM21-AM20<0.208333333333333,AM21-AM20,""),IF(AND(AM19<>"",LEFT(AG19,2)<>"Va",AM19<>"H. Sale Real"),IF(AM21-AM19<0.208333333333333,AM21-AM19,""),IF(AND(AM18<>"",LEFT(AG18,2)<>"Va",AM18<>"H. Sale Real"),IF(AM21-AM18<0.208333333333333,AM21-AM18,""),IF(AND(AM17<>"",LEFT(AG17,2)<>"Va",AM17<>"H. Sale Real"),IF(AM21-AM17<0.208333333333333,AM21-AM17,""),IF(AND(AM16<>"",LEFT(AG16,2)<>"Va",AM16<>"H. Sale Real"),IF(AM21-AM16<0.208333333333333,AM21-AM16,""),""))))),""),"") | AX20: =IF(AK20<>"H. Sale Real",IF(AND(AK21<>"",LEFT(AG21,2)<>"Va"),IF(AND(AK20<>"",LEFT(AG20,2)<>"Va",AK20<>"H. Sale Real"),IF(AK21-AK20<0.208333333333333,AK21-AK20,""),IF(AND(AK19<>"",LEFT(AG19,2)<>"Va",AK19<>"H. Sale Real"),IF(AK21-AK19<0.208333333333333,AK21-AK19,""),IF(AND(AK18<>"",LEFT(AG18,2)<>"NC",AK18<>"H. Sale Real"),IF(AK21-AK18<0.208333333333333,AK21-AK18,""),IF(AND(AK17<>"",LEFT(AG17,2)<>"Va",AK17<>"H. Sale Real"),IF(AK21-AK17<0.208333333333333,AK21-AK17,""),IF(AND(AK16<>"",LEFT(AG16,2)<>"Va",AK16<>"H. Sale Real"),IF(AK21-AK16<0.208333333333333,AK21-AK16,""),""))))),""),"") | BD20: =IF(AK20<>"",IF(AND(BD19<>"IE",AT20<>0,AV20<>""),IF(IFERROR((AT20/AV20),0) <=1,IFERROR(AT20/AV20,""),1),""),"") | BI20: 8 | BJ20: =COUNTIFS($A:$A,$BI20,$C:$C,$BI$11) | BK20: =BJ20-COUNTIFS($A:$A,$BI20,$C:$C,$BI$11,$H:$H,"") | BL20: =IFERROR((BK20/BJ20),"") | BM20: =_xlfn.XLOOKUP(BI20,$A:$A,$R:$R,"0",0,-1) | BN20: =_xlfn.XLOOKUP(BI20,$A:$A,$P:$P,"0",0,-1) | BO20: =_xlfn.XLOOKUP(BI20,$A:$A,$Z:$Z,"",0,-1) | BR20: 8 | BS20: =COUNTIFS($AE:$AE,$BR20,$AG:$AG,$BR$11) | BT20: =BS20-COUNTIFS($AE:$AE,$BR20,$AG:$AG,$BR$11,$AL:$AL,"") | BU20: =IFERROR((BT20/BS20),"") | BV20: =_xlfn.XLOOKUP(BR20,$AE:$AE,$AV:$AV,"0",0,-1) | BW20: =_xlfn.XLOOKUP(BR20,$AE:$AE,$AT:$AT,"0",0,-1) | BX20: =_xlfn.XLOOKUP(BR20,$AE:$AE,$BD:$BD,"",0,-1) | FC20: Diccionario 1 | FD20: 1017 | FE20: D8482519K2PL | FF20: YV3T7U522KA195351 | FG20: Volvo | FH20: B8R | FI20: MARCOPOLO | FJ20: TORINO | FK20: 2019 | FL20: B2PAL | FM20: LOS LIBERTADORES | FN20: Los Liberadores 6450, Lote 4A | FO20: Huechuraba | FP20: B | FS20: 3005 / SFWZ-39| | FT20: SFWZ-39| | FU20: SFWZ-39 | FV20: =VLOOKUP(FU20,FD:FL,9,0) | FZ20: B16 | GA20: 0 | GB20: 0 | GC20: 0 | GD20: 0 | GE20: 0 | GF20: 24.86 | GG20: 18.845 | GH20: 13.46 | GI20: 16.78 | GJ20: 18.18 | GK20: 18.21 | GL20: 18.44 | GM20: 18.355 | GN20: 18.035 | GO20: 17.52 | GP20: 16.245 | GQ20: 14.92 | GR20: 13.635 | GS20: 13.735 | GT20: 15.735 | GU20: 19.16 | GV20: 20.955 | GW20: 22.95 | GX20: 25.495 | HA20: 17 | HB20: 14 | HE20: U9 | HF20: B29 | HG20: B29 | HH20: 32 | HL20: AlfaU9 | HM20: B29 | HN20: El Retiro | HO20: 829 | IB20: Máquina Panne Ruta
A21: =HOUR(G21)+1 | D21: =IFERROR( IF(AND(OR(Planilla!B21="C",Planilla!B21="c"), VLOOKUP(E21,FD:FP,13,0)="C"), "OK",IF(AND(OR(Planilla!B21="C",Planilla!B21="c"), OR(VLOOKUP(E21,FD:FP,13,0)="B", VLOOKUP(E21,FD:FP,13,0)="A")), "DEFICIT",IF( AND(OR(Planilla!B21="B", Planilla!B21="BPAL"), VLOOKUP(E21,FD:FP,13,0)="B"), "OK",IF(AND(OR(Planilla!B21="B", Planilla!B21="BPAL"), VLOOKUP(E21,FD:FP,13,0)="A"), "DEFICIT",IF(AND(OR(Planilla!B21="B", Planilla!B21="BPAL"), VLOOKUP(E21,FD:FP,13,0)="C"), "SOBREOFERTA",IF(AND(Planilla!B21="A", VLOOKUP(E21,FD:FP,13,0)="A"), "OK",IF( AND(Planilla!B21="A", OR(VLOOKUP(E21,FD:FP,13,0)="B", VLOOKUP(E21,FD:FP,13,0)="C")), "SOBREOFERTA","" ))))))),"") | H21: =IF(I21="","",IF(AND((I21-G21)>=TIME(0,0,0),(I21-G21)<TIME(0,3,0)),"OK",IF(AND((I21-G21)>=TIME(0,3,0),(I21-G21)<TIME(0,5,0)),"RETRASO DE 3-5 MIN",IF(AND((I21-G21)>=TIME(0,5,0),(I21-G21)<TIME(0,10,0)),"RETRASO DE 5-10 MIN",IF((I21-G21)>=TIME(0,10,0),"RETRASO >10 MIN", IF(AND((G21-I21)>=TIME(0,0,0),(G21-I21)<TIME(0,3,0)),"OK",IF((G21-I21)>=TIME(0,3,0),"ADELANTADO"))))))) | J21: =IF(A21<>"",HLOOKUP(VALUE(TEXT(G21,"h:mm:ss")),IF($C$6="Laboral",$FZ$4:$GX$227,IF($C$6="Sábado",$FZ$231:$GX$452,$FZ$456:$GX$656)),VLOOKUP($C$4,$HF$2:$HH$99,3,0)+IF(C$5="Ida",0,1),1),"") | K21: =IF(A22<>A21,AVERAGEIF(A$9:A21,A21,J$9:J21),"") | L21: =IFERROR(IF(A22<>A21,AVERAGEIF(A$9:A21,A21,S$9:S21),""),"") | M21: =IFERROR(IF(A22<>A21,AVERAGEIF(A$9:A21,A21,T$9:T21),""),"") | N21: {=IFERROR(IF(A22<>A21,_xlfn.STDEV.P(IF(A$9:A21=A21,T$9:T21)),""),"")} | O21: {=IFERROR(IF(A22<>A21,_xlfn.STDEV.P(IF(A$9:A21=A21,S$9:S21)),""),"")} | P21: =IFERROR(IF(A21<>A22,MAX((((M21*24*60)/2)*(1+POWER((((N21*24*60) / (M21*24*60) )),2))) + ((M21*24*60 )*-0.1 + (K21*0.015)) +1,(((M21*24*60)/2)*(1+POWER((((N21*24*60) / (M21*24*60 ))),2)))),""),"") | Q21: =IF(AND(O21<>"",L21<>""),IF(A21<>A22,((L21*24*60) / 2 ) * (1 + POWER(((O21*24*60) / (L21*24*60)),2)),""),"") | R21: =IF(Q21<>"",MAX(P21,Q21),"") | S21: =IF(I21<>"H. Sale Real",IF(AND(I22<>"",LEFT(C22,2)<>"Va"),IF(AND(I21<>"",LEFT(C21,2)<>"Va",I21<>"H. Sale Real"),IF(I22-I21<0.208333333333333,I22-I21,""),IF(AND(I20<>"",LEFT(C20,2)<>"Va",I20<>"H. Sale Real"),IF(I22-I20<0.208333333333333,I22-I20,""),IF(AND(I19<>"",LEFT(C19,2)<>"Va",I19<>"H. Sale Real"),IF(I22-I19<0.208333333333333,I22-I19,""),IF(AND(I18<>"",LEFT(C18,2)<>"Va",I18<>"H. Sale Real"),IF(I22-I18<0.208333333333333,I22-I18,""),IF(AND(I17<>"",LEFT(C17,2)<>"Va",I17<>"H. Sale Real"),IF(I22-I17<0.208333333333333,I22-I17,""),""))))),""),"") | T21: =IF(G21<>"H. Sale Real",IF(AND(G22<>"",LEFT(C22,2)<>"Va"),IF(AND(G21<>"",LEFT(C21,2)<>"Va",G21<>"H. Sale Real"),IF(G22-G21<0.208333333333333,G22-G21,""),IF(AND(G20<>"",LEFT(C20,2)<>"Va",G20<>"H. Sale Real"),IF(G22-G20<0.208333333333333,G22-G20,""),IF(AND(G19<>"",LEFT(C19,2)<>"Va",G19<>"H. Sale Real"),IF(G22-G19<0.208333333333333,G22-G19,""),IF(AND(G18<>"",LEFT(C18,2)<>"Va",G18<>"H. Sale Real"),IF(G22-G18<0.208333333333333,G22-G18,""),IF(AND(G17<>"",LEFT(C17,2)<>"Va",G17<>"H. Sale Real"),IF(G22-G17<0.208333333333333,G22-G17,""),""))))),""),"") | Z21: =IF(G21<>"",IF(AND(Z20<>"IE",P21<>0,R21<>""),IF(IFERROR((P21/R21),0) <=1,IFERROR(P21/R21,""),1),""),"") | AE21: =HOUR(AK21)+1 | AL21: =IF(AM21="","",IF(AND((AM21-AK21)>=TIME(0,0,0),(AM21-AK21)<TIME(0,3,0)),"OK",IF(AND((AM21-AK21)>=TIME(0,3,0),(AM21-AK21)<TIME(0,5,0)),"RETRASO DE 3-5 MIN",IF(AND((AM21-AK21)>=TIME(0,5,0),(AM21-AK21)<TIME(0,10,0)),"RETRASO DE 5-10 MIN",IF((AM21-AK21)>=TIME(0,10,0),"RETRASO >10 MIN", IF(AND((AK21-AM21)>=TIME(0,0,0),(AK21-AM21)<TIME(0,3,0)),"OK",IF((AK21-AM21)>=TIME(0,3,0),"ADELANTADO"))))))) | AN21: =IF(AE21<>"",HLOOKUP(VALUE(TEXT(AK21,"h:mm:ss")),IF($C$6="Laboral",$FZ$4:$GX$227,IF($C$6="Sábado",$FZ$231:$GX$452,$FZ$456:$GX$656)),VLOOKUP($C$4,$HF$2:$HH$99,3,0)+IF(AG$5="Ida",0,1),1),"") | AO21: =IF(AE22<>AE21,AVERAGEIF(AE$9:AE21,AE21,AN$9:AN21),"") | AP21: =IFERROR(IF(AE22<>AE21,AVERAGEIF(AE$9:AE21,AE21,AW$9:AW21),""),"") | AQ21: =IFERROR(IF(AE22<>AE21,AVERAGEIF(AE$9:AE21,AE21,AX$9:AX21),""),"") | AR21: {=IFERROR(IF(AE22<>AE21,_xlfn.STDEV.P(IF(AE$9:AE21=AE21,AX$9:AX21)),""),"")} | AS21: {=IFERROR(IF(AE22<>AE21,_xlfn.STDEV.P(IF(AE$9:AE21=AE21,AW$9:AW21)),""),"")} | AT21: =IFERROR(IF(AE21<>AE22,MAX((((AQ21*24*60)/2)*(1+POWER((((AR21*24*60) / (AQ21*24*60) )),2))) + ((AQ21*24*60 )*-0.1 + (AO21*0.015)) +1,(((AQ21*24*60)/2)*(1+POWER((((AR21*24*60) / (AQ21*24*60 ))),2)))),""),"") | AU21: =IF(AND(AS21<>"",AP21<>""),IF(AE21<>AE22,((AP21*24*60) / 2 ) * (1 + POWER(((AS21*24*60) / (AP21*24*60)),2)),""),"") | AV21: =IF(AU21<>"",MAX(AT21,AU21),"") | AW21: =IF(AM21<>"H. Sale Real",IF(AND(AM22<>"",LEFT(AG22,2)<>"Va"),IF(AND(AM21<>"",LEFT(AG21,2)<>"Va",AM21<>"H. Sale Real"),IF(AM22-AM21<0.208333333333333,AM22-AM21,""),IF(AND(AM20<>"",LEFT(AG20,2)<>"Va",AM20<>"H. Sale Real"),IF(AM22-AM20<0.208333333333333,AM22-AM20,""),IF(AND(AM19<>"",LEFT(AG19,2)<>"Va",AM19<>"H. Sale Real"),IF(AM22-AM19<0.208333333333333,AM22-AM19,""),IF(AND(AM18<>"",LEFT(AG18,2)<>"Va",AM18<>"H. Sale Real"),IF(AM22-AM18<0.208333333333333,AM22-AM18,""),IF(AND(AM17<>"",LEFT(AG17,2)<>"Va",AM17<>"H. Sale Real"),IF(AM22-AM17<0.208333333333333,AM22-AM17,""),""))))),""),"") | AX21: =IF(AK21<>"H. Sale Real",IF(AND(AK22<>"",LEFT(AG22,2)<>"Va"),IF(AND(AK21<>"",LEFT(AG21,2)<>"Va",AK21<>"H. Sale Real"),IF(AK22-AK21<0.208333333333333,AK22-AK21,""),IF(AND(AK20<>"",LEFT(AG20,2)<>"Va",AK20<>"H. Sale Real"),IF(AK22-AK20<0.208333333333333,AK22-AK20,""),IF(AND(AK19<>"",LEFT(AG19,2)<>"NC",AK19<>"H. Sale Real"),IF(AK22-AK19<0.208333333333333,AK22-AK19,""),IF(AND(AK18<>"",LEFT(AG18,2)<>"Va",AK18<>"H. Sale Real"),IF(AK22-AK18<0.208333333333333,AK22-AK18,""),IF(AND(AK17<>"",LEFT(AG17,2)<>"Va",AK17<>"H. Sale Real"),IF(AK22-AK17<0.208333333333333,AK22-AK17,""),""))))),""),"") | BD21: =IF(AK21<>"",IF(AND(BD20<>"IE",AT21<>0,AV21<>""),IF(IFERROR((AT21/AV21),0) <=1,IFERROR(AT21/AV21,""),1),""),"") | BI21: 9 | BJ21: =COUNTIFS($A:$A,$BI21,$C:$C,$BI$11) | BK21: =BJ21-COUNTIFS($A:$A,$BI21,$C:$C,$BI$11,$H:$H,"") | BL21: =IFERROR((BK21/BJ21),"") | BM21: =_xlfn.XLOOKUP(BI21,$A:$A,$R:$R,"0",0,-1) | BN21: =_xlfn.XLOOKUP(BI21,$A:$A,$P:$P,"0",0,-1) | BO21: =_xlfn.XLOOKUP(BI21,$A:$A,$Z:$Z,"",0,-1) | BR21: 9 | BS21: =COUNTIFS($AE:$AE,$BR21,$AG:$AG,$BR$11) | BT21: =BS21-COUNTIFS($AE:$AE,$BR21,$AG:$AG,$BR$11,$AL:$AL,"") | BU21: =IFERROR((BT21/BS21),"") | BV21: =_xlfn.XLOOKUP(BR21,$AE:$AE,$AV:$AV,"0",0,-1) | BW21: =_xlfn.XLOOKUP(BR21,$AE:$AE,$AT:$AT,"0",0,-1) | BX21: =_xlfn.XLOOKUP(BR21,$AE:$AE,$BD:$BD,"",0,-1) | FC21: Diccionario 1 | FD21: 1018 | FE21: D8482509K2PL | FF21: YV3T7U524KA195352 | FG21: Volvo | FH21: B8R | FI21: MARCOPOLO | FJ21: TORINO | FK21: 2019 | FL21: B2PAL | FM21: LOS LIBERTADORES | FN21: Los Liberadores 6450, Lote 4A | FO21: Huechuraba | FP21: B | FS21: 3005 / SFWZ-39| | FT21: SFWZ-39| | FU21: SFWZ-39 | FV21: =VLOOKUP(FU21,FD:FL,9,0) | FZ21: B16 | GA21: 0 | GB21: 0 | GC21: 0 | GD21: 0 | GE21: 0 | GF21: 13.945 | GG21: 22.27 | GH21: 14.425 | GI21: 16.58 | GJ21: 17.49 | GK21: 17.9 | GL21: 17.81 | GM21: 17.285 | GN21: 16.465 | GO21: 16.53 | GP21: 16.385 | GQ21: 15.72 | GR21: 14.105 | GS21: 11.91 | GT21: 12.745 | GU21: 16.27 | GV21: 19.015 | GW21: 22 | GX21: 25.2 | HA21: 18 | HB21: 15 | HE21: U9 | HF21: B32 | HG21: B32 | HH21: 34 | HL21: AlfaU9 | HM21: B32 | HN21: Santa Marta | HO21: 832 | IB21: Problema de Abastecimiento de Conductores
A22: =HOUR(G22)+1 | D22: =IFERROR( IF(AND(OR(Planilla!B22="C",Planilla!B22="c"), VLOOKUP(E22,FD:FP,13,0)="C"), "OK",IF(AND(OR(Planilla!B22="C",Planilla!B22="c"), OR(VLOOKUP(E22,FD:FP,13,0)="B", VLOOKUP(E22,FD:FP,13,0)="A")), "DEFICIT",IF( AND(OR(Planilla!B22="B", Planilla!B22="BPAL"), VLOOKUP(E22,FD:FP,13,0)="B"), "OK",IF(AND(OR(Planilla!B22="B", Planilla!B22="BPAL"), VLOOKUP(E22,FD:FP,13,0)="A"), "DEFICIT",IF(AND(OR(Planilla!B22="B", Planilla!B22="BPAL"), VLOOKUP(E22,FD:FP,13,0)="C"), "SOBREOFERTA",IF(AND(Planilla!B22="A", VLOOKUP(E22,FD:FP,13,0)="A"), "OK",IF( AND(Planilla!B22="A", OR(VLOOKUP(E22,FD:FP,13,0)="B", VLOOKUP(E22,FD:FP,13,0)="C")), "SOBREOFERTA","" ))))))),"") | H22: =IF(I22="","",IF(AND((I22-G22)>=TIME(0,0,0),(I22-G22)<TIME(0,3,0)),"OK",IF(AND((I22-G22)>=TIME(0,3,0),(I22-G22)<TIME(0,5,0)),"RETRASO DE 3-5 MIN",IF(AND((I22-G22)>=TIME(0,5,0),(I22-G22)<TIME(0,10,0)),"RETRASO DE 5-10 MIN",IF((I22-G22)>=TIME(0,10,0),"RETRASO >10 MIN", IF(AND((G22-I22)>=TIME(0,0,0),(G22-I22)<TIME(0,3,0)),"OK",IF((G22-I22)>=TIME(0,3,0),"ADELANTADO"))))))) | J22: =IF(A22<>"",HLOOKUP(VALUE(TEXT(G22,"h:mm:ss")),IF($C$6="Laboral",$FZ$4:$GX$227,IF($C$6="Sábado",$FZ$231:$GX$452,$FZ$456:$GX$656)),VLOOKUP($C$4,$HF$2:$HH$99,3,0)+IF(C$5="Ida",0,1),1),"") | K22: =IF(A23<>A22,AVERAGEIF(A$9:A22,A22,J$9:J22),"") | L22: =IFERROR(IF(A23<>A22,AVERAGEIF(A$9:A22,A22,S$9:S22),""),"") | M22: =IFERROR(IF(A23<>A22,AVERAGEIF(A$9:A22,A22,T$9:T22),""),"") | N22: {=IFERROR(IF(A23<>A22,_xlfn.STDEV.P(IF(A$9:A22=A22,T$9:T22)),""),"")} | O22: {=IFERROR(IF(A23<>A22,_xlfn.STDEV.P(IF(A$9:A22=A22,S$9:S22)),""),"")} | P22: =IFERROR(IF(A22<>A23,MAX((((M22*24*60)/2)*(1+POWER((((N22*24*60) / (M22*24*60) )),2))) + ((M22*24*60 )*-0.1 + (K22*0.015)) +1,(((M22*24*60)/2)*(1+POWER((((N22*24*60) / (M22*24*60 ))),2)))),""),"") | Q22: =IF(AND(O22<>"",L22<>""),IF(A22<>A23,((L22*24*60) / 2 ) * (1 + POWER(((O22*24*60) / (L22*24*60)),2)),""),"") | R22: =IF(Q22<>"",MAX(P22,Q22),"") | S22: =IF(I22<>"H. Sale Real",IF(AND(I23<>"",LEFT(C23,2)<>"Va"),IF(AND(I22<>"",LEFT(C22,2)<>"Va",I22<>"H. Sale Real"),IF(I23-I22<0.208333333333333,I23-I22,""),IF(AND(I21<>"",LEFT(C21,2)<>"Va",I21<>"H. Sale Real"),IF(I23-I21<0.208333333333333,I23-I21,""),IF(AND(I20<>"",LEFT(C20,2)<>"Va",I20<>"H. Sale Real"),IF(I23-I20<0.208333333333333,I23-I20,""),IF(AND(I19<>"",LEFT(C19,2)<>"Va",I19<>"H. Sale Real"),IF(I23-I19<0.208333333333333,I23-I19,""),IF(AND(I18<>"",LEFT(C18,2)<>"Va",I18<>"H. Sale Real"),IF(I23-I18<0.208333333333333,I23-I18,""),""))))),""),"") | T22: =IF(G22<>"H. Sale Real",IF(AND(G23<>"",LEFT(C23,2)<>"Va"),IF(AND(G22<>"",LEFT(C22,2)<>"Va",G22<>"H. Sale Real"),IF(G23-G22<0.208333333333333,G23-G22,""),IF(AND(G21<>"",LEFT(C21,2)<>"Va",G21<>"H. Sale Real"),IF(G23-G21<0.208333333333333,G23-G21,""),IF(AND(G20<>"",LEFT(C20,2)<>"Va",G20<>"H. Sale Real"),IF(G23-G20<0.208333333333333,G23-G20,""),IF(AND(G19<>"",LEFT(C19,2)<>"Va",G19<>"H. Sale Real"),IF(G23-G19<0.208333333333333,G23-G19,""),IF(AND(G18<>"",LEFT(C18,2)<>"Va",G18<>"H. Sale Real"),IF(G23-G18<0.208333333333333,G23-G18,""),""))))),""),"") | Z22: =IF(G22<>"",IF(AND(Z21<>"IE",P22<>0,R22<>""),IF(IFERROR((P22/R22),0) <=1,IFERROR(P22/R22,""),1),""),"") | AE22: =HOUR(AK22)+1 | AL22: =IF(AM22="","",IF(AND((AM22-AK22)>=TIME(0,0,0),(AM22-AK22)<TIME(0,3,0)),"OK",IF(AND((AM22-AK22)>=TIME(0,3,0),(AM22-AK22)<TIME(0,5,0)),"RETRASO DE 3-5 MIN",IF(AND((AM22-AK22)>=TIME(0,5,0),(AM22-AK22)<TIME(0,10,0)),"RETRASO DE 5-10 MIN",IF((AM22-AK22)>=TIME(0,10,0),"RETRASO >10 MIN", IF(AND((AK22-AM22)>=TIME(0,0,0),(AK22-AM22)<TIME(0,3,0)),"OK",IF((AK22-AM22)>=TIME(0,3,0),"ADELANTADO"))))))) | AN22: =IF(AE22<>"",HLOOKUP(VALUE(TEXT(AK22,"h:mm:ss")),IF($C$6="Laboral",$FZ$4:$GX$227,IF($C$6="Sábado",$FZ$231:$GX$452,$FZ$456:$GX$656)),VLOOKUP($C$4,$HF$2:$HH$99,3,0)+IF(AG$5="Ida",0,1),1),"") | AO22: =IF(AE23<>AE22,AVERAGEIF(AE$9:AE22,AE22,AN$9:AN22),"") | AP22: =IFERROR(IF(AE23<>AE22,AVERAGEIF(AE$9:AE22,AE22,AW$9:AW22),""),"") | AQ22: =IFERROR(IF(AE23<>AE22,AVERAGEIF(AE$9:AE22,AE22,AX$9:AX22),""),"") | AR22: {=IFERROR(IF(AE23<>AE22,_xlfn.STDEV.P(IF(AE$9:AE22=AE22,AX$9:AX22)),""),"")} | AS22: {=IFERROR(IF(AE23<>AE22,_xlfn.STDEV.P(IF(AE$9:AE22=AE22,AW$9:AW22)),""),"")} | AT22: =IFERROR(IF(AE22<>AE23,MAX((((AQ22*24*60)/2)*(1+POWER((((AR22*24*60) / (AQ22*24*60) )),2))) + ((AQ22*24*60 )*-0.1 + (AO22*0.015)) +1,(((AQ22*24*60)/2)*(1+POWER((((AR22*24*60) / (AQ22*24*60 ))),2)))),""),"") | AU22: =IF(AND(AS22<>"",AP22<>""),IF(AE22<>AE23,((AP22*24*60) / 2 ) * (1 + POWER(((AS22*24*60) / (AP22*24*60)),2)),""),"") | AV22: =IF(AU22<>"",MAX(AT22,AU22),"") | AW22: =IF(AM22<>"H. Sale Real",IF(AND(AM23<>"",LEFT(AG23,2)<>"Va"),IF(AND(AM22<>"",LEFT(AG22,2)<>"Va",AM22<>"H. Sale Real"),IF(AM23-AM22<0.208333333333333,AM23-AM22,""),IF(AND(AM21<>"",LEFT(AG21,2)<>"Va",AM21<>"H. Sale Real"),IF(AM23-AM21<0.208333333333333,AM23-AM21,""),IF(AND(AM20<>"",LEFT(AG20,2)<>"Va",AM20<>"H. Sale Real"),IF(AM23-AM20<0.208333333333333,AM23-AM20,""),IF(AND(AM19<>"",LEFT(AG19,2)<>"Va",AM19<>"H. Sale Real"),IF(AM23-AM19<0.208333333333333,AM23-AM19,""),IF(AND(AM18<>"",LEFT(AG18,2)<>"Va",AM18<>"H. Sale Real"),IF(AM23-AM18<0.208333333333333,AM23-AM18,""),""))))),""),"") | AX22: =IF(AK22<>"H. Sale Real",IF(AND(AK23<>"",LEFT(AG23,2)<>"Va"),IF(AND(AK22<>"",LEFT(AG22,2)<>"Va",AK22<>"H. Sale Real"),IF(AK23-AK22<0.208333333333333,AK23-AK22,""),IF(AND(AK21<>"",LEFT(AG21,2)<>"Va",AK21<>"H. Sale Real"),IF(AK23-AK21<0.208333333333333,AK23-AK21,""),IF(AND(AK20<>"",LEFT(AG20,2)<>"NC",AK20<>"H. Sale Real"),IF(AK23-AK20<0.208333333333333,AK23-AK20,""),IF(AND(AK19<>"",LEFT(AG19,2)<>"Va",AK19<>"H. Sale Real"),IF(AK23-AK19<0.208333333333333,AK23-AK19,""),IF(AND(AK18<>"",LEFT(AG18,2)<>"Va",AK18<>"H. Sale Real"),IF(AK23-AK18<0.208333333333333,AK23-AK18,""),""))))),""),"") | BD22: =IF(AK22<>"",IF(AND(BD21<>"IE",AT22<>0,AV22<>""),IF(IFERROR((AT22/AV22),0) <=1,IFERROR(AT22/AV22,""),1),""),"") | BI22: 10 | BJ22: =COUNTIFS($A:$A,$BI22,$C:$C,$BI$11) | BK22: =BJ22-COUNTIFS($A:$A,$BI22,$C:$C,$BI$11,$H:$H,"") | BL22: =IFERROR((BK22/BJ22),"") | BM22: =_xlfn.XLOOKUP(BI22,$A:$A,$R:$R,"0",0,-1) | BN22: =_xlfn.XLOOKUP(BI22,$A:$A,$P:$P,"0",0,-1) | BO22: =_xlfn.XLOOKUP(BI22,$A:$A,$Z:$Z,"",0,-1) | BR22: 10 | BS22: =COUNTIFS($AE:$AE,$BR22,$AG:$AG,$BR$11) | BT22: =BS22-COUNTIFS($AE:$AE,$BR22,$AG:$AG,$BR$11,$AL:$AL,"") | BU22: =IFERROR((BT22/BS22),"") | BV22: =_xlfn.XLOOKUP(BR22,$AE:$AE,$AV:$AV,"0",0,-1) | BW22: =_xlfn.XLOOKUP(BR22,$AE:$AE,$AT:$AT,"0",0,-1) | BX22: =_xlfn.XLOOKUP(BR22,$AE:$AE,$BD:$BD,"",0,-1) | FC22: Diccionario 1 | FD22: 1019 | FE22: D8478282K2PL | FF22: YV3T7U526KA195143 | FG22: Volvo | FH22: B8R | FI22: MARCOPOLO | FJ22: TORINO | FK22: 2019 | FL22: B2PAL | FM22: LOS LIBERTADORES | FN22: Los Liberadores 6450, Lote 4A | FO22: Huechuraba | FP22: B | FS22: 3006 / SFVZ-94| | FT22: SFVZ-94| | FU22: SFVZ-94 | FV22: =VLOOKUP(FU22,FD:FL,9,0) | FZ22: B17 | GA22: 0 | GB22: 0 | GC22: 0 | GD22: 0 | GE22: 0 | GF22: 19.515 | GG22: 15.71 | GH22: 13.255 | GI22: 14.735 | GJ22: 15.74 | GK22: 15.465 | GL22: 15.135 | GM22: 15.295 | GN22: 15.625 | GO22: 15.64 | GP22: 15.085 | GQ22: 14.175 | GR22: 13.67 | GS22: 14.765 | GT22: 16.58 | GU22: 18.86 | GV22: 20.13 | GW22: 21.71 | GX22: 23.565 | HA22: 19 | HB22: 16 | HE22: U9 | HF22: B36 | HG22: B36 | HH22: 35 | HL22: AlfaU9 | HM22: B36 | HN22: Santa Marta | HO22: 836 | IB22: Situación a Revisar
A23: =HOUR(G23)+1 | D23: =IFERROR( IF(AND(OR(Planilla!B23="C",Planilla!B23="c"), VLOOKUP(E23,FD:FP,13,0)="C"), "OK",IF(AND(OR(Planilla!B23="C",Planilla!B23="c"), OR(VLOOKUP(E23,FD:FP,13,0)="B", VLOOKUP(E23,FD:FP,13,0)="A")), "DEFICIT",IF( AND(OR(Planilla!B23="B", Planilla!B23="BPAL"), VLOOKUP(E23,FD:FP,13,0)="B"), "OK",IF(AND(OR(Planilla!B23="B", Planilla!B23="BPAL"), VLOOKUP(E23,FD:FP,13,0)="A"), "DEFICIT",IF(AND(OR(Planilla!B23="B", Planilla!B23="BPAL"), VLOOKUP(E23,FD:FP,13,0)="C"), "SOBREOFERTA",IF(AND(Planilla!B23="A", VLOOKUP(E23,FD:FP,13,0)="A"), "OK",IF( AND(Planilla!B23="A", OR(VLOOKUP(E23,FD:FP,13,0)="B", VLOOKUP(E23,FD:FP,13,0)="C")), "SOBREOFERTA","" ))))))),"") | H23: =IF(I23="","",IF(AND((I23-G23)>=TIME(0,0,0),(I23-G23)<TIME(0,3,0)),"OK",IF(AND((I23-G23)>=TIME(0,3,0),(I23-G23)<TIME(0,5,0)),"RETRASO DE 3-5 MIN",IF(AND((I23-G23)>=TIME(0,5,0),(I23-G23)<TIME(0,10,0)),"RETRASO DE 5-10 MIN",IF((I23-G23)>=TIME(0,10,0),"RETRASO >10 MIN", IF(AND((G23-I23)>=TIME(0,0,0),(G23-I23)<TIME(0,3,0)),"OK",IF((G23-I23)>=TIME(0,3,0),"ADELANTADO"))))))) | J23: =IF(A23<>"",HLOOKUP(VALUE(TEXT(G23,"h:mm:ss")),IF($C$6="Laboral",$FZ$4:$GX$227,IF($C$6="Sábado",$FZ$231:$GX$452,$FZ$456:$GX$656)),VLOOKUP($C$4,$HF$2:$HH$99,3,0)+IF(C$5="Ida",0,1),1),"") | K23: =IF(A24<>A23,AVERAGEIF(A$9:A23,A23,J$9:J23),"") | L23: =IFERROR(IF(A24<>A23,AVERAGEIF(A$9:A23,A23,S$9:S23),""),"") | M23: =IFERROR(IF(A24<>A23,AVERAGEIF(A$9:A23,A23,T$9:T23),""),"") | N23: {=IFERROR(IF(A24<>A23,_xlfn.STDEV.P(IF(A$9:A23=A23,T$9:T23)),""),"")} | O23: {=IFERROR(IF(A24<>A23,_xlfn.STDEV.P(IF(A$9:A23=A23,S$9:S23)),""),"")} | P23: =IFERROR(IF(A23<>A24,MAX((((M23*24*60)/2)*(1+POWER((((N23*24*60) / (M23*24*60) )),2))) + ((M23*24*60 )*-0.1 + (K23*0.015)) +1,(((M23*24*60)/2)*(1+POWER((((N23*24*60) / (M23*24*60 ))),2)))),""),"") | Q23: =IF(AND(O23<>"",L23<>""),IF(A23<>A24,((L23*24*60) / 2 ) * (1 + POWER(((O23*24*60) / (L23*24*60)),2)),""),"") | R23: =IF(Q23<>"",MAX(P23,Q23),"") | S23: =IF(I23<>"H. Sale Real",IF(AND(I24<>"",LEFT(C24,2)<>"Va"),IF(AND(I23<>"",LEFT(C23,2)<>"Va",I23<>"H. Sale Real"),IF(I24-I23<0.208333333333333,I24-I23,""),IF(AND(I22<>"",LEFT(C22,2)<>"Va",I22<>"H. Sale Real"),IF(I24-I22<0.208333333333333,I24-I22,""),IF(AND(I21<>"",LEFT(C21,2)<>"Va",I21<>"H. Sale Real"),IF(I24-I21<0.208333333333333,I24-I21,""),IF(AND(I20<>"",LEFT(C20,2)<>"Va",I20<>"H. Sale Real"),IF(I24-I20<0.208333333333333,I24-I20,""),IF(AND(I19<>"",LEFT(C19,2)<>"Va",I19<>"H. Sale Real"),IF(I24-I19<0.208333333333333,I24-I19,""),""))))),""),"") | T23: =IF(G23<>"H. Sale Real",IF(AND(G24<>"",LEFT(C24,2)<>"Va"),IF(AND(G23<>"",LEFT(C23,2)<>"Va",G23<>"H. Sale Real"),IF(G24-G23<0.208333333333333,G24-G23,""),IF(AND(G22<>"",LEFT(C22,2)<>"Va",G22<>"H. Sale Real"),IF(G24-G22<0.208333333333333,G24-G22,""),IF(AND(G21<>"",LEFT(C21,2)<>"Va",G21<>"H. Sale Real"),IF(G24-G21<0.208333333333333,G24-G21,""),IF(AND(G20<>"",LEFT(C20,2)<>"Va",G20<>"H. Sale Real"),IF(G24-G20<0.208333333333333,G24-G20,""),IF(AND(G19<>"",LEFT(C19,2)<>"Va",G19<>"H. Sale Real"),IF(G24-G19<0.208333333333333,G24-G19,""),""))))),""),"") | Z23: =IF(G23<>"",IF(AND(Z22<>"IE",P23<>0,R23<>""),IF(IFERROR((P23/R23),0) <=1,IFERROR(P23/R23,""),1),""),"") | AE23: =HOUR(AK23)+1 | AL23: =IF(AM23="","",IF(AND((AM23-AK23)>=TIME(0,0,0),(AM23-AK23)<TIME(0,3,0)),"OK",IF(AND((AM23-AK23)>=TIME(0,3,0),(AM23-AK23)<TIME(0,5,0)),"RETRASO DE 3-5 MIN",IF(AND((AM23-AK23)>=TIME(0,5,0),(AM23-AK23)<TIME(0,10,0)),"RETRASO DE 5-10 MIN",IF((AM23-AK23)>=TIME(0,10,0),"RETRASO >10 MIN", IF(AND((AK23-AM23)>=TIME(0,0,0),(AK23-AM23)<TIME(0,3,0)),"OK",IF((AK23-AM23)>=TIME(0,3,0),"ADELANTADO"))))))) | AN23: =IF(AE23<>"",HLOOKUP(VALUE(TEXT(AK23,"h:mm:ss")),IF($C$6="Laboral",$FZ$4:$GX$227,IF($C$6="Sábado",$FZ$231:$GX$452,$FZ$456:$GX$656)),VLOOKUP($C$4,$HF$2:$HH$99,3,0)+IF(AG$5="Ida",0,1),1),"") | AO23: =IF(AE24<>AE23,AVERAGEIF(AE$9:AE23,AE23,AN$9:AN23),"") | AP23: =IFERROR(IF(AE24<>AE23,AVERAGEIF(AE$9:AE23,AE23,AW$9:AW23),""),"") | AQ23: =IFERROR(IF(AE24<>AE23,AVERAGEIF(AE$9:AE23,AE23,AX$9:AX23),""),"") | AR23: {=IFERROR(IF(AE24<>AE23,_xlfn.STDEV.P(IF(AE$9:AE23=AE23,AX$9:AX23)),""),"")} | AS23: {=IFERROR(IF(AE24<>AE23,_xlfn.STDEV.P(IF(AE$9:AE23=AE23,AW$9:AW23)),""),"")} | AT23: =IFERROR(IF(AE23<>AE24,MAX((((AQ23*24*60)/2)*(1+POWER((((AR23*24*60) / (AQ23*24*60) )),2))) + ((AQ23*24*60 )*-0.1 + (AO23*0.015)) +1,(((AQ23*24*60)/2)*(1+POWER((((AR23*24*60) / (AQ23*24*60 ))),2)))),""),"") | AU23: =IF(AND(AS23<>"",AP23<>""),IF(AE23<>AE24,((AP23*24*60) / 2 ) * (1 + POWER(((AS23*24*60) / (AP23*24*60)),2)),""),"") | AV23: =IF(AU23<>"",MAX(AT23,AU23),"") | AW23: =IF(AM23<>"H. Sale Real",IF(AND(AM24<>"",LEFT(AG24,2)<>"Va"),IF(AND(AM23<>"",LEFT(AG23,2)<>"Va",AM23<>"H. Sale Real"),IF(AM24-AM23<0.208333333333333,AM24-AM23,""),IF(AND(AM22<>"",LEFT(AG22,2)<>"Va",AM22<>"H. Sale Real"),IF(AM24-AM22<0.208333333333333,AM24-AM22,""),IF(AND(AM21<>"",LEFT(AG21,2)<>"Va",AM21<>"H. Sale Real"),IF(AM24-AM21<0.208333333333333,AM24-AM21,""),IF(AND(AM20<>"",LEFT(AG20,2)<>"Va",AM20<>"H. Sale Real"),IF(AM24-AM20<0.208333333333333,AM24-AM20,""),IF(AND(AM19<>"",LEFT(AG19,2)<>"Va",AM19<>"H. Sale Real"),IF(AM24-AM19<0.208333333333333,AM24-AM19,""),""))))),""),"") | AX23: =IF(AK23<>"H. Sale Real",IF(AND(AK24<>"",LEFT(AG24,2)<>"Va"),IF(AND(AK23<>"",LEFT(AG23,2)<>"Va",AK23<>"H. Sale Real"),IF(AK24-AK23<0.208333333333333,AK24-AK23,""),IF(AND(AK22<>"",LEFT(AG22,2)<>"Va",AK22<>"H. Sale Real"),IF(AK24-AK22<0.208333333333333,AK24-AK22,""),IF(AND(AK21<>"",LEFT(AG21,2)<>"NC",AK21<>"H. Sale Real"),IF(AK24-AK21<0.208333333333333,AK24-AK21,""),IF(AND(AK20<>"",LEFT(AG20,2)<>"Va",AK20<>"H. Sale Real"),IF(AK24-AK20<0.208333333333333,AK24-AK20,""),IF(AND(AK19<>"",LEFT(AG19,2)<>"Va",AK19<>"H. Sale Real"),IF(AK24-AK19<0.208333333333333,AK24-AK19,""),""))))),""),"") | BD23: =IF(AK23<>"",IF(AND(BD22<>"IE",AT23<>0,AV23<>""),IF(IFERROR((AT23/AV23),0) <=1,IFERROR(AT23/AV23,""),1),""),"") | BI23: 11 | BJ23: =COUNTIFS($A:$A,$BI23,$C:$C,$BI$11) | BK23: =BJ23-COUNTIFS($A:$A,$BI23,$C:$C,$BI$11,$H:$H,"") | BL23: =IFERROR((BK23/BJ23),"") | BM23: =_xlfn.XLOOKUP(BI23,$A:$A,$R:$R,"0",0,-1) | BN23: =_xlfn.XLOOKUP(BI23,$A:$A,$P:$P,"0",0,-1) | BO23: =_xlfn.XLOOKUP(BI23,$A:$A,$Z:$Z,"",0,-1) | BR23: 11 | BS23: =COUNTIFS($AE:$AE,$BR23,$AG:$AG,$BR$11) | BT23: =BS23-COUNTIFS($AE:$AE,$BR23,$AG:$AG,$BR$11,$AL:$AL,"") | BU23: =IFERROR((BT23/BS23),"") | BV23: =_xlfn.XLOOKUP(BR23,$AE:$AE,$AV:$AV,"0",0,-1) | BW23: =_xlfn.XLOOKUP(BR23,$AE:$AE,$AT:$AT,"0",0,-1) | BX23: =_xlfn.XLOOKUP(BR23,$AE:$AE,$BD:$BD,"",0,-1) | FC23: Diccionario 1 | FD23: 1020 | FE23: D8482576K2PL | FF23: YV3T7U523KA195357 | FG23: Volvo | FH23: B8R | FI23: MARCOPOLO | FJ23: TORINO | FK23: 2019 | FL23: B2PAL | FM23: LOS LIBERTADORES | FN23: Los Liberadores 6450, Lote 4A | FO23: Huechuraba | FP23: B | FS23: 3006 / SFVZ-94| | FT23: SFVZ-94| | FU23: SFVZ-94 | FV23: =VLOOKUP(FU23,FD:FL,9,0) | FZ23: B18 | GA23: 18.21 | GB23: 0 | GC23: 0 | GD23: 0 | GE23: 0 | GF23: 11.705 | GG23: 19.09 | GH23: 15.435 | GI23: 18.54 | GJ23: 21.87 | GK23: 23.255 | GL23: 23.18 | GM23: 23.15 | GN23: 23.46 | GO23: 23.915 | GP23: 23.77 | GQ23: 22.61 | GR23: 17.535 | GS23: 16.815 | GT23: 21.705 | GU23: 26.01 | GV23: 28.9 | GW23: 31.125 | GX23: 31.125 | HA23: 20 | HB23: 17 | HE23: U9 | HF23: B37 | HG23: B37 | HH23: 30 | HL23: AlfaU9 | HM23: B37 | HN23: Santa Marta | HO23: 837 | IB23: No cuadra con Digicar
A24: =HOUR(G24)+1 | D24: =IFERROR( IF(AND(OR(Planilla!B24="C",Planilla!B24="c"), VLOOKUP(E24,FD:FP,13,0)="C"), "OK",IF(AND(OR(Planilla!B24="C",Planilla!B24="c"), OR(VLOOKUP(E24,FD:FP,13,0)="B", VLOOKUP(E24,FD:FP,13,0)="A")), "DEFICIT",IF( AND(OR(Planilla!B24="B", Planilla!B24="BPAL"), VLOOKUP(E24,FD:FP,13,0)="B"), "OK",IF(AND(OR(Planilla!B24="B", Planilla!B24="BPAL"), VLOOKUP(E24,FD:FP,13,0)="A"), "DEFICIT",IF(AND(OR(Planilla!B24="B", Planilla!B24="BPAL"), VLOOKUP(E24,FD:FP,13,0)="C"), "SOBREOFERTA",IF(AND(Planilla!B24="A", VLOOKUP(E24,FD:FP,13,0)="A"), "OK",IF( AND(Planilla!B24="A", OR(VLOOKUP(E24,FD:FP,13,0)="B", VLOOKUP(E24,FD:FP,13,0)="C")), "SOBREOFERTA","" ))))))),"") | H24: =IF(I24="","",IF(AND((I24-G24)>=TIME(0,0,0),(I24-G24)<TIME(0,3,0)),"OK",IF(AND((I24-G24)>=TIME(0,3,0),(I24-G24)<TIME(0,5,0)),"RETRASO DE 3-5 MIN",IF(AND((I24-G24)>=TIME(0,5,0),(I24-G24)<TIME(0,10,0)),"RETRASO DE 5-10 MIN",IF((I24-G24)>=TIME(0,10,0),"RETRASO >10 MIN", IF(AND((G24-I24)>=TIME(0,0,0),(G24-I24)<TIME(0,3,0)),"OK",IF((G24-I24)>=TIME(0,3,0),"ADELANTADO"))))))) | J24: =IF(A24<>"",HLOOKUP(VALUE(TEXT(G24,"h:mm:ss")),IF($C$6="Laboral",$FZ$4:$GX$227,IF($C$6="Sábado",$FZ$231:$GX$452,$FZ$456:$GX$656)),VLOOKUP($C$4,$HF$2:$HH$99,3,0)+IF(C$5="Ida",0,1),1),"") | K24: =IF(A25<>A24,AVERAGEIF(A$9:A24,A24,J$9:J24),"") | L24: =IFERROR(IF(A25<>A24,AVERAGEIF(A$9:A24,A24,S$9:S24),""),"") | M24: =IFERROR(IF(A25<>A24,AVERAGEIF(A$9:A24,A24,T$9:T24),""),"") | N24: {=IFERROR(IF(A25<>A24,_xlfn.STDEV.P(IF(A$9:A24=A24,T$9:T24)),""),"")} | O24: {=IFERROR(IF(A25<>A24,_xlfn.STDEV.P(IF(A$9:A24=A24,S$9:S24)),""),"")} | P24: =IFERROR(IF(A24<>A25,MAX((((M24*24*60)/2)*(1+POWER((((N24*24*60) / (M24*24*60) )),2))) + ((M24*24*60 )*-0.1 + (K24*0.015)) +1,(((M24*24*60)/2)*(1+POWER((((N24*24*60) / (M24*24*60 ))),2)))),""),"") | Q24: =IF(AND(O24<>"",L24<>""),IF(A24<>A25,((L24*24*60) / 2 ) * (1 + POWER(((O24*24*60) / (L24*24*60)),2)),""),"") | R24: =IF(Q24<>"",MAX(P24,Q24),"") | S24: =IF(I24<>"H. Sale Real",IF(AND(I25<>"",LEFT(C25,2)<>"Va"),IF(AND(I24<>"",LEFT(C24,2)<>"Va",I24<>"H. Sale Real"),IF(I25-I24<0.208333333333333,I25-I24,""),IF(AND(I23<>"",LEFT(C23,2)<>"Va",I23<>"H. Sale Real"),IF(I25-I23<0.208333333333333,I25-I23,""),IF(AND(I22<>"",LEFT(C22,2)<>"Va",I22<>"H. Sale Real"),IF(I25-I22<0.208333333333333,I25-I22,""),IF(AND(I21<>"",LEFT(C21,2)<>"Va",I21<>"H. Sale Real"),IF(I25-I21<0.208333333333333,I25-I21,""),IF(AND(I20<>"",LEFT(C20,2)<>"Va",I20<>"H. Sale Real"),IF(I25-I20<0.208333333333333,I25-I20,""),""))))),""),"") | T24: =IF(G24<>"H. Sale Real",IF(AND(G25<>"",LEFT(C25,2)<>"Va"),IF(AND(G24<>"",LEFT(C24,2)<>"Va",G24<>"H. Sale Real"),IF(G25-G24<0.208333333333333,G25-G24,""),IF(AND(G23<>"",LEFT(C23,2)<>"Va",G23<>"H. Sale Real"),IF(G25-G23<0.208333333333333,G25-G23,""),IF(AND(G22<>"",LEFT(C22,2)<>"Va",G22<>"H. Sale Real"),IF(G25-G22<0.208333333333333,G25-G22,""),IF(AND(G21<>"",LEFT(C21,2)<>"Va",G21<>"H. Sale Real"),IF(G25-G21<0.208333333333333,G25-G21,""),IF(AND(G20<>"",LEFT(C20,2)<>"Va",G20<>"H. Sale Real"),IF(G25-G20<0.208333333333333,G25-G20,""),""))))),""),"") | Z24: =IF(G24<>"",IF(AND(Z23<>"IE",P24<>0,R24<>""),IF(IFERROR((P24/R24),0) <=1,IFERROR(P24/R24,""),1),""),"") | AE24: =HOUR(AK24)+1 | AL24: =IF(AM24="","",IF(AND((AM24-AK24)>=TIME(0,0,0),(AM24-AK24)<TIME(0,3,0)),"OK",IF(AND((AM24-AK24)>=TIME(0,3,0),(AM24-AK24)<TIME(0,5,0)),"RETRASO DE 3-5 MIN",IF(AND((AM24-AK24)>=TIME(0,5,0),(AM24-AK24)<TIME(0,10,0)),"RETRASO DE 5-10 MIN",IF((AM24-AK24)>=TIME(0,10,0),"RETRASO >10 MIN", IF(AND((AK24-AM24)>=TIME(0,0,0),(AK24-AM24)<TIME(0,3,0)),"OK",IF((AK24-AM24)>=TIME(0,3,0),"ADELANTADO"))))))) | AN24: =IF(AE24<>"",HLOOKUP(VALUE(TEXT(AK24,"h:mm:ss")),IF($C$6="Laboral",$FZ$4:$GX$227,IF($C$6="Sábado",$FZ$231:$GX$452,$FZ$456:$GX$656)),VLOOKUP($C$4,$HF$2:$HH$99,3,0)+IF(AG$5="Ida",0,1),1),"") | AO24: =IF(AE25<>AE24,AVERAGEIF(AE$9:AE24,AE24,AN$9:AN24),"") | AP24: =IFERROR(IF(AE25<>AE24,AVERAGEIF(AE$9:AE24,AE24,AW$9:AW24),""),"") | AQ24: =IFERROR(IF(AE25<>AE24,AVERAGEIF(AE$9:AE24,AE24,AX$9:AX24),""),"") | AR24: {=IFERROR(IF(AE25<>AE24,_xlfn.STDEV.P(IF(AE$9:AE24=AE24,AX$9:AX24)),""),"")} | AS24: {=IFERROR(IF(AE25<>AE24,_xlfn.STDEV.P(IF(AE$9:AE24=AE24,AW$9:AW24)),""),"")} | AT24: =IFERROR(IF(AE24<>AE25,MAX((((AQ24*24*60)/2)*(1+POWER((((AR24*24*60) / (AQ24*24*60) )),2))) + ((AQ24*24*60 )*-0.1 + (AO24*0.015)) +1,(((AQ24*24*60)/2)*(1+POWER((((AR24*24*60) / (AQ24*24*60 ))),2)))),""),"") | AU24: =IF(AND(AS24<>"",AP24<>""),IF(AE24<>AE25,((AP24*24*60) / 2 ) * (1 + POWER(((AS24*24*60) / (AP24*24*60)),2)),""),"") | AV24: =IF(AU24<>"",MAX(AT24,AU24),"") | AW24: =IF(AM24<>"H. Sale Real",IF(AND(AM25<>"",LEFT(AG25,2)<>"Va"),IF(AND(AM24<>"",LEFT(AG24,2)<>"Va",AM24<>"H. Sale Real"),IF(AM25-AM24<0.208333333333333,AM25-AM24,""),IF(AND(AM23<>"",LEFT(AG23,2)<>"Va",AM23<>"H. Sale Real"),IF(AM25-AM23<0.208333333333333,AM25-AM23,""),IF(AND(AM22<>"",LEFT(AG22,2)<>"Va",AM22<>"H. Sale Real"),IF(AM25-AM22<0.208333333333333,AM25-AM22,""),IF(AND(AM21<>"",LEFT(AG21,2)<>"Va",AM21<>"H. Sale Real"),IF(AM25-AM21<0.208333333333333,AM25-AM21,""),IF(AND(AM20<>"",LEFT(AG20,2)<>"Va",AM20<>"H. Sale Real"),IF(AM25-AM20<0.208333333333333,AM25-AM20,""),""))))),""),"") | AX24: =IF(AK24<>"H. Sale Real",IF(AND(AK25<>"",LEFT(AG25,2)<>"Va"),IF(AND(AK24<>"",LEFT(AG24,2)<>"Va",AK24<>"H. Sale Real"),IF(AK25-AK24<0.208333333333333,AK25-AK24,""),IF(AND(AK23<>"",LEFT(AG23,2)<>"Va",AK23<>"H. Sale Real"),IF(AK25-AK23<0.208333333333333,AK25-AK23,""),IF(AND(AK22<>"",LEFT(AG22,2)<>"NC",AK22<>"H. Sale Real"),IF(AK25-AK22<0.208333333333333,AK25-AK22,""),IF(AND(AK21<>"",LEFT(AG21,2)<>"Va",AK21<>"H. Sale Real"),IF(AK25-AK21<0.208333333333333,AK25-AK21,""),IF(AND(AK20<>"",LEFT(AG20,2)<>"Va",AK20<>"H. Sale Real"),IF(AK25-AK20<0.208333333333333,AK25-AK20,""),""))))),""),"") | BD24: =IF(AK24<>"",IF(AND(BD23<>"IE",AT24<>0,AV24<>""),IF(IFERROR((AT24/AV24),0) <=1,IFERROR(AT24/AV24,""),1),""),"") | BI24: 12 | BJ24: =COUNTIFS($A:$A,$BI24,$C:$C,$BI$11) | BK24: =BJ24-COUNTIFS($A:$A,$BI24,$C:$C,$BI$11,$H:$H,"") | BL24: =IFERROR((BK24/BJ24),"") | BM24: =_xlfn.XLOOKUP(BI24,$A:$A,$R:$R,"0",0,-1) | BN24: =_xlfn.XLOOKUP(BI24,$A:$A,$P:$P,"0",0,-1) | BO24: =_xlfn.XLOOKUP(BI24,$A:$A,$Z:$Z,"",0,-1) | BR24: 12 | BS24: =COUNTIFS($AE:$AE,$BR24,$AG:$AG,$BR$11) | BT24: =BS24-COUNTIFS($AE:$AE,$BR24,$AG:$AG,$BR$11,$AL:$AL,"") | BU24: =IFERROR((BT24/BS24),"") | BV24: =_xlfn.XLOOKUP(BR24,$AE:$AE,$AV:$AV,"0",0,-1) | BW24: =_xlfn.XLOOKUP(BR24,$AE:$AE,$AT:$AT,"0",0,-1) | BX24: =_xlfn.XLOOKUP(BR24,$AE:$AE,$BD:$BD,"",0,-1) | FC24: Diccionario 1 | FD24: 1021 | FE24: D8482502K2PL | FF24: YV3T7U523KA195360 | FG24: Volvo | FH24: B8R | FI24: MARCOPOLO | FJ24: TORINO | FK24: 2019 | FL24: B2PAL | FM24: LOS LIBERTADORES | FN24: Los Liberadores 6450, Lote 4A | FO24: Huechuraba | FP24: B | FS24: 3006 / SFVZ-94| | FT24: SFVZ-94| | FU24: SFVZ-94 | FV24: =VLOOKUP(FU24,FD:FL,9,0) | FZ24: B18 | GA24: 0 | GB24: 0 | GC24: 0 | GD24: 0 | GE24: 0 | GF24: 25.505 | GG24: 18.24 | GH24: 13.375 | GI24: 16.31 | GJ24: 18.185 | GK24: 18.57 | GL24: 18.21 | GM24: 17.125 | GN24: 17.22 | GO24: 17.465 | GP24: 16.485 | GQ24: 15.45 | GR24: 13.52 | GS24: 12.96 | GT24: 15.92 | GU24: 19.525 | GV24: 21.65 | GW24: 23.63 | GX24: 26.02 | HA24: 21 | HB24: 18 | HE24: U9 | HF24: 410 | HG24: 410 | HH24: 36 | HL24: AlfaU9 | HM24: 410 | HN24: Condell | HO24: 841 | IB24: Problema en Despacho
A25: =HOUR(G25)+1 | D25: =IFERROR( IF(AND(OR(Planilla!B25="C",Planilla!B25="c"), VLOOKUP(E25,FD:FP,13,0)="C"), "OK",IF(AND(OR(Planilla!B25="C",Planilla!B25="c"), OR(VLOOKUP(E25,FD:FP,13,0)="B", VLOOKUP(E25,FD:FP,13,0)="A")), "DEFICIT",IF( AND(OR(Planilla!B25="B", Planilla!B25="BPAL"), VLOOKUP(E25,FD:FP,13,0)="B"), "OK",IF(AND(OR(Planilla!B25="B", Planilla!B25="BPAL"), VLOOKUP(E25,FD:FP,13,0)="A"), "DEFICIT",IF(AND(OR(Planilla!B25="B", Planilla!B25="BPAL"), VLOOKUP(E25,FD:FP,13,0)="C"), "SOBREOFERTA",IF(AND(Planilla!B25="A", VLOOKUP(E25,FD:FP,13,0)="A"), "OK",IF( AND(Planilla!B25="A", OR(VLOOKUP(E25,FD:FP,13,0)="B", VLOOKUP(E25,FD:FP,13,0)="C")), "SOBREOFERTA","" ))))))),"") | H25: =IF(I25="","",IF(AND((I25-G25)>=TIME(0,0,0),(I25-G25)<TIME(0,3,0)),"OK",IF(AND((I25-G25)>=TIME(0,3,0),(I25-G25)<TIME(0,5,0)),"RETRASO DE 3-5 MIN",IF(AND((I25-G25)>=TIME(0,5,0),(I25-G25)<TIME(0,10,0)),"RETRASO DE 5-10 MIN",IF((I25-G25)>=TIME(0,10,0),"RETRASO >10 MIN", IF(AND((G25-I25)>=TIME(0,0,0),(G25-I25)<TIME(0,3,0)),"OK",IF((G25-I25)>=TIME(0,3,0),"ADELANTADO"))))))) | J25: =IF(A25<>"",HLOOKUP(VALUE(TEXT(G25,"h:mm:ss")),IF($C$6="Laboral",$FZ$4:$GX$227,IF($C$6="Sábado",$FZ$231:$GX$452,$FZ$456:$GX$656)),VLOOKUP($C$4,$HF$2:$HH$99,3,0)+IF(C$5="Ida",0,1),1),"") | K25: =IF(A26<>A25,AVERAGEIF(A$9:A25,A25,J$9:J25),"") | L25: =IFERROR(IF(A26<>A25,AVERAGEIF(A$9:A25,A25,S$9:S25),""),"") | M25: =IFERROR(IF(A26<>A25,AVERAGEIF(A$9:A25,A25,T$9:T25),""),"") | N25: {=IFERROR(IF(A26<>A25,_xlfn.STDEV.P(IF(A$9:A25=A25,T$9:T25)),""),"")} | O25: {=IFERROR(IF(A26<>A25,_xlfn.STDEV.P(IF(A$9:A25=A25,S$9:S25)),""),"")} | P25: =IFERROR(IF(A25<>A26,MAX((((M25*24*60)/2)*(1+POWER((((N25*24*60) / (M25*24*60) )),2))) + ((M25*24*60 )*-0.1 + (K25*0.015)) +1,(((M25*24*60)/2)*(1+POWER((((N25*24*60) / (M25*24*60 ))),2)))),""),"") | Q25: =IF(AND(O25<>"",L25<>""),IF(A25<>A26,((L25*24*60) / 2 ) * (1 + POWER(((O25*24*60) / (L25*24*60)),2)),""),"") | R25: =IF(Q25<>"",MAX(P25,Q25),"") | S25: =IF(I25<>"H. Sale Real",IF(AND(I26<>"",LEFT(C26,2)<>"Va"),IF(AND(I25<>"",LEFT(C25,2)<>"Va",I25<>"H. Sale Real"),IF(I26-I25<0.208333333333333,I26-I25,""),IF(AND(I24<>"",LEFT(C24,2)<>"Va",I24<>"H. Sale Real"),IF(I26-I24<0.208333333333333,I26-I24,""),IF(AND(I23<>"",LEFT(C23,2)<>"Va",I23<>"H. Sale Real"),IF(I26-I23<0.208333333333333,I26-I23,""),IF(AND(I22<>"",LEFT(C22,2)<>"Va",I22<>"H. Sale Real"),IF(I26-I22<0.208333333333333,I26-I22,""),IF(AND(I21<>"",LEFT(C21,2)<>"Va",I21<>"H. Sale Real"),IF(I26-I21<0.208333333333333,I26-I21,""),""))))),""),"") | T25: =IF(G25<>"H. Sale Real",IF(AND(G26<>"",LEFT(C26,2)<>"Va"),IF(AND(G25<>"",LEFT(C25,2)<>"Va",G25<>"H. Sale Real"),IF(G26-G25<0.208333333333333,G26-G25,""),IF(AND(G24<>"",LEFT(C24,2)<>"Va",G24<>"H. Sale Real"),IF(G26-G24<0.208333333333333,G26-G24,""),IF(AND(G23<>"",LEFT(C23,2)<>"Va",G23<>"H. Sale Real"),IF(G26-G23<0.208333333333333,G26-G23,""),IF(AND(G22<>"",LEFT(C22,2)<>"Va",G22<>"H. Sale Real"),IF(G26-G22<0.208333333333333,G26-G22,""),IF(AND(G21<>"",LEFT(C21,2)<>"Va",G21<>"H. Sale Real"),IF(G26-G21<0.208333333333333,G26-G21,""),""))))),""),"") | Z25: =IF(G25<>"",IF(AND(Z24<>"IE",P25<>0,R25<>""),IF(IFERROR((P25/R25),0) <=1,IFERROR(P25/R25,""),1),""),"") | AE25: =HOUR(AK25)+1 | AL25: =IF(AM25="","",IF(AND((AM25-AK25)>=TIME(0,0,0),(AM25-AK25)<TIME(0,3,0)),"OK",IF(AND((AM25-AK25)>=TIME(0,3,0),(AM25-AK25)<TIME(0,5,0)),"RETRASO DE 3-5 MIN",IF(AND((AM25-AK25)>=TIME(0,5,0),(AM25-AK25)<TIME(0,10,0)),"RETRASO DE 5-10 MIN",IF((AM25-AK25)>=TIME(0,10,0),"RETRASO >10 MIN", IF(AND((AK25-AM25)>=TIME(0,0,0),(AK25-AM25)<TIME(0,3,0)),"OK",IF((AK25-AM25)>=TIME(0,3,0),"ADELANTADO"))))))) | AN25: =IF(AE25<>"",HLOOKUP(VALUE(TEXT(AK25,"h:mm:ss")),IF($C$6="Laboral",$FZ$4:$GX$227,IF($C$6="Sábado",$FZ$231:$GX$452,$FZ$456:$GX$656)),VLOOKUP($C$4,$HF$2:$HH$99,3,0)+IF(AG$5="Ida",0,1),1),"") | AO25: =IF(AE26<>AE25,AVERAGEIF(AE$9:AE25,AE25,AN$9:AN25),"") | AP25: =IFERROR(IF(AE26<>AE25,AVERAGEIF(AE$9:AE25,AE25,AW$9:AW25),""),"") | AQ25: =IFERROR(IF(AE26<>AE25,AVERAGEIF(AE$9:AE25,AE25,AX$9:AX25),""),"") | AR25: {=IFERROR(IF(AE26<>AE25,_xlfn.STDEV.P(IF(AE$9:AE25=AE25,AX$9:AX25)),""),"")} | AS25: {=IFERROR(IF(AE26<>AE25,_xlfn.STDEV.P(IF(AE$9:AE25=AE25,AW$9:AW25)),""),"")} | AT25: =IFERROR(IF(AE25<>AE26,MAX((((AQ25*24*60)/2)*(1+POWER((((AR25*24*60) / (AQ25*24*60) )),2))) + ((AQ25*24*60 )*-0.1 + (AO25*0.015)) +1,(((AQ25*24*60)/2)*(1+POWER((((AR25*24*60) / (AQ25*24*60 ))),2)))),""),"") | AU25: =IF(AND(AS25<>"",AP25<>""),IF(AE25<>AE26,((AP25*24*60) / 2 ) * (1 + POWER(((AS25*24*60) / (AP25*24*60)),2)),""),"") | AV25: =IF(AU25<>"",MAX(AT25,AU25),"") | AW25: =IF(AM25<>"H. Sale Real",IF(AND(AM26<>"",LEFT(AG26,2)<>"Va"),IF(AND(AM25<>"",LEFT(AG25,2)<>"Va",AM25<>"H. Sale Real"),IF(AM26-AM25<0.208333333333333,AM26-AM25,""),IF(AND(AM24<>"",LEFT(AG24,2)<>"Va",AM24<>"H. Sale Real"),IF(AM26-AM24<0.208333333333333,AM26-AM24,""),IF(AND(AM23<>"",LEFT(AG23,2)<>"Va",AM23<>"H. Sale Real"),IF(AM26-AM23<0.208333333333333,AM26-AM23,""),IF(AND(AM22<>"",LEFT(AG22,2)<>"Va",AM22<>"H. Sale Real"),IF(AM26-AM22<0.208333333333333,AM26-AM22,""),IF(AND(AM21<>"",LEFT(AG21,2)<>"Va",AM21<>"H. Sale Real"),IF(AM26-AM21<0.208333333333333,AM26-AM21,""),""))))),""),"") | AX25: =IF(AK25<>"H. Sale Real",IF(AND(AK26<>"",LEFT(AG26,2)<>"Va"),IF(AND(AK25<>"",LEFT(AG25,2)<>"Va",AK25<>"H. Sale Real"),IF(AK26-AK25<0.208333333333333,AK26-AK25,""),IF(AND(AK24<>"",LEFT(AG24,2)<>"Va",AK24<>"H. Sale Real"),IF(AK26-AK24<0.208333333333333,AK26-AK24,""),IF(AND(AK23<>"",LEFT(AG23,2)<>"NC",AK23<>"H. Sale Real"),IF(AK26-AK23<0.208333333333333,AK26-AK23,""),IF(AND(AK22<>"",LEFT(AG22,2)<>"Va",AK22<>"H. Sale Real"),IF(AK26-AK22<0.208333333333333,AK26-AK22,""),IF(AND(AK21<>"",LEFT(AG21,2)<>"Va",AK21<>"H. Sale Real"),IF(AK26-AK21<0.208333333333333,AK26-AK21,""),""))))),""),"") | BD25: =IF(AK25<>"",IF(AND(BD24<>"IE",AT25<>0,AV25<>""),IF(IFERROR((AT25/AV25),0) <=1,IFERROR(AT25/AV25,""),1),""),"") | BI25: 13 | BJ25: =COUNTIFS($A:$A,$BI25,$C:$C,$BI$11) | BK25: =BJ25-COUNTIFS($A:$A,$BI25,$C:$C,$BI$11,$H:$H,"") | BL25: =IFERROR((BK25/BJ25),"") | BM25: =_xlfn.XLOOKUP(BI25,$A:$A,$R:$R,"0",0,-1) | BN25: =_xlfn.XLOOKUP(BI25,$A:$A,$P:$P,"0",0,-1) | BO25: =_xlfn.XLOOKUP(BI25,$A:$A,$Z:$Z,"",0,-1) | BR25: 13 | BS25: =COUNTIFS($AE:$AE,$BR25,$AG:$AG,$BR$11) | BT25: =BS25-COUNTIFS($AE:$AE,$BR25,$AG:$AG,$BR$11,$AL:$AL,"") | BU25: =IFERROR((BT25/BS25),"") | BV25: =_xlfn.XLOOKUP(BR25,$AE:$AE,$AV:$AV,"0",0,-1) | BW25: =_xlfn.XLOOKUP(BR25,$AE:$AE,$AT:$AT,"0",0,-1) | BX25: =_xlfn.XLOOKUP(BR25,$AE:$AE,$BD:$BD,"",0,-1) | FC25: Diccionario 1 | FD25: 1022 | FE25: D8482597K2PL | FF25: YV3T7U525KA195361 | FG25: Volvo | FH25: B8R | FI25: MARCOPOLO | FJ25: TORINO | FK25: 2019 | FL25: B2PAL | FM25: LOS LIBERTADORES | FN25: Los Liberadores 6450, Lote 4A | FO25: Huechuraba | FP25: B | FS25: 3006 / SFVZ-94| | FT25: SFVZ-94| | FU25: SFVZ-94 | FV25: =VLOOKUP(FU25,FD:FL,9,0) | FZ25: B18e | GA25: 0 | GB25: 0 | GC25: 0 | GD25: 0 | GE25: 0 | GF25: 8.865 | GG25: 16.89 | GH25: 14.37 | GI25: 18.21 | GJ25: 21.705 | GK25: 22.92 | GL25: 22.89 | GM25: 22.845 | GN25: 22.64 | GO25: 22.905 | GP25: 23.225 | GQ25: 22.125 | GR25: 18.355 | GS25: 17.675 | GT25: 21 | GU25: 25.715 | GV25: 29.595 | GW25: 32.285 | GX25: 16.83 | HA25: 22 | HB25: 19 | HE25: U8 | HF25: B02 | HG25: B02 | HH25: 40 | HL25: OmegaU8 | HM25: B02 | HN25: Aguirre Luco | HO25: 902 | IB25: Mala Gestion Terminal
A26: =HOUR(G26)+1 | D26: =IFERROR( IF(AND(OR(Planilla!B26="C",Planilla!B26="c"), VLOOKUP(E26,FD:FP,13,0)="C"), "OK",IF(AND(OR(Planilla!B26="C",Planilla!B26="c"), OR(VLOOKUP(E26,FD:FP,13,0)="B", VLOOKUP(E26,FD:FP,13,0)="A")), "DEFICIT",IF( AND(OR(Planilla!B26="B", Planilla!B26="BPAL"), VLOOKUP(E26,FD:FP,13,0)="B"), "OK",IF(AND(OR(Planilla!B26="B", Planilla!B26="BPAL"), VLOOKUP(E26,FD:FP,13,0)="A"), "DEFICIT",IF(AND(OR(Planilla!B26="B", Planilla!B26="BPAL"), VLOOKUP(E26,FD:FP,13,0)="C"), "SOBREOFERTA",IF(AND(Planilla!B26="A", VLOOKUP(E26,FD:FP,13,0)="A"), "OK",IF( AND(Planilla!B26="A", OR(VLOOKUP(E26,FD:FP,13,0)="B", VLOOKUP(E26,FD:FP,13,0)="C")), "SOBREOFERTA","" ))))))),"") | H26: =IF(I26="","",IF(AND((I26-G26)>=TIME(0,0,0),(I26-G26)<TIME(0,3,0)),"OK",IF(AND((I26-G26)>=TIME(0,3,0),(I26-G26)<TIME(0,5,0)),"RETRASO DE 3-5 MIN",IF(AND((I26-G26)>=TIME(0,5,0),(I26-G26)<TIME(0,10,0)),"RETRASO DE 5-10 MIN",IF((I26-G26)>=TIME(0,10,0),"RETRASO >10 MIN", IF(AND((G26-I26)>=TIME(0,0,0),(G26-I26)<TIME(0,3,0)),"OK",IF((G26-I26)>=TIME(0,3,0),"ADELANTADO"))))))) | J26: =IF(A26<>"",HLOOKUP(VALUE(TEXT(G26,"h:mm:ss")),IF($C$6="Laboral",$FZ$4:$GX$227,IF($C$6="Sábado",$FZ$231:$GX$452,$FZ$456:$GX$656)),VLOOKUP($C$4,$HF$2:$HH$99,3,0)+IF(C$5="Ida",0,1),1),"") | K26: =IF(A27<>A26,AVERAGEIF(A$9:A26,A26,J$9:J26),"") | L26: =IFERROR(IF(A27<>A26,AVERAGEIF(A$9:A26,A26,S$9:S26),""),"") | M26: =IFERROR(IF(A27<>A26,AVERAGEIF(A$9:A26,A26,T$9:T26),""),"") | N26: {=IFERROR(IF(A27<>A26,_xlfn.STDEV.P(IF(A$9:A26=A26,T$9:T26)),""),"")} | O26: {=IFERROR(IF(A27<>A26,_xlfn.STDEV.P(IF(A$9:A26=A26,S$9:S26)),""),"")} | P26: =IFERROR(IF(A26<>A27,MAX((((M26*24*60)/2)*(1+POWER((((N26*24*60) / (M26*24*60) )),2))) + ((M26*24*60 )*-0.1 + (K26*0.015)) +1,(((M26*24*60)/2)*(1+POWER((((N26*24*60) / (M26*24*60 ))),2)))),""),"") | Q26: =IF(AND(O26<>"",L26<>""),IF(A26<>A27,((L26*24*60) / 2 ) * (1 + POWER(((O26*24*60) / (L26*24*60)),2)),""),"") | R26: =IF(Q26<>"",MAX(P26,Q26),"") | S26: =IF(I26<>"H. Sale Real",IF(AND(I27<>"",LEFT(C27,2)<>"Va"),IF(AND(I26<>"",LEFT(C26,2)<>"Va",I26<>"H. Sale Real"),IF(I27-I26<0.208333333333333,I27-I26,""),IF(AND(I25<>"",LEFT(C25,2)<>"Va",I25<>"H. Sale Real"),IF(I27-I25<0.208333333333333,I27-I25,""),IF(AND(I24<>"",LEFT(C24,2)<>"Va",I24<>"H. Sale Real"),IF(I27-I24<0.208333333333333,I27-I24,""),IF(AND(I23<>"",LEFT(C23,2)<>"Va",I23<>"H. Sale Real"),IF(I27-I23<0.208333333333333,I27-I23,""),IF(AND(I22<>"",LEFT(C22,2)<>"Va",I22<>"H. Sale Real"),IF(I27-I22<0.208333333333333,I27-I22,""),""))))),""),"") | T26: =IF(G26<>"H. Sale Real",IF(AND(G27<>"",LEFT(C27,2)<>"Va"),IF(AND(G26<>"",LEFT(C26,2)<>"Va",G26<>"H. Sale Real"),IF(G27-G26<0.208333333333333,G27-G26,""),IF(AND(G25<>"",LEFT(C25,2)<>"Va",G25<>"H. Sale Real"),IF(G27-G25<0.208333333333333,G27-G25,""),IF(AND(G24<>"",LEFT(C24,2)<>"Va",G24<>"H. Sale Real"),IF(G27-G24<0.208333333333333,G27-G24,""),IF(AND(G23<>"",LEFT(C23,2)<>"Va",G23<>"H. Sale Real"),IF(G27-G23<0.208333333333333,G27-G23,""),IF(AND(G22<>"",LEFT(C22,2)<>"Va",G22<>"H. Sale Real"),IF(G27-G22<0.208333333333333,G27-G22,""),""))))),""),"") | Z26: =IF(G26<>"",IF(AND(Z25<>"IE",P26<>0,R26<>""),IF(IFERROR((P26/R26),0) <=1,IFERROR(P26/R26,""),1),""),"") | AE26: =HOUR(AK26)+1 | AL26: =IF(AM26="","",IF(AND((AM26-AK26)>=TIME(0,0,0),(AM26-AK26)<TIME(0,3,0)),"OK",IF(AND((AM26-AK26)>=TIME(0,3,0),(AM26-AK26)<TIME(0,5,0)),"RETRASO DE 3-5 MIN",IF(AND((AM26-AK26)>=TIME(0,5,0),(AM26-AK26)<TIME(0,10,0)),"RETRASO DE 5-10 MIN",IF((AM26-AK26)>=TIME(0,10,0),"RETRASO >10 MIN", IF(AND((AK26-AM26)>=TIME(0,0,0),(AK26-AM26)<TIME(0,3,0)),"OK",IF((AK26-AM26)>=TIME(0,3,0),"ADELANTADO"))))))) | AN26: =IF(AE26<>"",HLOOKUP(VALUE(TEXT(AK26,"h:mm:ss")),IF($C$6="Laboral",$FZ$4:$GX$227,IF($C$6="Sábado",$FZ$231:$GX$452,$FZ$456:$GX$656)),VLOOKUP($C$4,$HF$2:$HH$99,3,0)+IF(AG$5="Ida",0,1),1),"") | AO26: =IF(AE27<>AE26,AVERAGEIF(AE$9:AE26,AE26,AN$9:AN26),"") | AP26: =IFERROR(IF(AE27<>AE26,AVERAGEIF(AE$9:AE26,AE26,AW$9:AW26),""),"") | AQ26: =IFERROR(IF(AE27<>AE26,AVERAGEIF(AE$9:AE26,AE26,AX$9:AX26),""),"") | AR26: {=IFERROR(IF(AE27<>AE26,_xlfn.STDEV.P(IF(AE$9:AE26=AE26,AX$9:AX26)),""),"")} | AS26: {=IFERROR(IF(AE27<>AE26,_xlfn.STDEV.P(IF(AE$9:AE26=AE26,AW$9:AW26)),""),"")} | AT26: =IFERROR(IF(AE26<>AE27,MAX((((AQ26*24*60)/2)*(1+POWER((((AR26*24*60) / (AQ26*24*60) )),2))) + ((AQ26*24*60 )*-0.1 + (AO26*0.015)) +1,(((AQ26*24*60)/2)*(1+POWER((((AR26*24*60) / (AQ26*24*60 ))),2)))),""),"") | AU26: =IF(AND(AS26<>"",AP26<>""),IF(AE26<>AE27,((AP26*24*60) / 2 ) * (1 + POWER(((AS26*24*60) / (AP26*24*60)),2)),""),"") | AV26: =IF(AU26<>"",MAX(AT26,AU26),"") | AW26: =IF(AM26<>"H. Sale Real",IF(AND(AM27<>"",LEFT(AG27,2)<>"Va"),IF(AND(AM26<>"",LEFT(AG26,2)<>"Va",AM26<>"H. Sale Real"),IF(AM27-AM26<0.208333333333333,AM27-AM26,""),IF(AND(AM25<>"",LEFT(AG25,2)<>"Va",AM25<>"H. Sale Real"),IF(AM27-AM25<0.208333333333333,AM27-AM25,""),IF(AND(AM24<>"",LEFT(AG24,2)<>"Va",AM24<>"H. Sale Real"),IF(AM27-AM24<0.208333333333333,AM27-AM24,""),IF(AND(AM23<>"",LEFT(AG23,2)<>"Va",AM23<>"H. Sale Real"),IF(AM27-AM23<0.208333333333333,AM27-AM23,""),IF(AND(AM22<>"",LEFT(AG22,2)<>"Va",AM22<>"H. Sale Real"),IF(AM27-AM22<0.208333333333333,AM27-AM22,""),""))))),""),"") | AX26: =IF(AK26<>"H. Sale Real",IF(AND(AK27<>"",LEFT(AG27,2)<>"Va"),IF(AND(AK26<>"",LEFT(AG26,2)<>"Va",AK26<>"H. Sale Real"),IF(AK27-AK26<0.208333333333333,AK27-AK26,""),IF(AND(AK25<>"",LEFT(AG25,2)<>"Va",AK25<>"H. Sale Real"),IF(AK27-AK25<0.208333333333333,AK27-AK25,""),IF(AND(AK24<>"",LEFT(AG24,2)<>"NC",AK24<>"H. Sale Real"),IF(AK27-AK24<0.208333333333333,AK27-AK24,""),IF(AND(AK23<>"",LEFT(AG23,2)<>"Va",AK23<>"H. Sale Real"),IF(AK27-AK23<0.208333333333333,AK27-AK23,""),IF(AND(AK22<>"",LEFT(AG22,2)<>"Va",AK22<>"H. Sale Real"),IF(AK27-AK22<0.208333333333333,AK27-AK22,""),""))))),""),"") | BD26: =IF(AK26<>"",IF(AND(BD25<>"IE",AT26<>0,AV26<>""),IF(IFERROR((AT26/AV26),0) <=1,IFERROR(AT26/AV26,""),1),""),"") | BI26: 14 | BJ26: =COUNTIFS($A:$A,$BI26,$C:$C,$BI$11) | BK26: =BJ26-COUNTIFS($A:$A,$BI26,$C:$C,$BI$11,$H:$H,"") | BL26: =IFERROR((BK26/BJ26),"") | BM26: =_xlfn.XLOOKUP(BI26,$A:$A,$R:$R,"0",0,-1) | BN26: =_xlfn.XLOOKUP(BI26,$A:$A,$P:$P,"0",0,-1) | BO26: =_xlfn.XLOOKUP(BI26,$A:$A,$Z:$Z,"",0,-1) | BR26: 14 | BS26: =COUNTIFS($AE:$AE,$BR26,$AG:$AG,$BR$11) | BT26: =BS26-COUNTIFS($AE:$AE,$BR26,$AG:$AG,$BR$11,$AL:$AL,"") | BU26: =IFERROR((BT26/BS26),"") | BV26: =_xlfn.XLOOKUP(BR26,$AE:$AE,$AV:$AV,"0",0,-1) | BW26: =_xlfn.XLOOKUP(BR26,$AE:$AE,$AT:$AT,"0",0,-1) | BX26: =_xlfn.XLOOKUP(BR26,$AE:$AE,$BD:$BD,"",0,-1) | FC26: Diccionario 1 | FD26: 1023 | FE26: D8481798K2PL | FF26: YV3T7U527KA195460 | FG26: Volvo | FH26: B8R | FI26: MARCOPOLO | FJ26: TORINO | FK26: 2019 | FL26: B2PAL | FM26: LOS LIBERTADORES | FN26: Los Liberadores 6450, Lote 4A | FO26: Huechuraba | FP26: B | FS26: 3006 / SFVZ-94| | FT26: SFVZ-94| | FU26: SFVZ-94 | FV26: =VLOOKUP(FU26,FD:FL,9,0) | FZ26: B18e | GA26: 0 | GB26: 0 | GC26: 0 | GD26: 0 | GE26: 0 | GF26: 34.16 | GG26: 22 | GH26: 14.01 | GI26: 16.555 | GJ26: 22.46 | GK26: 23.895 | GL26: 23.1 | GM26: 21.965 | GN26: 21.425 | GO26: 20.77 | GP26: 20.37 | GQ26: 19.345 | GR26: 17.09 | GS26: 15.43 | GT26: 17.51 | GU26: 20.47 | GV26: 23.225 | GW26: 24.445 | GX26: 0 | HA26: 23 | HB26: 20 | HE26: U8 | HF26: B04 | HG26: B04 | HH26: 42 | HL26: OmegaU8 | HM26: B04 | HN26: Aguirre Luco | HO26: 904 | IB26: Tiempos de Viaje
A27: =HOUR(G27)+1 | D27: =IFERROR( IF(AND(OR(Planilla!B27="C",Planilla!B27="c"), VLOOKUP(E27,FD:FP,13,0)="C"), "OK",IF(AND(OR(Planilla!B27="C",Planilla!B27="c"), OR(VLOOKUP(E27,FD:FP,13,0)="B", VLOOKUP(E27,FD:FP,13,0)="A")), "DEFICIT",IF( AND(OR(Planilla!B27="B", Planilla!B27="BPAL"), VLOOKUP(E27,FD:FP,13,0)="B"), "OK",IF(AND(OR(Planilla!B27="B", Planilla!B27="BPAL"), VLOOKUP(E27,FD:FP,13,0)="A"), "DEFICIT",IF(AND(OR(Planilla!B27="B", Planilla!B27="BPAL"), VLOOKUP(E27,FD:FP,13,0)="C"), "SOBREOFERTA",IF(AND(Planilla!B27="A", VLOOKUP(E27,FD:FP,13,0)="A"), "OK",IF( AND(Planilla!B27="A", OR(VLOOKUP(E27,FD:FP,13,0)="B", VLOOKUP(E27,FD:FP,13,0)="C")), "SOBREOFERTA","" ))))))),"") | H27: =IF(I27="","",IF(AND((I27-G27)>=TIME(0,0,0),(I27-G27)<TIME(0,3,0)),"OK",IF(AND((I27-G27)>=TIME(0,3,0),(I27-G27)<TIME(0,5,0)),"RETRASO DE 3-5 MIN",IF(AND((I27-G27)>=TIME(0,5,0),(I27-G27)<TIME(0,10,0)),"RETRASO DE 5-10 MIN",IF((I27-G27)>=TIME(0,10,0),"RETRASO >10 MIN", IF(AND((G27-I27)>=TIME(0,0,0),(G27-I27)<TIME(0,3,0)),"OK",IF((G27-I27)>=TIME(0,3,0),"ADELANTADO"))))))) | J27: =IF(A27<>"",HLOOKUP(VALUE(TEXT(G27,"h:mm:ss")),IF($C$6="Laboral",$FZ$4:$GX$227,IF($C$6="Sábado",$FZ$231:$GX$452,$FZ$456:$GX$656)),VLOOKUP($C$4,$HF$2:$HH$99,3,0)+IF(C$5="Ida",0,1),1),"") | K27: =IF(A28<>A27,AVERAGEIF(A$9:A27,A27,J$9:J27),"") | L27: =IFERROR(IF(A28<>A27,AVERAGEIF(A$9:A27,A27,S$9:S27),""),"") | M27: =IFERROR(IF(A28<>A27,AVERAGEIF(A$9:A27,A27,T$9:T27),""),"") | N27: {=IFERROR(IF(A28<>A27,_xlfn.STDEV.P(IF(A$9:A27=A27,T$9:T27)),""),"")} | O27: {=IFERROR(IF(A28<>A27,_xlfn.STDEV.P(IF(A$9:A27=A27,S$9:S27)),""),"")} | P27: =IFERROR(IF(A27<>A28,MAX((((M27*24*60)/2)*(1+POWER((((N27*24*60) / (M27*24*60) )),2))) + ((M27*24*60 )*-0.1 + (K27*0.015)) +1,(((M27*24*60)/2)*(1+POWER((((N27*24*60) / (M27*24*60 ))),2)))),""),"") | Q27: =IF(AND(O27<>"",L27<>""),IF(A27<>A28,((L27*24*60) / 2 ) * (1 + POWER(((O27*24*60) / (L27*24*60)),2)),""),"") | R27: =IF(Q27<>"",MAX(P27,Q27),"") | S27: =IF(I27<>"H. Sale Real",IF(AND(I28<>"",LEFT(C28,2)<>"Va"),IF(AND(I27<>"",LEFT(C27,2)<>"Va",I27<>"H. Sale Real"),IF(I28-I27<0.208333333333333,I28-I27,""),IF(AND(I26<>"",LEFT(C26,2)<>"Va",I26<>"H. Sale Real"),IF(I28-I26<0.208333333333333,I28-I26,""),IF(AND(I25<>"",LEFT(C25,2)<>"Va",I25<>"H. Sale Real"),IF(I28-I25<0.208333333333333,I28-I25,""),IF(AND(I24<>"",LEFT(C24,2)<>"Va",I24<>"H. Sale Real"),IF(I28-I24<0.208333333333333,I28-I24,""),IF(AND(I23<>"",LEFT(C23,2)<>"Va",I23<>"H. Sale Real"),IF(I28-I23<0.208333333333333,I28-I23,""),""))))),""),"") | T27: =IF(G27<>"H. Sale Real",IF(AND(G28<>"",LEFT(C28,2)<>"Va"),IF(AND(G27<>"",LEFT(C27,2)<>"Va",G27<>"H. Sale Real"),IF(G28-G27<0.208333333333333,G28-G27,""),IF(AND(G26<>"",LEFT(C26,2)<>"Va",G26<>"H. Sale Real"),IF(G28-G26<0.208333333333333,G28-G26,""),IF(AND(G25<>"",LEFT(C25,2)<>"Va",G25<>"H. Sale Real"),IF(G28-G25<0.208333333333333,G28-G25,""),IF(AND(G24<>"",LEFT(C24,2)<>"Va",G24<>"H. Sale Real"),IF(G28-G24<0.208333333333333,G28-G24,""),IF(AND(G23<>"",LEFT(C23,2)<>"Va",G23<>"H. Sale Real"),IF(G28-G23<0.208333333333333,G28-G23,""),""))))),""),"") | Z27: =IF(G27<>"",IF(AND(Z26<>"IE",P27<>0,R27<>""),IF(IFERROR((P27/R27),0) <=1,IFERROR(P27/R27,""),1),""),"") | AE27: =HOUR(AK27)+1 | AL27: =IF(AM27="","",IF(AND((AM27-AK27)>=TIME(0,0,0),(AM27-AK27)<TIME(0,3,0)),"OK",IF(AND((AM27-AK27)>=TIME(0,3,0),(AM27-AK27)<TIME(0,5,0)),"RETRASO DE 3-5 MIN",IF(AND((AM27-AK27)>=TIME(0,5,0),(AM27-AK27)<TIME(0,10,0)),"RETRASO DE 5-10 MIN",IF((AM27-AK27)>=TIME(0,10,0),"RETRASO >10 MIN", IF(AND((AK27-AM27)>=TIME(0,0,0),(AK27-AM27)<TIME(0,3,0)),"OK",IF((AK27-AM27)>=TIME(0,3,0),"ADELANTADO"))))))) | AN27: =IF(AE27<>"",HLOOKUP(VALUE(TEXT(AK27,"h:mm:ss")),IF($C$6="Laboral",$FZ$4:$GX$227,IF($C$6="Sábado",$FZ$231:$GX$452,$FZ$456:$GX$656)),VLOOKUP($C$4,$HF$2:$HH$99,3,0)+IF(AG$5="Ida",0,1),1),"") | AO27: =IF(AE28<>AE27,AVERAGEIF(AE$9:AE27,AE27,AN$9:AN27),"") | AP27: =IFERROR(IF(AE28<>AE27,AVERAGEIF(AE$9:AE27,AE27,AW$9:AW27),""),"") | AQ27: =IFERROR(IF(AE28<>AE27,AVERAGEIF(AE$9:AE27,AE27,AX$9:AX27),""),"") | AR27: {=IFERROR(IF(AE28<>AE27,_xlfn.STDEV.P(IF(AE$9:AE27=AE27,AX$9:AX27)),""),"")} | AS27: {=IFERROR(IF(AE28<>AE27,_xlfn.STDEV.P(IF(AE$9:AE27=AE27,AW$9:AW27)),""),"")} | AT27: =IFERROR(IF(AE27<>AE28,MAX((((AQ27*24*60)/2)*(1+POWER((((AR27*24*60) / (AQ27*24*60) )),2))) + ((AQ27*24*60 )*-0.1 + (AO27*0.015)) +1,(((AQ27*24*60)/2)*(1+POWER((((AR27*24*60) / (AQ27*24*60 ))),2)))),""),"") | AU27: =IF(AND(AS27<>"",AP27<>""),IF(AE27<>AE28,((AP27*24*60) / 2 ) * (1 + POWER(((AS27*24*60) / (AP27*24*60)),2)),""),"") | AV27: =IF(AU27<>"",MAX(AT27,AU27),"") | AW27: =IF(AM27<>"H. Sale Real",IF(AND(AM28<>"",LEFT(AG28,2)<>"Va"),IF(AND(AM27<>"",LEFT(AG27,2)<>"Va",AM27<>"H. Sale Real"),IF(AM28-AM27<0.208333333333333,AM28-AM27,""),IF(AND(AM26<>"",LEFT(AG26,2)<>"Va",AM26<>"H. Sale Real"),IF(AM28-AM26<0.208333333333333,AM28-AM26,""),IF(AND(AM25<>"",LEFT(AG25,2)<>"Va",AM25<>"H. Sale Real"),IF(AM28-AM25<0.208333333333333,AM28-AM25,""),IF(AND(AM24<>"",LEFT(AG24,2)<>"Va",AM24<>"H. Sale Real"),IF(AM28-AM24<0.208333333333333,AM28-AM24,""),IF(AND(AM23<>"",LEFT(AG23,2)<>"Va",AM23<>"H. Sale Real"),IF(AM28-AM23<0.208333333333333,AM28-AM23,""),""))))),""),"") | AX27: =IF(AK27<>"H. Sale Real",IF(AND(AK28<>"",LEFT(AG28,2)<>"Va"),IF(AND(AK27<>"",LEFT(AG27,2)<>"Va",AK27<>"H. Sale Real"),IF(AK28-AK27<0.208333333333333,AK28-AK27,""),IF(AND(AK26<>"",LEFT(AG26,2)<>"Va",AK26<>"H. Sale Real"),IF(AK28-AK26<0.208333333333333,AK28-AK26,""),IF(AND(AK25<>"",LEFT(AG25,2)<>"NC",AK25<>"H. Sale Real"),IF(AK28-AK25<0.208333333333333,AK28-AK25,""),IF(AND(AK24<>"",LEFT(AG24,2)<>"Va",AK24<>"H. Sale Real"),IF(AK28-AK24<0.208333333333333,AK28-AK24,""),IF(AND(AK23<>"",LEFT(AG23,2)<>"Va",AK23<>"H. Sale Real"),IF(AK28-AK23<0.208333333333333,AK28-AK23,""),""))))),""),"") | BD27: =IF(AK27<>"",IF(AND(BD26<>"IE",AT27<>0,AV27<>""),IF(IFERROR((AT27/AV27),0) <=1,IFERROR(AT27/AV27,""),1),""),"") | BI27: 15 | BJ27: =COUNTIFS($A:$A,$BI27,$C:$C,$BI$11) | BK27: =BJ27-COUNTIFS($A:$A,$BI27,$C:$C,$BI$11,$H:$H,"") | BL27: =IFERROR((BK27/BJ27),"") | BM27: =_xlfn.XLOOKUP(BI27,$A:$A,$R:$R,"0",0,-1) | BN27: =_xlfn.XLOOKUP(BI27,$A:$A,$P:$P,"0",0,-1) | BO27: =_xlfn.XLOOKUP(BI27,$A:$A,$Z:$Z,"",0,-1) | BR27: 15 | BS27: =COUNTIFS($AE:$AE,$BR27,$AG:$AG,$BR$11) | BT27: =BS27-COUNTIFS($AE:$AE,$BR27,$AG:$AG,$BR$11,$AL:$AL,"") | BU27: =IFERROR((BT27/BS27),"") | BV27: =_xlfn.XLOOKUP(BR27,$AE:$AE,$AV:$AV,"0",0,-1) | BW27: =_xlfn.XLOOKUP(BR27,$AE:$AE,$AT:$AT,"0",0,-1) | BX27: =_xlfn.XLOOKUP(BR27,$AE:$AE,$BD:$BD,"",0,-1) | FC27: Diccionario 1 | FD27: 1024 | FE27: D8481794K2PL | FF27: YV3T7U529KA195461 | FG27: Volvo | FH27: B8R | FI27: MARCOPOLO | FJ27: TORINO | FK27: 2019 | FL27: B2PAL | FM27: LOS LIBERTADORES | FN27: Los Liberadores 6450, Lote 4A | FO27: Huechuraba | FP27: B | FS27: 3007 / SFWB-50| | FT27: SFWB-50| | FU27: SFWB-50 | FV27: =VLOOKUP(FU27,FD:FL,9,0) | FZ27: B20 | GA27: 0 | GB27: 0 | GC27: 0 | GD27: 0 | GE27: 0 | GF27: 8.925 | GG27: 16.07 | GH27: 16.025 | GI27: 17.375 | GJ27: 18.3 | GK27: 17.955 | GL27: 17.63 | GM27: 17.615 | GN27: 17.755 | GO27: 17.295 | GP27: 16.815 | GQ27: 15.605 | GR27: 14.895 | GS27: 16.64 | GT27: 19.025 | GU27: 20.635 | GV27: 22.51 | GW27: 24.19 | GX27: 0 | HA27: 24 | HB27: 21 | HE27: U8 | HF27: C18 | HG27: C18 | HH27: 43 | HL27: OmegaU8 | HM27: C18 | HN27: Aguirre Luco | HO27: 918 | IB27: Desvío autorizado CMB
A28: =HOUR(G28)+1 | D28: =IFERROR( IF(AND(OR(Planilla!B28="C",Planilla!B28="c"), VLOOKUP(E28,FD:FP,13,0)="C"), "OK",IF(AND(OR(Planilla!B28="C",Planilla!B28="c"), OR(VLOOKUP(E28,FD:FP,13,0)="B", VLOOKUP(E28,FD:FP,13,0)="A")), "DEFICIT",IF( AND(OR(Planilla!B28="B", Planilla!B28="BPAL"), VLOOKUP(E28,FD:FP,13,0)="B"), "OK",IF(AND(OR(Planilla!B28="B", Planilla!B28="BPAL"), VLOOKUP(E28,FD:FP,13,0)="A"), "DEFICIT",IF(AND(OR(Planilla!B28="B", Planilla!B28="BPAL"), VLOOKUP(E28,FD:FP,13,0)="C"), "SOBREOFERTA",IF(AND(Planilla!B28="A", VLOOKUP(E28,FD:FP,13,0)="A"), "OK",IF( AND(Planilla!B28="A", OR(VLOOKUP(E28,FD:FP,13,0)="B", VLOOKUP(E28,FD:FP,13,0)="C")), "SOBREOFERTA","" ))))))),"") | H28: =IF(I28="","",IF(AND((I28-G28)>=TIME(0,0,0),(I28-G28)<TIME(0,3,0)),"OK",IF(AND((I28-G28)>=TIME(0,3,0),(I28-G28)<TIME(0,5,0)),"RETRASO DE 3-5 MIN",IF(AND((I28-G28)>=TIME(0,5,0),(I28-G28)<TIME(0,10,0)),"RETRASO DE 5-10 MIN",IF((I28-G28)>=TIME(0,10,0),"RETRASO >10 MIN", IF(AND((G28-I28)>=TIME(0,0,0),(G28-I28)<TIME(0,3,0)),"OK",IF((G28-I28)>=TIME(0,3,0),"ADELANTADO"))))))) | J28: =IF(A28<>"",HLOOKUP(VALUE(TEXT(G28,"h:mm:ss")),IF($C$6="Laboral",$FZ$4:$GX$227,IF($C$6="Sábado",$FZ$231:$GX$452,$FZ$456:$GX$656)),VLOOKUP($C$4,$HF$2:$HH$99,3,0)+IF(C$5="Ida",0,1),1),"") | K28: =IF(A29<>A28,AVERAGEIF(A$9:A28,A28,J$9:J28),"") | L28: =IFERROR(IF(A29<>A28,AVERAGEIF(A$9:A28,A28,S$9:S28),""),"") | M28: =IFERROR(IF(A29<>A28,AVERAGEIF(A$9:A28,A28,T$9:T28),""),"") | N28: {=IFERROR(IF(A29<>A28,_xlfn.STDEV.P(IF(A$9:A28=A28,T$9:T28)),""),"")} | O28: {=IFERROR(IF(A29<>A28,_xlfn.STDEV.P(IF(A$9:A28=A28,S$9:S28)),""),"")} | P28: =IFERROR(IF(A28<>A29,MAX((((M28*24*60)/2)*(1+POWER((((N28*24*60) / (M28*24*60) )),2))) + ((M28*24*60 )*-0.1 + (K28*0.015)) +1,(((M28*24*60)/2)*(1+POWER((((N28*24*60) / (M28*24*60 ))),2)))),""),"") | Q28: =IF(AND(O28<>"",L28<>""),IF(A28<>A29,((L28*24*60) / 2 ) * (1 + POWER(((O28*24*60) / (L28*24*60)),2)),""),"") | R28: =IF(Q28<>"",MAX(P28,Q28),"") | S28: =IF(I28<>"H. Sale Real",IF(AND(I29<>"",LEFT(C29,2)<>"Va"),IF(AND(I28<>"",LEFT(C28,2)<>"Va",I28<>"H. Sale Real"),IF(I29-I28<0.208333333333333,I29-I28,""),IF(AND(I27<>"",LEFT(C27,2)<>"Va",I27<>"H. Sale Real"),IF(I29-I27<0.208333333333333,I29-I27,""),IF(AND(I26<>"",LEFT(C26,2)<>"Va",I26<>"H. Sale Real"),IF(I29-I26<0.208333333333333,I29-I26,""),IF(AND(I25<>"",LEFT(C25,2)<>"Va",I25<>"H. Sale Real"),IF(I29-I25<0.208333333333333,I29-I25,""),IF(AND(I24<>"",LEFT(C24,2)<>"Va",I24<>"H. Sale Real"),IF(I29-I24<0.208333333333333,I29-I24,""),""))))),""),"") | T28: =IF(G28<>"H. Sale Real",IF(AND(G29<>"",LEFT(C29,2)<>"Va"),IF(AND(G28<>"",LEFT(C28,2)<>"Va",G28<>"H. Sale Real"),IF(G29-G28<0.208333333333333,G29-G28,""),IF(AND(G27<>"",LEFT(C27,2)<>"Va",G27<>"H. Sale Real"),IF(G29-G27<0.208333333333333,G29-G27,""),IF(AND(G26<>"",LEFT(C26,2)<>"Va",G26<>"H. Sale Real"),IF(G29-G26<0.208333333333333,G29-G26,""),IF(AND(G25<>"",LEFT(C25,2)<>"Va",G25<>"H. Sale Real"),IF(G29-G25<0.208333333333333,G29-G25,""),IF(AND(G24<>"",LEFT(C24,2)<>"Va",G24<>"H. Sale Real"),IF(G29-G24<0.208333333333333,G29-G24,""),""))))),""),"") | Z28: =IF(G28<>"",IF(AND(Z27<>"IE",P28<>0,R28<>""),IF(IFERROR((P28/R28),0) <=1,IFERROR(P28/R28,""),1),""),"") | AE28: =HOUR(AK28)+1 | AL28: =IF(AM28="","",IF(AND((AM28-AK28)>=TIME(0,0,0),(AM28-AK28)<TIME(0,3,0)),"OK",IF(AND((AM28-AK28)>=TIME(0,3,0),(AM28-AK28)<TIME(0,5,0)),"RETRASO DE 3-5 MIN",IF(AND((AM28-AK28)>=TIME(0,5,0),(AM28-AK28)<TIME(0,10,0)),"RETRASO DE 5-10 MIN",IF((AM28-AK28)>=TIME(0,10,0),"RETRASO >10 MIN", IF(AND((AK28-AM28)>=TIME(0,0,0),(AK28-AM28)<TIME(0,3,0)),"OK",IF((AK28-AM28)>=TIME(0,3,0),"ADELANTADO"))))))) | AN28: =IF(AE28<>"",HLOOKUP(VALUE(TEXT(AK28,"h:mm:ss")),IF($C$6="Laboral",$FZ$4:$GX$227,IF($C$6="Sábado",$FZ$231:$GX$452,$FZ$456:$GX$656)),VLOOKUP($C$4,$HF$2:$HH$99,3,0)+IF(AG$5="Ida",0,1),1),"") | AO28: =IF(AE29<>AE28,AVERAGEIF(AE$9:AE28,AE28,AN$9:AN28),"") | AP28: =IFERROR(IF(AE29<>AE28,AVERAGEIF(AE$9:AE28,AE28,AW$9:AW28),""),"") | AQ28: =IFERROR(IF(AE29<>AE28,AVERAGEIF(AE$9:AE28,AE28,AX$9:AX28),""),"") | AR28: {=IFERROR(IF(AE29<>AE28,_xlfn.STDEV.P(IF(AE$9:AE28=AE28,AX$9:AX28)),""),"")} | AS28: {=IFERROR(IF(AE29<>AE28,_xlfn.STDEV.P(IF(AE$9:AE28=AE28,AW$9:AW28)),""),"")} | AT28: =IFERROR(IF(AE28<>AE29,MAX((((AQ28*24*60)/2)*(1+POWER((((AR28*24*60) / (AQ28*24*60) )),2))) + ((AQ28*24*60 )*-0.1 + (AO28*0.015)) +1,(((AQ28*24*60)/2)*(1+POWER((((AR28*24*60) / (AQ28*24*60 ))),2)))),""),"") | AU28: =IF(AND(AS28<>"",AP28<>""),IF(AE28<>AE29,((AP28*24*60) / 2 ) * (1 + POWER(((AS28*24*60) / (AP28*24*60)),2)),""),"") | AV28: =IF(AU28<>"",MAX(AT28,AU28),"") | AW28: =IF(AM28<>"H. Sale Real",IF(AND(AM29<>"",LEFT(AG29,2)<>"Va"),IF(AND(AM28<>"",LEFT(AG28,2)<>"Va",AM28<>"H. Sale Real"),IF(AM29-AM28<0.208333333333333,AM29-AM28,""),IF(AND(AM27<>"",LEFT(AG27,2)<>"Va",AM27<>"H. Sale Real"),IF(AM29-AM27<0.208333333333333,AM29-AM27,""),IF(AND(AM26<>"",LEFT(AG26,2)<>"Va",AM26<>"H. Sale Real"),IF(AM29-AM26<0.208333333333333,AM29-AM26,""),IF(AND(AM25<>"",LEFT(AG25,2)<>"Va",AM25<>"H. Sale Real"),IF(AM29-AM25<0.208333333333333,AM29-AM25,""),IF(AND(AM24<>"",LEFT(AG24,2)<>"Va",AM24<>"H. Sale Real"),IF(AM29-AM24<0.208333333333333,AM29-AM24,""),""))))),""),"") | AX28: =IF(AK28<>"H. Sale Real",IF(AND(AK29<>"",LEFT(AG29,2)<>"Va"),IF(AND(AK28<>"",LEFT(AG28,2)<>"Va",AK28<>"H. Sale Real"),IF(AK29-AK28<0.208333333333333,AK29-AK28,""),IF(AND(AK27<>"",LEFT(AG27,2)<>"Va",AK27<>"H. Sale Real"),IF(AK29-AK27<0.208333333333333,AK29-AK27,""),IF(AND(AK26<>"",LEFT(AG26,2)<>"NC",AK26<>"H. Sale Real"),IF(AK29-AK26<0.208333333333333,AK29-AK26,""),IF(AND(AK25<>"",LEFT(AG25,2)<>"Va",AK25<>"H. Sale Real"),IF(AK29-AK25<0.208333333333333,AK29-AK25,""),IF(AND(AK24<>"",LEFT(AG24,2)<>"Va",AK24<>"H. Sale Real"),IF(AK29-AK24<0.208333333333333,AK29-AK24,""),""))))),""),"") | BD28: =IF(AK28<>"",IF(AND(BD27<>"IE",AT28<>0,AV28<>""),IF(IFERROR((AT28/AV28),0) <=1,IFERROR(AT28/AV28,""),1),""),"") | BI28: 16 | BJ28: =COUNTIFS($A:$A,$BI28,$C:$C,$BI$11) | BK28: =BJ28-COUNTIFS($A:$A,$BI28,$C:$C,$BI$11,$H:$H,"") | BL28: =IFERROR((BK28/BJ28),"") | BM28: =_xlfn.XLOOKUP(BI28,$A:$A,$R:$R,"0",0,-1) | BN28: =_xlfn.XLOOKUP(BI28,$A:$A,$P:$P,"0",0,-1) | BO28: =_xlfn.XLOOKUP(BI28,$A:$A,$Z:$Z,"",0,-1) | BR28: 16 | BS28: =COUNTIFS($AE:$AE,$BR28,$AG:$AG,$BR$11) | BT28: =BS28-COUNTIFS($AE:$AE,$BR28,$AG:$AG,$BR$11,$AL:$AL,"") | BU28: =IFERROR((BT28/BS28),"") | BV28: =_xlfn.XLOOKUP(BR28,$AE:$AE,$AV:$AV,"0",0,-1) | BW28: =_xlfn.XLOOKUP(BR28,$AE:$AE,$AT:$AT,"0",0,-1) | BX28: =_xlfn.XLOOKUP(BR28,$AE:$AE,$BD:$BD,"",0,-1) | FC28: Diccionario 1 | FD28: 1025 | FE28: D8483045K2PL | FF28: YV3T7U520KA195462 | FG28: Volvo | FH28: B8R | FI28: MARCOPOLO | FJ28: TORINO | FK28: 2019 | FL28: B2PAL | FM28: LOS LIBERTADORES | FN28: Los Liberadores 6450, Lote 4A | FO28: Huechuraba | FP28: B | FS28: 3007 / SFWB-50| | FT28: SFWB-50| | FU28: SFWB-50 | FV28: =VLOOKUP(FU28,FD:FL,9,0) | FZ28: 722 | GA28: 0 | GB28: 0 | GC28: 0 | GD28: 0 | GE28: 33.35 | GF28: 28.915 | GG28: 20.485 | GH28: 15.51 | GI28: 16.905 | GJ28: 19.285 | GK28: 20.875 | GL28: 20.73 | GM28: 19.905 | GN28: 19.655 | GO28: 19.46 | GP28: 18.505 | GQ28: 17.405 | GR28: 16.31 | GS28: 16.535 | GT28: 19.545 | GU28: 21.92 | GV28: 23.85 | GW28: 25.92 | GX28: 27.725 | HA28: 25 | HB28: 22 | HE28: U8 | HF28: B19 | HG28: B19 | HH28: 45 | HL28: OmegaU8 | HM28: B19 | HN28: Aguirre Luco | HO28: 919 | IB28: Panne en Taller
A29: =HOUR(G29)+1 | D29: =IFERROR( IF(AND(OR(Planilla!B29="C",Planilla!B29="c"), VLOOKUP(E29,FD:FP,13,0)="C"), "OK",IF(AND(OR(Planilla!B29="C",Planilla!B29="c"), OR(VLOOKUP(E29,FD:FP,13,0)="B", VLOOKUP(E29,FD:FP,13,0)="A")), "DEFICIT",IF( AND(OR(Planilla!B29="B", Planilla!B29="BPAL"), VLOOKUP(E29,FD:FP,13,0)="B"), "OK",IF(AND(OR(Planilla!B29="B", Planilla!B29="BPAL"), VLOOKUP(E29,FD:FP,13,0)="A"), "DEFICIT",IF(AND(OR(Planilla!B29="B", Planilla!B29="BPAL"), VLOOKUP(E29,FD:FP,13,0)="C"), "SOBREOFERTA",IF(AND(Planilla!B29="A", VLOOKUP(E29,FD:FP,13,0)="A"), "OK",IF( AND(Planilla!B29="A", OR(VLOOKUP(E29,FD:FP,13,0)="B", VLOOKUP(E29,FD:FP,13,0)="C")), "SOBREOFERTA","" ))))))),"") | H29: =IF(I29="","",IF(AND((I29-G29)>=TIME(0,0,0),(I29-G29)<TIME(0,3,0)),"OK",IF(AND((I29-G29)>=TIME(0,3,0),(I29-G29)<TIME(0,5,0)),"RETRASO DE 3-5 MIN",IF(AND((I29-G29)>=TIME(0,5,0),(I29-G29)<TIME(0,10,0)),"RETRASO DE 5-10 MIN",IF((I29-G29)>=TIME(0,10,0),"RETRASO >10 MIN", IF(AND((G29-I29)>=TIME(0,0,0),(G29-I29)<TIME(0,3,0)),"OK",IF((G29-I29)>=TIME(0,3,0),"ADELANTADO"))))))) | J29: =IF(A29<>"",HLOOKUP(VALUE(TEXT(G29,"h:mm:ss")),IF($C$6="Laboral",$FZ$4:$GX$227,IF($C$6="Sábado",$FZ$231:$GX$452,$FZ$456:$GX$656)),VLOOKUP($C$4,$HF$2:$HH$99,3,0)+IF(C$5="Ida",0,1),1),"") | K29: =IF(A30<>A29,AVERAGEIF(A$9:A29,A29,J$9:J29),"") | L29: =IFERROR(IF(A30<>A29,AVERAGEIF(A$9:A29,A29,S$9:S29),""),"") | M29: =IFERROR(IF(A30<>A29,AVERAGEIF(A$9:A29,A29,T$9:T29),""),"") | N29: {=IFERROR(IF(A30<>A29,_xlfn.STDEV.P(IF(A$9:A29=A29,T$9:T29)),""),"")} | O29: {=IFERROR(IF(A30<>A29,_xlfn.STDEV.P(IF(A$9:A29=A29,S$9:S29)),""),"")} | P29: =IFERROR(IF(A29<>A30,MAX((((M29*24*60)/2)*(1+POWER((((N29*24*60) / (M29*24*60) )),2))) + ((M29*24*60 )*-0.1 + (K29*0.015)) +1,(((M29*24*60)/2)*(1+POWER((((N29*24*60) / (M29*24*60 ))),2)))),""),"") | Q29: =IF(AND(O29<>"",L29<>""),IF(A29<>A30,((L29*24*60) / 2 ) * (1 + POWER(((O29*24*60) / (L29*24*60)),2)),""),"") | R29: =IF(Q29<>"",MAX(P29,Q29),"") | S29: =IF(I29<>"H. Sale Real",IF(AND(I30<>"",LEFT(C30,2)<>"Va"),IF(AND(I29<>"",LEFT(C29,2)<>"Va",I29<>"H. Sale Real"),IF(I30-I29<0.208333333333333,I30-I29,""),IF(AND(I28<>"",LEFT(C28,2)<>"Va",I28<>"H. Sale Real"),IF(I30-I28<0.208333333333333,I30-I28,""),IF(AND(I27<>"",LEFT(C27,2)<>"Va",I27<>"H. Sale Real"),IF(I30-I27<0.208333333333333,I30-I27,""),IF(AND(I26<>"",LEFT(C26,2)<>"Va",I26<>"H. Sale Real"),IF(I30-I26<0.208333333333333,I30-I26,""),IF(AND(I25<>"",LEFT(C25,2)<>"Va",I25<>"H. Sale Real"),IF(I30-I25<0.208333333333333,I30-I25,""),""))))),""),"") | T29: =IF(G29<>"H. Sale Real",IF(AND(G30<>"",LEFT(C30,2)<>"Va"),IF(AND(G29<>"",LEFT(C29,2)<>"Va",G29<>"H. Sale Real"),IF(G30-G29<0.208333333333333,G30-G29,""),IF(AND(G28<>"",LEFT(C28,2)<>"Va",G28<>"H. Sale Real"),IF(G30-G28<0.208333333333333,G30-G28,""),IF(AND(G27<>"",LEFT(C27,2)<>"Va",G27<>"H. Sale Real"),IF(G30-G27<0.208333333333333,G30-G27,""),IF(AND(G26<>"",LEFT(C26,2)<>"Va",G26<>"H. Sale Real"),IF(G30-G26<0.208333333333333,G30-G26,""),IF(AND(G25<>"",LEFT(C25,2)<>"Va",G25<>"H. Sale Real"),IF(G30-G25<0.208333333333333,G30-G25,""),""))))),""),"") | Z29: =IF(G29<>"",IF(AND(Z28<>"IE",P29<>0,R29<>""),IF(IFERROR((P29/R29),0) <=1,IFERROR(P29/R29,""),1),""),"") | AE29: =HOUR(AK29)+1 | AL29: =IF(AM29="","",IF(AND((AM29-AK29)>=TIME(0,0,0),(AM29-AK29)<TIME(0,3,0)),"OK",IF(AND((AM29-AK29)>=TIME(0,3,0),(AM29-AK29)<TIME(0,5,0)),"RETRASO DE 3-5 MIN",IF(AND((AM29-AK29)>=TIME(0,5,0),(AM29-AK29)<TIME(0,10,0)),"RETRASO DE 5-10 MIN",IF((AM29-AK29)>=TIME(0,10,0),"RETRASO >10 MIN", IF(AND((AK29-AM29)>=TIME(0,0,0),(AK29-AM29)<TIME(0,3,0)),"OK",IF((AK29-AM29)>=TIME(0,3,0),"ADELANTADO"))))))) | AN29: =IF(AE29<>"",HLOOKUP(VALUE(TEXT(AK29,"h:mm:ss")),IF($C$6="Laboral",$FZ$4:$GX$227,IF($C$6="Sábado",$FZ$231:$GX$452,$FZ$456:$GX$656)),VLOOKUP($C$4,$HF$2:$HH$99,3,0)+IF(AG$5="Ida",0,1),1),"") | AO29: =IF(AE30<>AE29,AVERAGEIF(AE$9:AE29,AE29,AN$9:AN29),"") | AP29: =IFERROR(IF(AE30<>AE29,AVERAGEIF(AE$9:AE29,AE29,AW$9:AW29),""),"") | AQ29: =IFERROR(IF(AE30<>AE29,AVERAGEIF(AE$9:AE29,AE29,AX$9:AX29),""),"") | AR29: {=IFERROR(IF(AE30<>AE29,_xlfn.STDEV.P(IF(AE$9:AE29=AE29,AX$9:AX29)),""),"")} | AS29: {=IFERROR(IF(AE30<>AE29,_xlfn.STDEV.P(IF(AE$9:AE29=AE29,AW$9:AW29)),""),"")} | AT29: =IFERROR(IF(AE29<>AE30,MAX((((AQ29*24*60)/2)*(1+POWER((((AR29*24*60) / (AQ29*24*60) )),2))) + ((AQ29*24*60 )*-0.1 + (AO29*0.015)) +1,(((AQ29*24*60)/2)*(1+POWER((((AR29*24*60) / (AQ29*24*60 ))),2)))),""),"") | AU29: =IF(AND(AS29<>"",AP29<>""),IF(AE29<>AE30,((AP29*24*60) / 2 ) * (1 + POWER(((AS29*24*60) / (AP29*24*60)),2)),""),"") | AV29: =IF(AU29<>"",MAX(AT29,AU29),"") | AW29: =IF(AM29<>"H. Sale Real",IF(AND(AM30<>"",LEFT(AG30,2)<>"Va"),IF(AND(AM29<>"",LEFT(AG29,2)<>"Va",AM29<>"H. Sale Real"),IF(AM30-AM29<0.208333333333333,AM30-AM29,""),IF(AND(AM28<>"",LEFT(AG28,2)<>"Va",AM28<>"H. Sale Real"),IF(AM30-AM28<0.208333333333333,AM30-AM28,""),IF(AND(AM27<>"",LEFT(AG27,2)<>"Va",AM27<>"H. Sale Real"),IF(AM30-AM27<0.208333333333333,AM30-AM27,""),IF(AND(AM26<>"",LEFT(AG26,2)<>"Va",AM26<>"H. Sale Real"),IF(AM30-AM26<0.208333333333333,AM30-AM26,""),IF(AND(AM25<>"",LEFT(AG25,2)<>"Va",AM25<>"H. Sale Real"),IF(AM30-AM25<0.208333333333333,AM30-AM25,""),""))))),""),"") | AX29: =IF(AK29<>"H. Sale Real",IF(AND(AK30<>"",LEFT(AG30,2)<>"Va"),IF(AND(AK29<>"",LEFT(AG29,2)<>"Va",AK29<>"H. Sale Real"),IF(AK30-AK29<0.208333333333333,AK30-AK29,""),IF(AND(AK28<>"",LEFT(AG28,2)<>"Va",AK28<>"H. Sale Real"),IF(AK30-AK28<0.208333333333333,AK30-AK28,""),IF(AND(AK27<>"",LEFT(AG27,2)<>"NC",AK27<>"H. Sale Real"),IF(AK30-AK27<0.208333333333333,AK30-AK27,""),IF(AND(AK26<>"",LEFT(AG26,2)<>"Va",AK26<>"H. Sale Real"),IF(AK30-AK26<0.208333333333333,AK30-AK26,""),IF(AND(AK25<>"",LEFT(AG25,2)<>"Va",AK25<>"H. Sale Real"),IF(AK30-AK25<0.208333333333333,AK30-AK25,""),""))))),""),"") | BD29: =IF(AK29<>"",IF(AND(BD28<>"IE",AT29<>0,AV29<>""),IF(IFERROR((AT29/AV29),0) <=1,IFERROR(AT29/AV29,""),1),""),"") | BI29: 17 | BJ29: =COUNTIFS($A:$A,$BI29,$C:$C,$BI$11) | BK29: =BJ29-COUNTIFS($A:$A,$BI29,$C:$C,$BI$11,$H:$H,"") | BL29: =IFERROR((BK29/BJ29),"") | BM29: =_xlfn.XLOOKUP(BI29,$A:$A,$R:$R,"0",0,-1) | BN29: =_xlfn.XLOOKUP(BI29,$A:$A,$P:$P,"0",0,-1) | BO29: =_xlfn.XLOOKUP(BI29,$A:$A,$Z:$Z,"",0,-1) | BR29: 17 | BS29: =COUNTIFS($AE:$AE,$BR29,$AG:$AG,$BR$11) | BT29: =BS29-COUNTIFS($AE:$AE,$BR29,$AG:$AG,$BR$11,$AL:$AL,"") | BU29: =IFERROR((BT29/BS29),"") | BV29: =_xlfn.XLOOKUP(BR29,$AE:$AE,$AV:$AV,"0",0,-1) | BW29: =_xlfn.XLOOKUP(BR29,$AE:$AE,$AT:$AT,"0",0,-1) | BX29: =_xlfn.XLOOKUP(BR29,$AE:$AE,$BD:$BD,"",0,-1) | FC29: Diccionario 1 | FD29: 1026 | FE29: D8483063K2PL | FF29: YV3T7U522KA195463 | FG29: Volvo | FH29: B8R | FI29: MARCOPOLO | FJ29: TORINO | FK29: 2019 | FL29: B2PAL | FM29: LOS LIBERTADORES | FN29: Los Liberadores 6450, Lote 4A | FO29: Huechuraba | FP29: B | FS29: 3007 / SFWB-50| | FT29: SFWB-50| | FU29: SFWB-50 | FV29: =VLOOKUP(FU29,FD:FL,9,0) | FZ29: 722 | GA29: 31.885 | GB29: 16.595 | GC29: 0 | GD29: 0 | GE29: 0 | GF29: 31.7 | GG29: 24.445 | GH29: 17.905 | GI29: 18.37 | GJ29: 21.83 | GK29: 23.075 | GL29: 22.29 | GM29: 20.965 | GN29: 20.16 | GO29: 19.785 | GP29: 18.25 | GQ29: 16.44 | GR29: 14.33 | GS29: 15.94 | GT29: 19.19 | GU29: 21.99 | GV29: 24.335 | GW29: 26.73 | GX29: 28.725 | HA29: 26 | HB29: 23 | HE29: U8 | HF29: F02 | HG29: F02 | HH29: 46 | HL29: OmegaU8 | HM29: F02 | HN29: Pie Andino | HO29: 922 | IB29: MáquinaAccidente en Ruta
A30: =HOUR(G30)+1 | D30: =IFERROR( IF(AND(OR(Planilla!B30="C",Planilla!B30="c"), VLOOKUP(E30,FD:FP,13,0)="C"), "OK",IF(AND(OR(Planilla!B30="C",Planilla!B30="c"), OR(VLOOKUP(E30,FD:FP,13,0)="B", VLOOKUP(E30,FD:FP,13,0)="A")), "DEFICIT",IF( AND(OR(Planilla!B30="B", Planilla!B30="BPAL"), VLOOKUP(E30,FD:FP,13,0)="B"), "OK",IF(AND(OR(Planilla!B30="B", Planilla!B30="BPAL"), VLOOKUP(E30,FD:FP,13,0)="A"), "DEFICIT",IF(AND(OR(Planilla!B30="B", Planilla!B30="BPAL"), VLOOKUP(E30,FD:FP,13,0)="C"), "SOBREOFERTA",IF(AND(Planilla!B30="A", VLOOKUP(E30,FD:FP,13,0)="A"), "OK",IF( AND(Planilla!B30="A", OR(VLOOKUP(E30,FD:FP,13,0)="B", VLOOKUP(E30,FD:FP,13,0)="C")), "SOBREOFERTA","" ))))))),"") | H30: =IF(I30="","",IF(AND((I30-G30)>=TIME(0,0,0),(I30-G30)<TIME(0,3,0)),"OK",IF(AND((I30-G30)>=TIME(0,3,0),(I30-G30)<TIME(0,5,0)),"RETRASO DE 3-5 MIN",IF(AND((I30-G30)>=TIME(0,5,0),(I30-G30)<TIME(0,10,0)),"RETRASO DE 5-10 MIN",IF((I30-G30)>=TIME(0,10,0),"RETRASO >10 MIN", IF(AND((G30-I30)>=TIME(0,0,0),(G30-I30)<TIME(0,3,0)),"OK",IF((G30-I30)>=TIME(0,3,0),"ADELANTADO"))))))) | J30: =IF(A30<>"",HLOOKUP(VALUE(TEXT(G30,"h:mm:ss")),IF($C$6="Laboral",$FZ$4:$GX$227,IF($C$6="Sábado",$FZ$231:$GX$452,$FZ$456:$GX$656)),VLOOKUP($C$4,$HF$2:$HH$99,3,0)+IF(C$5="Ida",0,1),1),"") | K30: =IF(A31<>A30,AVERAGEIF(A$9:A30,A30,J$9:J30),"") | L30: =IFERROR(IF(A31<>A30,AVERAGEIF(A$9:A30,A30,S$9:S30),""),"") | M30: =IFERROR(IF(A31<>A30,AVERAGEIF(A$9:A30,A30,T$9:T30),""),"") | N30: {=IFERROR(IF(A31<>A30,_xlfn.STDEV.P(IF(A$9:A30=A30,T$9:T30)),""),"")} | O30: {=IFERROR(IF(A31<>A30,_xlfn.STDEV.P(IF(A$9:A30=A30,S$9:S30)),""),"")} | P30: =IFERROR(IF(A30<>A31,MAX((((M30*24*60)/2)*(1+POWER((((N30*24*60) / (M30*24*60) )),2))) + ((M30*24*60 )*-0.1 + (K30*0.015)) +1,(((M30*24*60)/2)*(1+POWER((((N30*24*60) / (M30*24*60 ))),2)))),""),"") | Q30: =IF(AND(O30<>"",L30<>""),IF(A30<>A31,((L30*24*60) / 2 ) * (1 + POWER(((O30*24*60) / (L30*24*60)),2)),""),"") | R30: =IF(Q30<>"",MAX(P30,Q30),"") | S30: =IF(I30<>"H. Sale Real",IF(AND(I31<>"",LEFT(C31,2)<>"Va"),IF(AND(I30<>"",LEFT(C30,2)<>"Va",I30<>"H. Sale Real"),IF(I31-I30<0.208333333333333,I31-I30,""),IF(AND(I29<>"",LEFT(C29,2)<>"Va",I29<>"H. Sale Real"),IF(I31-I29<0.208333333333333,I31-I29,""),IF(AND(I28<>"",LEFT(C28,2)<>"Va",I28<>"H. Sale Real"),IF(I31-I28<0.208333333333333,I31-I28,""),IF(AND(I27<>"",LEFT(C27,2)<>"Va",I27<>"H. Sale Real"),IF(I31-I27<0.208333333333333,I31-I27,""),IF(AND(I26<>"",LEFT(C26,2)<>"Va",I26<>"H. Sale Real"),IF(I31-I26<0.208333333333333,I31-I26,""),""))))),""),"") | T30: =IF(G30<>"H. Sale Real",IF(AND(G31<>"",LEFT(C31,2)<>"Va"),IF(AND(G30<>"",LEFT(C30,2)<>"Va",G30<>"H. Sale Real"),IF(G31-G30<0.208333333333333,G31-G30,""),IF(AND(G29<>"",LEFT(C29,2)<>"Va",G29<>"H. Sale Real"),IF(G31-G29<0.208333333333333,G31-G29,""),IF(AND(G28<>"",LEFT(C28,2)<>"Va",G28<>"H. Sale Real"),IF(G31-G28<0.208333333333333,G31-G28,""),IF(AND(G27<>"",LEFT(C27,2)<>"Va",G27<>"H. Sale Real"),IF(G31-G27<0.208333333333333,G31-G27,""),IF(AND(G26<>"",LEFT(C26,2)<>"Va",G26<>"H. Sale Real"),IF(G31-G26<0.208333333333333,G31-G26,""),""))))),""),"") | Z30: =IF(G30<>"",IF(AND(Z29<>"IE",P30<>0,R30<>""),IF(IFERROR((P30/R30),0) <=1,IFERROR(P30/R30,""),1),""),"") | AE30: =HOUR(AK30)+1 | AL30: =IF(AM30="","",IF(AND((AM30-AK30)>=TIME(0,0,0),(AM30-AK30)<TIME(0,3,0)),"OK",IF(AND((AM30-AK30)>=TIME(0,3,0),(AM30-AK30)<TIME(0,5,0)),"RETRASO DE 3-5 MIN",IF(AND((AM30-AK30)>=TIME(0,5,0),(AM30-AK30)<TIME(0,10,0)),"RETRASO DE 5-10 MIN",IF((AM30-AK30)>=TIME(0,10,0),"RETRASO >10 MIN", IF(AND((AK30-AM30)>=TIME(0,0,0),(AK30-AM30)<TIME(0,3,0)),"OK",IF((AK30-AM30)>=TIME(0,3,0),"ADELANTADO"))))))) | AN30: =IF(AE30<>"",HLOOKUP(VALUE(TEXT(AK30,"h:mm:ss")),IF($C$6="Laboral",$FZ$4:$GX$227,IF($C$6="Sábado",$FZ$231:$GX$452,$FZ$456:$GX$656)),VLOOKUP($C$4,$HF$2:$HH$99,3,0)+IF(AG$5="Ida",0,1),1),"") | AO30: =IF(AE31<>AE30,AVERAGEIF(AE$9:AE30,AE30,AN$9:AN30),"") | AP30: =IFERROR(IF(AE31<>AE30,AVERAGEIF(AE$9:AE30,AE30,AW$9:AW30),""),"") | AQ30: =IFERROR(IF(AE31<>AE30,AVERAGEIF(AE$9:AE30,AE30,AX$9:AX30),""),"") | AR30: {=IFERROR(IF(AE31<>AE30,_xlfn.STDEV.P(IF(AE$9:AE30=AE30,AX$9:AX30)),""),"")} | AS30: {=IFERROR(IF(AE31<>AE30,_xlfn.STDEV.P(IF(AE$9:AE30=AE30,AW$9:AW30)),""),"")} | AT30: =IFERROR(IF(AE30<>AE31,MAX((((AQ30*24*60)/2)*(1+POWER((((AR30*24*60) / (AQ30*24*60) )),2))) + ((AQ30*24*60 )*-0.1 + (AO30*0.015)) +1,(((AQ30*24*60)/2)*(1+POWER((((AR30*24*60) / (AQ30*24*60 ))),2)))),""),"") | AU30: =IF(AND(AS30<>"",AP30<>""),IF(AE30<>AE31,((AP30*24*60) / 2 ) * (1 + POWER(((AS30*24*60) / (AP30*24*60)),2)),""),"") | AV30: =IF(AU30<>"",MAX(AT30,AU30),"") | AW30: =IF(AM30<>"H. Sale Real",IF(AND(AM31<>"",LEFT(AG31,2)<>"Va"),IF(AND(AM30<>"",LEFT(AG30,2)<>"Va",AM30<>"H. Sale Real"),IF(AM31-AM30<0.208333333333333,AM31-AM30,""),IF(AND(AM29<>"",LEFT(AG29,2)<>"Va",AM29<>"H. Sale Real"),IF(AM31-AM29<0.208333333333333,AM31-AM29,""),IF(AND(AM28<>"",LEFT(AG28,2)<>"Va",AM28<>"H. Sale Real"),IF(AM31-AM28<0.208333333333333,AM31-AM28,""),IF(AND(AM27<>"",LEFT(AG27,2)<>"Va",AM27<>"H. Sale Real"),IF(AM31-AM27<0.208333333333333,AM31-AM27,""),IF(AND(AM26<>"",LEFT(AG26,2)<>"Va",AM26<>"H. Sale Real"),IF(AM31-AM26<0.208333333333333,AM31-AM26,""),""))))),""),"") | AX30: =IF(AK30<>"H. Sale Real",IF(AND(AK31<>"",LEFT(AG31,2)<>"Va"),IF(AND(AK30<>"",LEFT(AG30,2)<>"Va",AK30<>"H. Sale Real"),IF(AK31-AK30<0.208333333333333,AK31-AK30,""),IF(AND(AK29<>"",LEFT(AG29,2)<>"Va",AK29<>"H. Sale Real"),IF(AK31-AK29<0.208333333333333,AK31-AK29,""),IF(AND(AK28<>"",LEFT(AG28,2)<>"NC",AK28<>"H. Sale Real"),IF(AK31-AK28<0.208333333333333,AK31-AK28,""),IF(AND(AK27<>"",LEFT(AG27,2)<>"Va",AK27<>"H. Sale Real"),IF(AK31-AK27<0.208333333333333,AK31-AK27,""),IF(AND(AK26<>"",LEFT(AG26,2)<>"Va",AK26<>"H. Sale Real"),IF(AK31-AK26<0.208333333333333,AK31-AK26,""),""))))),""),"") | BD30: =IF(AK30<>"",IF(AND(BD29<>"IE",AT30<>0,AV30<>""),IF(IFERROR((AT30/AV30),0) <=1,IFERROR(AT30/AV30,""),1),""),"") | BI30: 18 | BJ30: =COUNTIFS($A:$A,$BI30,$C:$C,$BI$11) | BK30: =BJ30-COUNTIFS($A:$A,$BI30,$C:$C,$BI$11,$H:$H,"") | BL30: =IFERROR((BK30/BJ30),"") | BM30: =_xlfn.XLOOKUP(BI30,$A:$A,$R:$R,"0",0,-1) | BN30: =_xlfn.XLOOKUP(BI30,$A:$A,$P:$P,"0",0,-1) | BO30: =_xlfn.XLOOKUP(BI30,$A:$A,$Z:$Z,"",0,-1) | BR30: 18 | BS30: =COUNTIFS($AE:$AE,$BR30,$AG:$AG,$BR$11) | BT30: =BS30-COUNTIFS($AE:$AE,$BR30,$AG:$AG,$BR$11,$AL:$AL,"") | BU30: =IFERROR((BT30/BS30),"") | BV30: =_xlfn.XLOOKUP(BR30,$AE:$AE,$AV:$AV,"0",0,-1) | BW30: =_xlfn.XLOOKUP(BR30,$AE:$AE,$AT:$AT,"0",0,-1) | BX30: =_xlfn.XLOOKUP(BR30,$AE:$AE,$BD:$BD,"",0,-1) | FC30: Diccionario 1 | FD30: 1027 | FE30: D8483109K2PL | FF30: YV3T7U523KA195486 | FG30: Volvo | FH30: B8R | FI30: MARCOPOLO | FJ30: TORINO | FK30: 2019 | FL30: B2PAL | FM30: LOS LIBERTADORES | FN30: Los Liberadores 6450, Lote 4A | FO30: Huechuraba | FP30: B | FS30: 3007 / SFWB-50| | FT30: SFWB-50| | FU30: SFWB-50 | FV30: =VLOOKUP(FU30,FD:FL,9,0) | FZ30: B24 | GA30: 0 | GB30: 0 | GC30: 0 | GD30: 0 | GE30: 0 | GF30: 8.42 | GG30: 14.68 | GH30: 13.505 | GI30: 14.505 | GJ30: 15.18 | GK30: 14.885 | GL30: 14.41 | GM30: 14.24 | GN30: 14.65 | GO30: 14.555 | GP30: 14.03 | GQ30: 13.07 | GR30: 12.885 | GS30: 14.365 | GT30: 16.175 | GU30: 17.535 | GV30: 19.54 | GW30: 21.275 | GX30: 0 | HA30: 27 | HB30: 24 | HE30: U8 | HF30: F05 | HG30: F05 | HH30: 48 | HL30: OmegaU8 | HM30: F05 | HN30: Pie Andino | HO30: 925 | IB30: Problema con Carga de Buses Eléctricos
A31: =HOUR(G31)+1 | D31: =IFERROR( IF(AND(OR(Planilla!B31="C",Planilla!B31="c"), VLOOKUP(E31,FD:FP,13,0)="C"), "OK",IF(AND(OR(Planilla!B31="C",Planilla!B31="c"), OR(VLOOKUP(E31,FD:FP,13,0)="B", VLOOKUP(E31,FD:FP,13,0)="A")), "DEFICIT",IF( AND(OR(Planilla!B31="B", Planilla!B31="BPAL"), VLOOKUP(E31,FD:FP,13,0)="B"), "OK",IF(AND(OR(Planilla!B31="B", Planilla!B31="BPAL"), VLOOKUP(E31,FD:FP,13,0)="A"), "DEFICIT",IF(AND(OR(Planilla!B31="B", Planilla!B31="BPAL"), VLOOKUP(E31,FD:FP,13,0)="C"), "SOBREOFERTA",IF(AND(Planilla!B31="A", VLOOKUP(E31,FD:FP,13,0)="A"), "OK",IF( AND(Planilla!B31="A", OR(VLOOKUP(E31,FD:FP,13,0)="B", VLOOKUP(E31,FD:FP,13,0)="C")), "SOBREOFERTA","" ))))))),"") | H31: =IF(I31="","",IF(AND((I31-G31)>=TIME(0,0,0),(I31-G31)<TIME(0,3,0)),"OK",IF(AND((I31-G31)>=TIME(0,3,0),(I31-G31)<TIME(0,5,0)),"RETRASO DE 3-5 MIN",IF(AND((I31-G31)>=TIME(0,5,0),(I31-G31)<TIME(0,10,0)),"RETRASO DE 5-10 MIN",IF((I31-G31)>=TIME(0,10,0),"RETRASO >10 MIN", IF(AND((G31-I31)>=TIME(0,0,0),(G31-I31)<TIME(0,3,0)),"OK",IF((G31-I31)>=TIME(0,3,0),"ADELANTADO"))))))) | J31: =IF(A31<>"",HLOOKUP(VALUE(TEXT(G31,"h:mm:ss")),IF($C$6="Laboral",$FZ$4:$GX$227,IF($C$6="Sábado",$FZ$231:$GX$452,$FZ$456:$GX$656)),VLOOKUP($C$4,$HF$2:$HH$99,3,0)+IF(C$5="Ida",0,1),1),"") | K31: =IF(A32<>A31,AVERAGEIF(A$9:A31,A31,J$9:J31),"") | L31: =IFERROR(IF(A32<>A31,AVERAGEIF(A$9:A31,A31,S$9:S31),""),"") | M31: =IFERROR(IF(A32<>A31,AVERAGEIF(A$9:A31,A31,T$9:T31),""),"") | N31: {=IFERROR(IF(A32<>A31,_xlfn.STDEV.P(IF(A$9:A31=A31,T$9:T31)),""),"")} | O31: {=IFERROR(IF(A32<>A31,_xlfn.STDEV.P(IF(A$9:A31=A31,S$9:S31)),""),"")} | P31: =IFERROR(IF(A31<>A32,MAX((((M31*24*60)/2)*(1+POWER((((N31*24*60) / (M31*24*60) )),2))) + ((M31*24*60 )*-0.1 + (K31*0.015)) +1,(((M31*24*60)/2)*(1+POWER((((N31*24*60) / (M31*24*60 ))),2)))),""),"") | Q31: =IF(AND(O31<>"",L31<>""),IF(A31<>A32,((L31*24*60) / 2 ) * (1 + POWER(((O31*24*60) / (L31*24*60)),2)),""),"") | R31: =IF(Q31<>"",MAX(P31,Q31),"") | S31: =IF(I31<>"H. Sale Real",IF(AND(I32<>"",LEFT(C32,2)<>"Va"),IF(AND(I31<>"",LEFT(C31,2)<>"Va",I31<>"H. Sale Real"),IF(I32-I31<0.208333333333333,I32-I31,""),IF(AND(I30<>"",LEFT(C30,2)<>"Va",I30<>"H. Sale Real"),IF(I32-I30<0.208333333333333,I32-I30,""),IF(AND(I29<>"",LEFT(C29,2)<>"Va",I29<>"H. Sale Real"),IF(I32-I29<0.208333333333333,I32-I29,""),IF(AND(I28<>"",LEFT(C28,2)<>"Va",I28<>"H. Sale Real"),IF(I32-I28<0.208333333333333,I32-I28,""),IF(AND(I27<>"",LEFT(C27,2)<>"Va",I27<>"H. Sale Real"),IF(I32-I27<0.208333333333333,I32-I27,""),""))))),""),"") | T31: =IF(G31<>"H. Sale Real",IF(AND(G32<>"",LEFT(C32,2)<>"Va"),IF(AND(G31<>"",LEFT(C31,2)<>"Va",G31<>"H. Sale Real"),IF(G32-G31<0.208333333333333,G32-G31,""),IF(AND(G30<>"",LEFT(C30,2)<>"Va",G30<>"H. Sale Real"),IF(G32-G30<0.208333333333333,G32-G30,""),IF(AND(G29<>"",LEFT(C29,2)<>"Va",G29<>"H. Sale Real"),IF(G32-G29<0.208333333333333,G32-G29,""),IF(AND(G28<>"",LEFT(C28,2)<>"Va",G28<>"H. Sale Real"),IF(G32-G28<0.208333333333333,G32-G28,""),IF(AND(G27<>"",LEFT(C27,2)<>"Va",G27<>"H. Sale Real"),IF(G32-G27<0.208333333333333,G32-G27,""),""))))),""),"") | Z31: =IF(G31<>"",IF(AND(Z30<>"IE",P31<>0,R31<>""),IF(IFERROR((P31/R31),0) <=1,IFERROR(P31/R31,""),1),""),"") | AE31: =HOUR(AK31)+1 | AL31: =IF(AM31="","",IF(AND((AM31-AK31)>=TIME(0,0,0),(AM31-AK31)<TIME(0,3,0)),"OK",IF(AND((AM31-AK31)>=TIME(0,3,0),(AM31-AK31)<TIME(0,5,0)),"RETRASO DE 3-5 MIN",IF(AND((AM31-AK31)>=TIME(0,5,0),(AM31-AK31)<TIME(0,10,0)),"RETRASO DE 5-10 MIN",IF((AM31-AK31)>=TIME(0,10,0),"RETRASO >10 MIN", IF(AND((AK31-AM31)>=TIME(0,0,0),(AK31-AM31)<TIME(0,3,0)),"OK",IF((AK31-AM31)>=TIME(0,3,0),"ADELANTADO"))))))) | AN31: =IF(AE31<>"",HLOOKUP(VALUE(TEXT(AK31,"h:mm:ss")),IF($C$6="Laboral",$FZ$4:$GX$227,IF($C$6="Sábado",$FZ$231:$GX$452,$FZ$456:$GX$656)),VLOOKUP($C$4,$HF$2:$HH$99,3,0)+IF(AG$5="Ida",0,1),1),"") | AO31: =IF(AE32<>AE31,AVERAGEIF(AE$9:AE31,AE31,AN$9:AN31),"") | AP31: =IFERROR(IF(AE32<>AE31,AVERAGEIF(AE$9:AE31,AE31,AW$9:AW31),""),"") | AQ31: =IFERROR(IF(AE32<>AE31,AVERAGEIF(AE$9:AE31,AE31,AX$9:AX31),""),"") | AR31: {=IFERROR(IF(AE32<>AE31,_xlfn.STDEV.P(IF(AE$9:AE31=AE31,AX$9:AX31)),""),"")} | AS31: {=IFERROR(IF(AE32<>AE31,_xlfn.STDEV.P(IF(AE$9:AE31=AE31,AW$9:AW31)),""),"")} | AT31: =IFERROR(IF(AE31<>AE32,MAX((((AQ31*24*60)/2)*(1+POWER((((AR31*24*60) / (AQ31*24*60) )),2))) + ((AQ31*24*60 )*-0.1 + (AO31*0.015)) +1,(((AQ31*24*60)/2)*(1+POWER((((AR31*24*60) / (AQ31*24*60 ))),2)))),""),"") | AU31: =IF(AND(AS31<>"",AP31<>""),IF(AE31<>AE32,((AP31*24*60) / 2 ) * (1 + POWER(((AS31*24*60) / (AP31*24*60)),2)),""),"") | AV31: =IF(AU31<>"",MAX(AT31,AU31),"") | AW31: =IF(AM31<>"H. Sale Real",IF(AND(AM32<>"",LEFT(AG32,2)<>"Va"),IF(AND(AM31<>"",LEFT(AG31,2)<>"Va",AM31<>"H. Sale Real"),IF(AM32-AM31<0.208333333333333,AM32-AM31,""),IF(AND(AM30<>"",LEFT(AG30,2)<>"Va",AM30<>"H. Sale Real"),IF(AM32-AM30<0.208333333333333,AM32-AM30,""),IF(AND(AM29<>"",LEFT(AG29,2)<>"Va",AM29<>"H. Sale Real"),IF(AM32-AM29<0.208333333333333,AM32-AM29,""),IF(AND(AM28<>"",LEFT(AG28,2)<>"Va",AM28<>"H. Sale Real"),IF(AM32-AM28<0.208333333333333,AM32-AM28,""),IF(AND(AM27<>"",LEFT(AG27,2)<>"Va",AM27<>"H. Sale Real"),IF(AM32-AM27<0.208333333333333,AM32-AM27,""),""))))),""),"") | AX31: =IF(AK31<>"H. Sale Real",IF(AND(AK32<>"",LEFT(AG32,2)<>"Va"),IF(AND(AK31<>"",LEFT(AG31,2)<>"Va",AK31<>"H. Sale Real"),IF(AK32-AK31<0.208333333333333,AK32-AK31,""),IF(AND(AK30<>"",LEFT(AG30,2)<>"Va",AK30<>"H. Sale Real"),IF(AK32-AK30<0.208333333333333,AK32-AK30,""),IF(AND(AK29<>"",LEFT(AG29,2)<>"NC",AK29<>"H. Sale Real"),IF(AK32-AK29<0.208333333333333,AK32-AK29,""),IF(AND(AK28<>"",LEFT(AG28,2)<>"Va",AK28<>"H. Sale Real"),IF(AK32-AK28<0.208333333333333,AK32-AK28,""),IF(AND(AK27<>"",LEFT(AG27,2)<>"Va",AK27<>"H. Sale Real"),IF(AK32-AK27<0.208333333333333,AK32-AK27,""),""))))),""),"") | BD31: =IF(AK31<>"",IF(AND(BD30<>"IE",AT31<>0,AV31<>""),IF(IFERROR((AT31/AV31),0) <=1,IFERROR(AT31/AV31,""),1),""),"") | BI31: 19 | BJ31: =COUNTIFS($A:$A,$BI31,$C:$C,$BI$11) | BK31: =BJ31-COUNTIFS($A:$A,$BI31,$C:$C,$BI$11,$H:$H,"") | BL31: =IFERROR((BK31/BJ31),"") | BM31: =_xlfn.XLOOKUP(BI31,$A:$A,$R:$R,"0",0,-1) | BN31: =_xlfn.XLOOKUP(BI31,$A:$A,$P:$P,"0",0,-1) | BO31: =_xlfn.XLOOKUP(BI31,$A:$A,$Z:$Z,"",0,-1) | BR31: 19 | BS31: =COUNTIFS($AE:$AE,$BR31,$AG:$AG,$BR$11) | BT31: =BS31-COUNTIFS($AE:$AE,$BR31,$AG:$AG,$BR$11,$AL:$AL,"") | BU31: =IFERROR((BT31/BS31),"") | BV31: =_xlfn.XLOOKUP(BR31,$AE:$AE,$AV:$AV,"0",0,-1) | BW31: =_xlfn.XLOOKUP(BR31,$AE:$AE,$AT:$AT,"0",0,-1) | BX31: =_xlfn.XLOOKUP(BR31,$AE:$AE,$BD:$BD,"",0,-1) | FC31: Diccionario 1 | FE31: D8483197K2PL | FF31: YV3T7U526KA195532 | FG31: Volvo | FH31: B8R | FI31: MARCOPOLO | FJ31: TORINO | FK31: 2019 | FL31: B2PAL | FM31: LOS LIBERTADORES | FN31: Los Liberadores 6450, Lote 4A | FO31: Huechuraba | FP31: B | FS31: 3007 / SFWB-50| | FT31: SFWB-50| | FU31: SFWB-50 | FV31: =VLOOKUP(FU31,FD:FL,9,0) | FZ31: B25 | GA31: 0 | GB31: 0 | GC31: 0 | GD31: 0 | GE31: 0 | GF31: 24.68 | GG31: 18.955 | GH31: 13.84 | GI31: 15.39 | GJ31: 16.61 | GK31: 17.035 | GL31: 16.835 | GM31: 16.45 | GN31: 16.125 | GO31: 15.79 | GP31: 15.615 | GQ31: 15.41 | GR31: 15.515 | GS31: 16.07 | GT31: 17.365 | GU31: 19.575 | GV31: 21.48 | GW31: 23.475 | GX31: 24.195 | HA31: 28 | HB31: 25 | HE31: U8 | HF31: F06 | HG31: F06 | HH31: 50 | HL31: OmegaU8 | HM31: F06 | HN31: Pie Andino | HO31: 926 | IB31: Pérdidas por No enviar NC
A32: =HOUR(G32)+1 | D32: =IFERROR( IF(AND(OR(Planilla!B32="C",Planilla!B32="c"), VLOOKUP(E32,FD:FP,13,0)="C"), "OK",IF(AND(OR(Planilla!B32="C",Planilla!B32="c"), OR(VLOOKUP(E32,FD:FP,13,0)="B", VLOOKUP(E32,FD:FP,13,0)="A")), "DEFICIT",IF( AND(OR(Planilla!B32="B", Planilla!B32="BPAL"), VLOOKUP(E32,FD:FP,13,0)="B"), "OK",IF(AND(OR(Planilla!B32="B", Planilla!B32="BPAL"), VLOOKUP(E32,FD:FP,13,0)="A"), "DEFICIT",IF(AND(OR(Planilla!B32="B", Planilla!B32="BPAL"), VLOOKUP(E32,FD:FP,13,0)="C"), "SOBREOFERTA",IF(AND(Planilla!B32="A", VLOOKUP(E32,FD:FP,13,0)="A"), "OK",IF( AND(Planilla!B32="A", OR(VLOOKUP(E32,FD:FP,13,0)="B", VLOOKUP(E32,FD:FP,13,0)="C")), "SOBREOFERTA","" ))))))),"") | H32: =IF(I32="","",IF(AND((I32-G32)>=TIME(0,0,0),(I32-G32)<TIME(0,3,0)),"OK",IF(AND((I32-G32)>=TIME(0,3,0),(I32-G32)<TIME(0,5,0)),"RETRASO DE 3-5 MIN",IF(AND((I32-G32)>=TIME(0,5,0),(I32-G32)<TIME(0,10,0)),"RETRASO DE 5-10 MIN",IF((I32-G32)>=TIME(0,10,0),"RETRASO >10 MIN", IF(AND((G32-I32)>=TIME(0,0,0),(G32-I32)<TIME(0,3,0)),"OK",IF((G32-I32)>=TIME(0,3,0),"ADELANTADO"))))))) | J32: =IF(A32<>"",HLOOKUP(VALUE(TEXT(G32,"h:mm:ss")),IF($C$6="Laboral",$FZ$4:$GX$227,IF($C$6="Sábado",$FZ$231:$GX$452,$FZ$456:$GX$656)),VLOOKUP($C$4,$HF$2:$HH$99,3,0)+IF(C$5="Ida",0,1),1),"") | K32: =IF(A33<>A32,AVERAGEIF(A$9:A32,A32,J$9:J32),"") | L32: =IFERROR(IF(A33<>A32,AVERAGEIF(A$9:A32,A32,S$9:S32),""),"") | M32: =IFERROR(IF(A33<>A32,AVERAGEIF(A$9:A32,A32,T$9:T32),""),"") | N32: {=IFERROR(IF(A33<>A32,_xlfn.STDEV.P(IF(A$9:A32=A32,T$9:T32)),""),"")} | O32: {=IFERROR(IF(A33<>A32,_xlfn.STDEV.P(IF(A$9:A32=A32,S$9:S32)),""),"")} | P32: =IFERROR(IF(A32<>A33,MAX((((M32*24*60)/2)*(1+POWER((((N32*24*60) / (M32*24*60) )),2))) + ((M32*24*60 )*-0.1 + (K32*0.015)) +1,(((M32*24*60)/2)*(1+POWER((((N32*24*60) / (M32*24*60 ))),2)))),""),"") | Q32: =IF(AND(O32<>"",L32<>""),IF(A32<>A33,((L32*24*60) / 2 ) * (1 + POWER(((O32*24*60) / (L32*24*60)),2)),""),"") | R32: =IF(Q32<>"",MAX(P32,Q32),"") | S32: =IF(I32<>"H. Sale Real",IF(AND(I33<>"",LEFT(C33,2)<>"Va"),IF(AND(I32<>"",LEFT(C32,2)<>"Va",I32<>"H. Sale Real"),IF(I33-I32<0.208333333333333,I33-I32,""),IF(AND(I31<>"",LEFT(C31,2)<>"Va",I31<>"H. Sale Real"),IF(I33-I31<0.208333333333333,I33-I31,""),IF(AND(I30<>"",LEFT(C30,2)<>"Va",I30<>"H. Sale Real"),IF(I33-I30<0.208333333333333,I33-I30,""),IF(AND(I29<>"",LEFT(C29,2)<>"Va",I29<>"H. Sale Real"),IF(I33-I29<0.208333333333333,I33-I29,""),IF(AND(I28<>"",LEFT(C28,2)<>"Va",I28<>"H. Sale Real"),IF(I33-I28<0.208333333333333,I33-I28,""),""))))),""),"") | T32: =IF(G32<>"H. Sale Real",IF(AND(G33<>"",LEFT(C33,2)<>"Va"),IF(AND(G32<>"",LEFT(C32,2)<>"Va",G32<>"H. Sale Real"),IF(G33-G32<0.208333333333333,G33-G32,""),IF(AND(G31<>"",LEFT(C31,2)<>"Va",G31<>"H. Sale Real"),IF(G33-G31<0.208333333333333,G33-G31,""),IF(AND(G30<>"",LEFT(C30,2)<>"Va",G30<>"H. Sale Real"),IF(G33-G30<0.208333333333333,G33-G30,""),IF(AND(G29<>"",LEFT(C29,2)<>"Va",G29<>"H. Sale Real"),IF(G33-G29<0.208333333333333,G33-G29,""),IF(AND(G28<>"",LEFT(C28,2)<>"Va",G28<>"H. Sale Real"),IF(G33-G28<0.208333333333333,G33-G28,""),""))))),""),"") | Z32: =IF(G32<>"",IF(AND(Z31<>"IE",P32<>0,R32<>""),IF(IFERROR((P32/R32),0) <=1,IFERROR(P32/R32,""),1),""),"") | AE32: =HOUR(AK32)+1 | AL32: =IF(AM32="","",IF(AND((AM32-AK32)>=TIME(0,0,0),(AM32-AK32)<TIME(0,3,0)),"OK",IF(AND((AM32-AK32)>=TIME(0,3,0),(AM32-AK32)<TIME(0,5,0)),"RETRASO DE 3-5 MIN",IF(AND((AM32-AK32)>=TIME(0,5,0),(AM32-AK32)<TIME(0,10,0)),"RETRASO DE 5-10 MIN",IF((AM32-AK32)>=TIME(0,10,0),"RETRASO >10 MIN", IF(AND((AK32-AM32)>=TIME(0,0,0),(AK32-AM32)<TIME(0,3,0)),"OK",IF((AK32-AM32)>=TIME(0,3,0),"ADELANTADO"))))))) | AN32: =IF(AE32<>"",HLOOKUP(VALUE(TEXT(AK32,"h:mm:ss")),IF($C$6="Laboral",$FZ$4:$GX$227,IF($C$6="Sábado",$FZ$231:$GX$452,$FZ$456:$GX$656)),VLOOKUP($C$4,$HF$2:$HH$99,3,0)+IF(AG$5="Ida",0,1),1),"") | AO32: =IF(AE33<>AE32,AVERAGEIF(AE$9:AE32,AE32,AN$9:AN32),"") | AP32: =IFERROR(IF(AE33<>AE32,AVERAGEIF(AE$9:AE32,AE32,AW$9:AW32),""),"") | AQ32: =IFERROR(IF(AE33<>AE32,AVERAGEIF(AE$9:AE32,AE32,AX$9:AX32),""),"") | AR32: {=IFERROR(IF(AE33<>AE32,_xlfn.STDEV.P(IF(AE$9:AE32=AE32,AX$9:AX32)),""),"")} | AS32: {=IFERROR(IF(AE33<>AE32,_xlfn.STDEV.P(IF(AE$9:AE32=AE32,AW$9:AW32)),""),"")} | AT32: =IFERROR(IF(AE32<>AE33,MAX((((AQ32*24*60)/2)*(1+POWER((((AR32*24*60) / (AQ32*24*60) )),2))) + ((AQ32*24*60 )*-0.1 + (AO32*0.015)) +1,(((AQ32*24*60)/2)*(1+POWER((((AR32*24*60) / (AQ32*24*60 ))),2)))),""),"") | AU32: =IF(AND(AS32<>"",AP32<>""),IF(AE32<>AE33,((AP32*24*60) / 2 ) * (1 + POWER(((AS32*24*60) / (AP32*24*60)),2)),""),"") | AV32: =IF(AU32<>"",MAX(AT32,AU32),"") | AW32: =IF(AM32<>"H. Sale Real",IF(AND(AM33<>"",LEFT(AG33,2)<>"Va"),IF(AND(AM32<>"",LEFT(AG32,2)<>"Va",AM32<>"H. Sale Real"),IF(AM33-AM32<0.208333333333333,AM33-AM32,""),IF(AND(AM31<>"",LEFT(AG31,2)<>"Va",AM31<>"H. Sale Real"),IF(AM33-AM31<0.208333333333333,AM33-AM31,""),IF(AND(AM30<>"",LEFT(AG30,2)<>"Va",AM30<>"H. Sale Real"),IF(AM33-AM30<0.208333333333333,AM33-AM30,""),IF(AND(AM29<>"",LEFT(AG29,2)<>"Va",AM29<>"H. Sale Real"),IF(AM33-AM29<0.208333333333333,AM33-AM29,""),IF(AND(AM28<>"",LEFT(AG28,2)<>"Va",AM28<>"H. Sale Real"),IF(AM33-AM28<0.208333333333333,AM33-AM28,""),""))))),""),"") | AX32: =IF(AK32<>"H. Sale Real",IF(AND(AK33<>"",LEFT(AG33,2)<>"Va"),IF(AND(AK32<>"",LEFT(AG32,2)<>"Va",AK32<>"H. Sale Real"),IF(AK33-AK32<0.208333333333333,AK33-AK32,""),IF(AND(AK31<>"",LEFT(AG31,2)<>"Va",AK31<>"H. Sale Real"),IF(AK33-AK31<0.208333333333333,AK33-AK31,""),IF(AND(AK30<>"",LEFT(AG30,2)<>"NC",AK30<>"H. Sale Real"),IF(AK33-AK30<0.208333333333333,AK33-AK30,""),IF(AND(AK29<>"",LEFT(AG29,2)<>"Va",AK29<>"H. Sale Real"),IF(AK33-AK29<0.208333333333333,AK33-AK29,""),IF(AND(AK28<>"",LEFT(AG28,2)<>"Va",AK28<>"H. Sale Real"),IF(AK33-AK28<0.208333333333333,AK33-AK28,""),""))))),""),"") | BD32: =IF(AK32<>"",IF(AND(BD31<>"IE",AT32<>0,AV32<>""),IF(IFERROR((AT32/AV32),0) <=1,IFERROR(AT32/AV32,""),1),""),"") | BI32: 20 | BJ32: =COUNTIFS($A:$A,$BI32,$C:$C,$BI$11) | BK32: =BJ32-COUNTIFS($A:$A,$BI32,$C:$C,$BI$11,$H:$H,"") | BL32: =IFERROR((BK32/BJ32),"") | BM32: =_xlfn.XLOOKUP(BI32,$A:$A,$R:$R,"0",0,-1) | BN32: =_xlfn.XLOOKUP(BI32,$A:$A,$P:$P,"0",0,-1) | BO32: =_xlfn.XLOOKUP(BI32,$A:$A,$Z:$Z,"",0,-1) | BR32: 20 | BS32: =COUNTIFS($AE:$AE,$BR32,$AG:$AG,$BR$11) | BT32: =BS32-COUNTIFS($AE:$AE,$BR32,$AG:$AG,$BR$11,$AL:$AL,"") | BU32: =IFERROR((BT32/BS32),"") | BV32: =_xlfn.XLOOKUP(BR32,$AE:$AE,$AV:$AV,"0",0,-1) | BW32: =_xlfn.XLOOKUP(BR32,$AE:$AE,$AT:$AT,"0",0,-1) | BX32: =_xlfn.XLOOKUP(BR32,$AE:$AE,$BD:$BD,"",0,-1) | FC32: Diccionario 1 | FD32: 1029 | FE32: D8483194K2PL | FF32: YV3T7U528KA195533 | FG32: Volvo | FH32: B8R | FI32: MARCOPOLO | FJ32: TORINO | FK32: 2019 | FL32: B2PAL | FM32: LOS LIBERTADORES | FN32: Los Liberadores 6450, Lote 4A | FO32: Huechuraba | FP32: B | FS32: 3008 / SFWB-58| | FT32: SFWB-58| | FU32: SFWB-58 | FV32: =VLOOKUP(FU32,FD:FL,9,0) | FZ32: B26 | GA32: 0 | GB32: 0 | GC32: 0 | GD32: 0 | GE32: 26.96 | GF32: 21.89 | GG32: 16.5 | GH32: 13.85 | GI32: 14.625 | GJ32: 15.375 | GK32: 15.5 | GL32: 15.085 | GM32: 14.66 | GN32: 14.635 | GO32: 14.7 | GP32: 14.245 | GQ32: 13.445 | GR32: 12.97 | GS32: 13.95 | GT32: 16.335 | GU32: 18.695 | GV32: 20.245 | GW32: 21.805 | GX32: 24.145 | HA32: 29 | HB32: 26 | HE32: U8 | HF32: F09 | HG32: F09 | HH32: 52 | HL32: OmegaU8 | HM32: F09 | HN32: Pie Andino | HO32: 929 | IB32: Problema en validadores o torniquete
A33: =HOUR(G33)+1 | D33: =IFERROR( IF(AND(OR(Planilla!B33="C",Planilla!B33="c"), VLOOKUP(E33,FD:FP,13,0)="C"), "OK",IF(AND(OR(Planilla!B33="C",Planilla!B33="c"), OR(VLOOKUP(E33,FD:FP,13,0)="B", VLOOKUP(E33,FD:FP,13,0)="A")), "DEFICIT",IF( AND(OR(Planilla!B33="B", Planilla!B33="BPAL"), VLOOKUP(E33,FD:FP,13,0)="B"), "OK",IF(AND(OR(Planilla!B33="B", Planilla!B33="BPAL"), VLOOKUP(E33,FD:FP,13,0)="A"), "DEFICIT",IF(AND(OR(Planilla!B33="B", Planilla!B33="BPAL"), VLOOKUP(E33,FD:FP,13,0)="C"), "SOBREOFERTA",IF(AND(Planilla!B33="A", VLOOKUP(E33,FD:FP,13,0)="A"), "OK",IF( AND(Planilla!B33="A", OR(VLOOKUP(E33,FD:FP,13,0)="B", VLOOKUP(E33,FD:FP,13,0)="C")), "SOBREOFERTA","" ))))))),"") | H33: =IF(I33="","",IF(AND((I33-G33)>=TIME(0,0,0),(I33-G33)<TIME(0,3,0)),"OK",IF(AND((I33-G33)>=TIME(0,3,0),(I33-G33)<TIME(0,5,0)),"RETRASO DE 3-5 MIN",IF(AND((I33-G33)>=TIME(0,5,0),(I33-G33)<TIME(0,10,0)),"RETRASO DE 5-10 MIN",IF((I33-G33)>=TIME(0,10,0),"RETRASO >10 MIN", IF(AND((G33-I33)>=TIME(0,0,0),(G33-I33)<TIME(0,3,0)),"OK",IF((G33-I33)>=TIME(0,3,0),"ADELANTADO"))))))) | J33: =IF(A33<>"",HLOOKUP(VALUE(TEXT(G33,"h:mm:ss")),IF($C$6="Laboral",$FZ$4:$GX$227,IF($C$6="Sábado",$FZ$231:$GX$452,$FZ$456:$GX$656)),VLOOKUP($C$4,$HF$2:$HH$99,3,0)+IF(C$5="Ida",0,1),1),"") | K33: =IF(A34<>A33,AVERAGEIF(A$9:A33,A33,J$9:J33),"") | L33: =IFERROR(IF(A34<>A33,AVERAGEIF(A$9:A33,A33,S$9:S33),""),"") | M33: =IFERROR(IF(A34<>A33,AVERAGEIF(A$9:A33,A33,T$9:T33),""),"") | N33: {=IFERROR(IF(A34<>A33,_xlfn.STDEV.P(IF(A$9:A33=A33,T$9:T33)),""),"")} | O33: {=IFERROR(IF(A34<>A33,_xlfn.STDEV.P(IF(A$9:A33=A33,S$9:S33)),""),"")} | P33: =IFERROR(IF(A33<>A34,MAX((((M33*24*60)/2)*(1+POWER((((N33*24*60) / (M33*24*60) )),2))) + ((M33*24*60 )*-0.1 + (K33*0.015)) +1,(((M33*24*60)/2)*(1+POWER((((N33*24*60) / (M33*24*60 ))),2)))),""),"") | Q33: =IF(AND(O33<>"",L33<>""),IF(A33<>A34,((L33*24*60) / 2 ) * (1 + POWER(((O33*24*60) / (L33*24*60)),2)),""),"") | R33: =IF(Q33<>"",MAX(P33,Q33),"") | S33: =IF(I33<>"H. Sale Real",IF(AND(I34<>"",LEFT(C34,2)<>"Va"),IF(AND(I33<>"",LEFT(C33,2)<>"Va",I33<>"H. Sale Real"),IF(I34-I33<0.208333333333333,I34-I33,""),IF(AND(I32<>"",LEFT(C32,2)<>"Va",I32<>"H. Sale Real"),IF(I34-I32<0.208333333333333,I34-I32,""),IF(AND(I31<>"",LEFT(C31,2)<>"Va",I31<>"H. Sale Real"),IF(I34-I31<0.208333333333333,I34-I31,""),IF(AND(I30<>"",LEFT(C30,2)<>"Va",I30<>"H. Sale Real"),IF(I34-I30<0.208333333333333,I34-I30,""),IF(AND(I29<>"",LEFT(C29,2)<>"Va",I29<>"H. Sale Real"),IF(I34-I29<0.208333333333333,I34-I29,""),""))))),""),"") | T33: =IF(G33<>"H. Sale Real",IF(AND(G34<>"",LEFT(C34,2)<>"Va"),IF(AND(G33<>"",LEFT(C33,2)<>"Va",G33<>"H. Sale Real"),IF(G34-G33<0.208333333333333,G34-G33,""),IF(AND(G32<>"",LEFT(C32,2)<>"Va",G32<>"H. Sale Real"),IF(G34-G32<0.208333333333333,G34-G32,""),IF(AND(G31<>"",LEFT(C31,2)<>"Va",G31<>"H. Sale Real"),IF(G34-G31<0.208333333333333,G34-G31,""),IF(AND(G30<>"",LEFT(C30,2)<>"Va",G30<>"H. Sale Real"),IF(G34-G30<0.208333333333333,G34-G30,""),IF(AND(G29<>"",LEFT(C29,2)<>"Va",G29<>"H. Sale Real"),IF(G34-G29<0.208333333333333,G34-G29,""),""))))),""),"") | Z33: =IF(G33<>"",IF(AND(Z32<>"IE",P33<>0,R33<>""),IF(IFERROR((P33/R33),0) <=1,IFERROR(P33/R33,""),1),""),"") | AE33: =HOUR(AK33)+1 | AL33: =IF(AM33="","",IF(AND((AM33-AK33)>=TIME(0,0,0),(AM33-AK33)<TIME(0,3,0)),"OK",IF(AND((AM33-AK33)>=TIME(0,3,0),(AM33-AK33)<TIME(0,5,0)),"RETRASO DE 3-5 MIN",IF(AND((AM33-AK33)>=TIME(0,5,0),(AM33-AK33)<TIME(0,10,0)),"RETRASO DE 5-10 MIN",IF((AM33-AK33)>=TIME(0,10,0),"RETRASO >10 MIN", IF(AND((AK33-AM33)>=TIME(0,0,0),(AK33-AM33)<TIME(0,3,0)),"OK",IF((AK33-AM33)>=TIME(0,3,0),"ADELANTADO"))))))) | AN33: =IF(AE33<>"",HLOOKUP(VALUE(TEXT(AK33,"h:mm:ss")),IF($C$6="Laboral",$FZ$4:$GX$227,IF($C$6="Sábado",$FZ$231:$GX$452,$FZ$456:$GX$656)),VLOOKUP($C$4,$HF$2:$HH$99,3,0)+IF(AG$5="Ida",0,1),1),"") | AO33: =IF(AE34<>AE33,AVERAGEIF(AE$9:AE33,AE33,AN$9:AN33),"") | AP33: =IFERROR(IF(AE34<>AE33,AVERAGEIF(AE$9:AE33,AE33,AW$9:AW33),""),"") | AQ33: =IFERROR(IF(AE34<>AE33,AVERAGEIF(AE$9:AE33,AE33,AX$9:AX33),""),"") | AR33: {=IFERROR(IF(AE34<>AE33,_xlfn.STDEV.P(IF(AE$9:AE33=AE33,AX$9:AX33)),""),"")} | AS33: {=IFERROR(IF(AE34<>AE33,_xlfn.STDEV.P(IF(AE$9:AE33=AE33,AW$9:AW33)),""),"")} | AT33: =IFERROR(IF(AE33<>AE34,MAX((((AQ33*24*60)/2)*(1+POWER((((AR33*24*60) / (AQ33*24*60) )),2))) + ((AQ33*24*60 )*-0.1 + (AO33*0.015)) +1,(((AQ33*24*60)/2)*(1+POWER((((AR33*24*60) / (AQ33*24*60 ))),2)))),""),"") | AU33: =IF(AND(AS33<>"",AP33<>""),IF(AE33<>AE34,((AP33*24*60) / 2 ) * (1 + POWER(((AS33*24*60) / (AP33*24*60)),2)),""),"") | AV33: =IF(AU33<>"",MAX(AT33,AU33),"") | AW33: =IF(AM33<>"H. Sale Real",IF(AND(AM34<>"",LEFT(AG34,2)<>"Va"),IF(AND(AM33<>"",LEFT(AG33,2)<>"Va",AM33<>"H. Sale Real"),IF(AM34-AM33<0.208333333333333,AM34-AM33,""),IF(AND(AM32<>"",LEFT(AG32,2)<>"Va",AM32<>"H. Sale Real"),IF(AM34-AM32<0.208333333333333,AM34-AM32,""),IF(AND(AM31<>"",LEFT(AG31,2)<>"Va",AM31<>"H. Sale Real"),IF(AM34-AM31<0.208333333333333,AM34-AM31,""),IF(AND(AM30<>"",LEFT(AG30,2)<>"Va",AM30<>"H. Sale Real"),IF(AM34-AM30<0.208333333333333,AM34-AM30,""),IF(AND(AM29<>"",LEFT(AG29,2)<>"Va",AM29<>"H. Sale Real"),IF(AM34-AM29<0.208333333333333,AM34-AM29,""),""))))),""),"") | AX33: =IF(AK33<>"H. Sale Real",IF(AND(AK34<>"",LEFT(AG34,2)<>"Va"),IF(AND(AK33<>"",LEFT(AG33,2)<>"Va",AK33<>"H. Sale Real"),IF(AK34-AK33<0.208333333333333,AK34-AK33,""),IF(AND(AK32<>"",LEFT(AG32,2)<>"Va",AK32<>"H. Sale Real"),IF(AK34-AK32<0.208333333333333,AK34-AK32,""),IF(AND(AK31<>"",LEFT(AG31,2)<>"NC",AK31<>"H. Sale Real"),IF(AK34-AK31<0.208333333333333,AK34-AK31,""),IF(AND(AK30<>"",LEFT(AG30,2)<>"Va",AK30<>"H. Sale Real"),IF(AK34-AK30<0.208333333333333,AK34-AK30,""),IF(AND(AK29<>"",LEFT(AG29,2)<>"Va",AK29<>"H. Sale Real"),IF(AK34-AK29<0.208333333333333,AK34-AK29,""),""))))),""),"") | BD33: =IF(AK33<>"",IF(AND(BD32<>"IE",AT33<>0,AV33<>""),IF(IFERROR((AT33/AV33),0) <=1,IFERROR(AT33/AV33,""),1),""),"") | BI33: 21 | BJ33: =COUNTIFS($A:$A,$BI33,$C:$C,$BI$11) | BK33: =BJ33-COUNTIFS($A:$A,$BI33,$C:$C,$BI$11,$H:$H,"") | BL33: =IFERROR((BK33/BJ33),"") | BM33: =_xlfn.XLOOKUP(BI33,$A:$A,$R:$R,"0",0,-1) | BN33: =_xlfn.XLOOKUP(BI33,$A:$A,$P:$P,"0",0,-1) | BO33: =_xlfn.XLOOKUP(BI33,$A:$A,$Z:$Z,"",0,-1) | BR33: 21 | BS33: =COUNTIFS($AE:$AE,$BR33,$AG:$AG,$BR$11) | BT33: =BS33-COUNTIFS($AE:$AE,$BR33,$AG:$AG,$BR$11,$AL:$AL,"") | BU33: =IFERROR((BT33/BS33),"") | BV33: =_xlfn.XLOOKUP(BR33,$AE:$AE,$AV:$AV,"0",0,-1) | BW33: =_xlfn.XLOOKUP(BR33,$AE:$AE,$AT:$AT,"0",0,-1) | BX33: =_xlfn.XLOOKUP(BR33,$AE:$AE,$BD:$BD,"",0,-1) | FC33: Diccionario 1 | FD33: 1030 | FE33: D8478297K2PL | FF33: YV3T7U528KA195144 | FG33: Volvo | FH33: B8R | FI33: MARCOPOLO | FJ33: TORINO | FK33: 2019 | FL33: B2PAL | FM33: LOS LIBERTADORES | FN33: Los Liberadores 6450, Lote 4A | FO33: Huechuraba | FP33: B | FS33: 3008 / SFWB-58| | FT33: SFWB-58| | FU33: SFWB-58 | FV33: =VLOOKUP(FU33,FD:FL,9,0) | FZ33: B37 | GA33: 0 | GB33: 0 | GC33: 0 | GD33: 0 | GE33: 0 | GF33: 12.58 | GG33: 20.03 | GH33: 17.86 | GI33: 21.28 | GJ33: 23.915 | GK33: 24.295 | GL33: 24.33 | GM33: 24.31 | GN33: 24.125 | GO33: 24.315 | GP33: 23.335 | GQ33: 19.745 | GR33: 15.08 | GS33: 17.465 | GT33: 23.745 | GU33: 27.27 | GV33: 29.185 | GW33: 28.615 | GX33: 0 | HA33: 30 | HB33: 27 | HE33: U8 | HF33: F12 | HG33: F12 | HH33: 55 | HL33: OmegaU8 | HM33: F12 | HN33: Juanita | HO33: 932 | IB33: Apoyo a metro
A34: =HOUR(G34)+1 | D34: =IFERROR( IF(AND(OR(Planilla!B34="C",Planilla!B34="c"), VLOOKUP(E34,FD:FP,13,0)="C"), "OK",IF(AND(OR(Planilla!B34="C",Planilla!B34="c"), OR(VLOOKUP(E34,FD:FP,13,0)="B", VLOOKUP(E34,FD:FP,13,0)="A")), "DEFICIT",IF( AND(OR(Planilla!B34="B", Planilla!B34="BPAL"), VLOOKUP(E34,FD:FP,13,0)="B"), "OK",IF(AND(OR(Planilla!B34="B", Planilla!B34="BPAL"), VLOOKUP(E34,FD:FP,13,0)="A"), "DEFICIT",IF(AND(OR(Planilla!B34="B", Planilla!B34="BPAL"), VLOOKUP(E34,FD:FP,13,0)="C"), "SOBREOFERTA",IF(AND(Planilla!B34="A", VLOOKUP(E34,FD:FP,13,0)="A"), "OK",IF( AND(Planilla!B34="A", OR(VLOOKUP(E34,FD:FP,13,0)="B", VLOOKUP(E34,FD:FP,13,0)="C")), "SOBREOFERTA","" ))))))),"") | H34: =IF(I34="","",IF(AND((I34-G34)>=TIME(0,0,0),(I34-G34)<TIME(0,3,0)),"OK",IF(AND((I34-G34)>=TIME(0,3,0),(I34-G34)<TIME(0,5,0)),"RETRASO DE 3-5 MIN",IF(AND((I34-G34)>=TIME(0,5,0),(I34-G34)<TIME(0,10,0)),"RETRASO DE 5-10 MIN",IF((I34-G34)>=TIME(0,10,0),"RETRASO >10 MIN", IF(AND((G34-I34)>=TIME(0,0,0),(G34-I34)<TIME(0,3,0)),"OK",IF((G34-I34)>=TIME(0,3,0),"ADELANTADO"))))))) | J34: =IF(A34<>"",HLOOKUP(VALUE(TEXT(G34,"h:mm:ss")),IF($C$6="Laboral",$FZ$4:$GX$227,IF($C$6="Sábado",$FZ$231:$GX$452,$FZ$456:$GX$656)),VLOOKUP($C$4,$HF$2:$HH$99,3,0)+IF(C$5="Ida",0,1),1),"") | K34: =IF(A35<>A34,AVERAGEIF(A$9:A34,A34,J$9:J34),"") | L34: =IFERROR(IF(A35<>A34,AVERAGEIF(A$9:A34,A34,S$9:S34),""),"") | M34: =IFERROR(IF(A35<>A34,AVERAGEIF(A$9:A34,A34,T$9:T34),""),"") | N34: {=IFERROR(IF(A35<>A34,_xlfn.STDEV.P(IF(A$9:A34=A34,T$9:T34)),""),"")} | O34: {=IFERROR(IF(A35<>A34,_xlfn.STDEV.P(IF(A$9:A34=A34,S$9:S34)),""),"")} | P34: =IFERROR(IF(A34<>A35,MAX((((M34*24*60)/2)*(1+POWER((((N34*24*60) / (M34*24*60) )),2))) + ((M34*24*60 )*-0.1 + (K34*0.015)) +1,(((M34*24*60)/2)*(1+POWER((((N34*24*60) / (M34*24*60 ))),2)))),""),"") | Q34: =IF(AND(O34<>"",L34<>""),IF(A34<>A35,((L34*24*60) / 2 ) * (1 + POWER(((O34*24*60) / (L34*24*60)),2)),""),"") | R34: =IF(Q34<>"",MAX(P34,Q34),"") | S34: =IF(I34<>"H. Sale Real",IF(AND(I35<>"",LEFT(C35,2)<>"Va"),IF(AND(I34<>"",LEFT(C34,2)<>"Va",I34<>"H. Sale Real"),IF(I35-I34<0.208333333333333,I35-I34,""),IF(AND(I33<>"",LEFT(C33,2)<>"Va",I33<>"H. Sale Real"),IF(I35-I33<0.208333333333333,I35-I33,""),IF(AND(I32<>"",LEFT(C32,2)<>"Va",I32<>"H. Sale Real"),IF(I35-I32<0.208333333333333,I35-I32,""),IF(AND(I31<>"",LEFT(C31,2)<>"Va",I31<>"H. Sale Real"),IF(I35-I31<0.208333333333333,I35-I31,""),IF(AND(I30<>"",LEFT(C30,2)<>"Va",I30<>"H. Sale Real"),IF(I35-I30<0.208333333333333,I35-I30,""),""))))),""),"") | T34: =IF(G34<>"H. Sale Real",IF(AND(G35<>"",LEFT(C35,2)<>"Va"),IF(AND(G34<>"",LEFT(C34,2)<>"Va",G34<>"H. Sale Real"),IF(G35-G34<0.208333333333333,G35-G34,""),IF(AND(G33<>"",LEFT(C33,2)<>"Va",G33<>"H. Sale Real"),IF(G35-G33<0.208333333333333,G35-G33,""),IF(AND(G32<>"",LEFT(C32,2)<>"Va",G32<>"H. Sale Real"),IF(G35-G32<0.208333333333333,G35-G32,""),IF(AND(G31<>"",LEFT(C31,2)<>"Va",G31<>"H. Sale Real"),IF(G35-G31<0.208333333333333,G35-G31,""),IF(AND(G30<>"",LEFT(C30,2)<>"Va",G30<>"H. Sale Real"),IF(G35-G30<0.208333333333333,G35-G30,""),""))))),""),"") | Z34: =IF(G34<>"",IF(AND(Z33<>"IE",P34<>0,R34<>""),IF(IFERROR((P34/R34),0) <=1,IFERROR(P34/R34,""),1),""),"") | AE34: =HOUR(AK34)+1 | AL34: =IF(AM34="","",IF(AND((AM34-AK34)>=TIME(0,0,0),(AM34-AK34)<TIME(0,3,0)),"OK",IF(AND((AM34-AK34)>=TIME(0,3,0),(AM34-AK34)<TIME(0,5,0)),"RETRASO DE 3-5 MIN",IF(AND((AM34-AK34)>=TIME(0,5,0),(AM34-AK34)<TIME(0,10,0)),"RETRASO DE 5-10 MIN",IF((AM34-AK34)>=TIME(0,10,0),"RETRASO >10 MIN", IF(AND((AK34-AM34)>=TIME(0,0,0),(AK34-AM34)<TIME(0,3,0)),"OK",IF((AK34-AM34)>=TIME(0,3,0),"ADELANTADO"))))))) | AN34: =IF(AE34<>"",HLOOKUP(VALUE(TEXT(AK34,"h:mm:ss")),IF($C$6="Laboral",$FZ$4:$GX$227,IF($C$6="Sábado",$FZ$231:$GX$452,$FZ$456:$GX$656)),VLOOKUP($C$4,$HF$2:$HH$99,3,0)+IF(AG$5="Ida",0,1),1),"") | AO34: =IF(AE35<>AE34,AVERAGEIF(AE$9:AE34,AE34,AN$9:AN34),"") | AP34: =IFERROR(IF(AE35<>AE34,AVERAGEIF(AE$9:AE34,AE34,AW$9:AW34),""),"") | AQ34: =IFERROR(IF(AE35<>AE34,AVERAGEIF(AE$9:AE34,AE34,AX$9:AX34),""),"") | AR34: {=IFERROR(IF(AE35<>AE34,_xlfn.STDEV.P(IF(AE$9:AE34=AE34,AX$9:AX34)),""),"")} | AS34: {=IFERROR(IF(AE35<>AE34,_xlfn.STDEV.P(IF(AE$9:AE34=AE34,AW$9:AW34)),""),"")} | AT34: =IFERROR(IF(AE34<>AE35,MAX((((AQ34*24*60)/2)*(1+POWER((((AR34*24*60) / (AQ34*24*60) )),2))) + ((AQ34*24*60 )*-0.1 + (AO34*0.015)) +1,(((AQ34*24*60)/2)*(1+POWER((((AR34*24*60) / (AQ34*24*60 ))),2)))),""),"") | AU34: =IF(AND(AS34<>"",AP34<>""),IF(AE34<>AE35,((AP34*24*60) / 2 ) * (1 + POWER(((AS34*24*60) / (AP34*24*60)),2)),""),"") | AV34: =IF(AU34<>"",MAX(AT34,AU34),"") | AW34: =IF(AM34<>"H. Sale Real",IF(AND(AM35<>"",LEFT(AG35,2)<>"Va"),IF(AND(AM34<>"",LEFT(AG34,2)<>"Va",AM34<>"H. Sale Real"),IF(AM35-AM34<0.208333333333333,AM35-AM34,""),IF(AND(AM33<>"",LEFT(AG33,2)<>"Va",AM33<>"H. Sale Real"),IF(AM35-AM33<0.208333333333333,AM35-AM33,""),IF(AND(AM32<>"",LEFT(AG32,2)<>"Va",AM32<>"H. Sale Real"),IF(AM35-AM32<0.208333333333333,AM35-AM32,""),IF(AND(AM31<>"",LEFT(AG31,2)<>"Va",AM31<>"H. Sale Real"),IF(AM35-AM31<0.208333333333333,AM35-AM31,""),IF(AND(AM30<>"",LEFT(AG30,2)<>"Va",AM30<>"H. Sale Real"),IF(AM35-AM30<0.208333333333333,AM35-AM30,""),""))))),""),"") | AX34: =IF(AK34<>"H. Sale Real",IF(AND(AK35<>"",LEFT(AG35,2)<>"Va"),IF(AND(AK34<>"",LEFT(AG34,2)<>"Va",AK34<>"H. Sale Real"),IF(AK35-AK34<0.208333333333333,AK35-AK34,""),IF(AND(AK33<>"",LEFT(AG33,2)<>"Va",AK33<>"H. Sale Real"),IF(AK35-AK33<0.208333333333333,AK35-AK33,""),IF(AND(AK32<>"",LEFT(AG32,2)<>"NC",AK32<>"H. Sale Real"),IF(AK35-AK32<0.208333333333333,AK35-AK32,""),IF(AND(AK31<>"",LEFT(AG31,2)<>"Va",AK31<>"H. Sale Real"),IF(AK35-AK31<0.208333333333333,AK35-AK31,""),IF(AND(AK30<>"",LEFT(AG30,2)<>"Va",AK30<>"H. Sale Real"),IF(AK35-AK30<0.208333333333333,AK35-AK30,""),""))))),""),"") | BD34: =IF(AK34<>"",IF(AND(BD33<>"IE",AT34<>0,AV34<>""),IF(IFERROR((AT34/AV34),0) <=1,IFERROR(AT34/AV34,""),1),""),"") | BI34: 22 | BJ34: =COUNTIFS($A:$A,$BI34,$C:$C,$BI$11) | BK34: =BJ34-COUNTIFS($A:$A,$BI34,$C:$C,$BI$11,$H:$H,"") | BL34: =IFERROR((BK34/BJ34),"") | BM34: =_xlfn.XLOOKUP(BI34,$A:$A,$R:$R,"0",0,-1) | BN34: =_xlfn.XLOOKUP(BI34,$A:$A,$P:$P,"0",0,-1) | BO34: =_xlfn.XLOOKUP(BI34,$A:$A,$Z:$Z,"",0,-1) | BR34: 22 | BS34: =COUNTIFS($AE:$AE,$BR34,$AG:$AG,$BR$11) | BT34: =BS34-COUNTIFS($AE:$AE,$BR34,$AG:$AG,$BR$11,$AL:$AL,"") | BU34: =IFERROR((BT34/BS34),"") | BV34: =_xlfn.XLOOKUP(BR34,$AE:$AE,$AV:$AV,"0",0,-1) | BW34: =_xlfn.XLOOKUP(BR34,$AE:$AE,$AT:$AT,"0",0,-1) | BX34: =_xlfn.XLOOKUP(BR34,$AE:$AE,$BD:$BD,"",0,-1) | FC34: Diccionario 1 | FD34: 1031 | FE34: D8483221K2PL | FF34: YV3T7U521KA195535 | FG34: Volvo | FH34: B8R | FI34: MARCOPOLO | FJ34: TORINO | FK34: 2019 | FL34: B2PAL | FM34: LOS LIBERTADORES | FN34: Los Liberadores 6450, Lote 4A | FO34: Huechuraba | FP34: B | FS34: 3009 / SFVZ-87| | FT34: SFVZ-87| | FU34: SFVZ-87 | FV34: =VLOOKUP(FU34,FD:FL,9,0) | FZ34: B28 | GA34: 0 | GB34: 0 | GC34: 0 | GD34: 0 | GE34: 0 | GF34: 9.05 | GG34: 15.485 | GH34: 14.3 | GI34: 16.135 | GJ34: 16.665 | GK34: 16.38 | GL34: 15.895 | GM34: 15.64 | GN34: 15.72 | GO34: 15.645 | GP34: 15.31 | GQ34: 14.51 | GR34: 13.965 | GS34: 15.335 | GT34: 17.59 | GU34: 18.88 | GV34: 20.27 | GW34: 22.23 | GX34: 23.7 | HA34: 31 | HB34: 28 | HE34: U8 | HF34: B33 | HG34: B33 | HH34: 59 | HL34: OmegaU8 | HM34: B33 | HN34: Aguirre Luco | HO34: 933 | IB34: Falta de Buses
A35: =HOUR(G35)+1 | D35: =IFERROR( IF(AND(OR(Planilla!B35="C",Planilla!B35="c"), VLOOKUP(E35,FD:FP,13,0)="C"), "OK",IF(AND(OR(Planilla!B35="C",Planilla!B35="c"), OR(VLOOKUP(E35,FD:FP,13,0)="B", VLOOKUP(E35,FD:FP,13,0)="A")), "DEFICIT",IF( AND(OR(Planilla!B35="B", Planilla!B35="BPAL"), VLOOKUP(E35,FD:FP,13,0)="B"), "OK",IF(AND(OR(Planilla!B35="B", Planilla!B35="BPAL"), VLOOKUP(E35,FD:FP,13,0)="A"), "DEFICIT",IF(AND(OR(Planilla!B35="B", Planilla!B35="BPAL"), VLOOKUP(E35,FD:FP,13,0)="C"), "SOBREOFERTA",IF(AND(Planilla!B35="A", VLOOKUP(E35,FD:FP,13,0)="A"), "OK",IF( AND(Planilla!B35="A", OR(VLOOKUP(E35,FD:FP,13,0)="B", VLOOKUP(E35,FD:FP,13,0)="C")), "SOBREOFERTA","" ))))))),"") | H35: =IF(I35="","",IF(AND((I35-G35)>=TIME(0,0,0),(I35-G35)<TIME(0,3,0)),"OK",IF(AND((I35-G35)>=TIME(0,3,0),(I35-G35)<TIME(0,5,0)),"RETRASO DE 3-5 MIN",IF(AND((I35-G35)>=TIME(0,5,0),(I35-G35)<TIME(0,10,0)),"RETRASO DE 5-10 MIN",IF((I35-G35)>=TIME(0,10,0),"RETRASO >10 MIN", IF(AND((G35-I35)>=TIME(0,0,0),(G35-I35)<TIME(0,3,0)),"OK",IF((G35-I35)>=TIME(0,3,0),"ADELANTADO"))))))) | J35: =IF(A35<>"",HLOOKUP(VALUE(TEXT(G35,"h:mm:ss")),IF($C$6="Laboral",$FZ$4:$GX$227,IF($C$6="Sábado",$FZ$231:$GX$452,$FZ$456:$GX$656)),VLOOKUP($C$4,$HF$2:$HH$99,3,0)+IF(C$5="Ida",0,1),1),"") | K35: =IF(A36<>A35,AVERAGEIF(A$9:A35,A35,J$9:J35),"") | L35: =IFERROR(IF(A36<>A35,AVERAGEIF(A$9:A35,A35,S$9:S35),""),"") | M35: =IFERROR(IF(A36<>A35,AVERAGEIF(A$9:A35,A35,T$9:T35),""),"") | N35: {=IFERROR(IF(A36<>A35,_xlfn.STDEV.P(IF(A$9:A35=A35,T$9:T35)),""),"")} | O35: {=IFERROR(IF(A36<>A35,_xlfn.STDEV.P(IF(A$9:A35=A35,S$9:S35)),""),"")} | P35: =IFERROR(IF(A35<>A36,MAX((((M35*24*60)/2)*(1+POWER((((N35*24*60) / (M35*24*60) )),2))) + ((M35*24*60 )*-0.1 + (K35*0.015)) +1,(((M35*24*60)/2)*(1+POWER((((N35*24*60) / (M35*24*60 ))),2)))),""),"") | Q35: =IF(AND(O35<>"",L35<>""),IF(A35<>A36,((L35*24*60) / 2 ) * (1 + POWER(((O35*24*60) / (L35*24*60)),2)),""),"") | R35: =IF(Q35<>"",MAX(P35,Q35),"") | S35: =IF(I35<>"H. Sale Real",IF(AND(I36<>"",LEFT(C36,2)<>"Va"),IF(AND(I35<>"",LEFT(C35,2)<>"Va",I35<>"H. Sale Real"),IF(I36-I35<0.208333333333333,I36-I35,""),IF(AND(I34<>"",LEFT(C34,2)<>"Va",I34<>"H. Sale Real"),IF(I36-I34<0.208333333333333,I36-I34,""),IF(AND(I33<>"",LEFT(C33,2)<>"Va",I33<>"H. Sale Real"),IF(I36-I33<0.208333333333333,I36-I33,""),IF(AND(I32<>"",LEFT(C32,2)<>"Va",I32<>"H. Sale Real"),IF(I36-I32<0.208333333333333,I36-I32,""),IF(AND(I31<>"",LEFT(C31,2)<>"Va",I31<>"H. Sale Real"),IF(I36-I31<0.208333333333333,I36-I31,""),""))))),""),"") | T35: =IF(G35<>"H. Sale Real",IF(AND(G36<>"",LEFT(C36,2)<>"Va"),IF(AND(G35<>"",LEFT(C35,2)<>"Va",G35<>"H. Sale Real"),IF(G36-G35<0.208333333333333,G36-G35,""),IF(AND(G34<>"",LEFT(C34,2)<>"Va",G34<>"H. Sale Real"),IF(G36-G34<0.208333333333333,G36-G34,""),IF(AND(G33<>"",LEFT(C33,2)<>"Va",G33<>"H. Sale Real"),IF(G36-G33<0.208333333333333,G36-G33,""),IF(AND(G32<>"",LEFT(C32,2)<>"Va",G32<>"H. Sale Real"),IF(G36-G32<0.208333333333333,G36-G32,""),IF(AND(G31<>"",LEFT(C31,2)<>"Va",G31<>"H. Sale Real"),IF(G36-G31<0.208333333333333,G36-G31,""),""))))),""),"") | Z35: =IF(G35<>"",IF(AND(Z34<>"IE",P35<>0,R35<>""),IF(IFERROR((P35/R35),0) <=1,IFERROR(P35/R35,""),1),""),"") | AE35: =HOUR(AK35)+1 | AL35: =IF(AM35="","",IF(AND((AM35-AK35)>=TIME(0,0,0),(AM35-AK35)<TIME(0,3,0)),"OK",IF(AND((AM35-AK35)>=TIME(0,3,0),(AM35-AK35)<TIME(0,5,0)),"RETRASO DE 3-5 MIN",IF(AND((AM35-AK35)>=TIME(0,5,0),(AM35-AK35)<TIME(0,10,0)),"RETRASO DE 5-10 MIN",IF((AM35-AK35)>=TIME(0,10,0),"RETRASO >10 MIN", IF(AND((AK35-AM35)>=TIME(0,0,0),(AK35-AM35)<TIME(0,3,0)),"OK",IF((AK35-AM35)>=TIME(0,3,0),"ADELANTADO"))))))) | AN35: =IF(AE35<>"",HLOOKUP(VALUE(TEXT(AK35,"h:mm:ss")),IF($C$6="Laboral",$FZ$4:$GX$227,IF($C$6="Sábado",$FZ$231:$GX$452,$FZ$456:$GX$656)),VLOOKUP($C$4,$HF$2:$HH$99,3,0)+IF(AG$5="Ida",0,1),1),"") | AO35: =IF(AE36<>AE35,AVERAGEIF(AE$9:AE35,AE35,AN$9:AN35),"") | AP35: =IFERROR(IF(AE36<>AE35,AVERAGEIF(AE$9:AE35,AE35,AW$9:AW35),""),"") | AQ35: =IFERROR(IF(AE36<>AE35,AVERAGEIF(AE$9:AE35,AE35,AX$9:AX35),""),"") | AR35: {=IFERROR(IF(AE36<>AE35,_xlfn.STDEV.P(IF(AE$9:AE35=AE35,AX$9:AX35)),""),"")} | AS35: {=IFERROR(IF(AE36<>AE35,_xlfn.STDEV.P(IF(AE$9:AE35=AE35,AW$9:AW35)),""),"")} | AT35: =IFERROR(IF(AE35<>AE36,MAX((((AQ35*24*60)/2)*(1+POWER((((AR35*24*60) / (AQ35*24*60) )),2))) + ((AQ35*24*60 )*-0.1 + (AO35*0.015)) +1,(((AQ35*24*60)/2)*(1+POWER((((AR35*24*60) / (AQ35*24*60 ))),2)))),""),"") | AU35: =IF(AND(AS35<>"",AP35<>""),IF(AE35<>AE36,((AP35*24*60) / 2 ) * (1 + POWER(((AS35*24*60) / (AP35*24*60)),2)),""),"") | AV35: =IF(AU35<>"",MAX(AT35,AU35),"") | AW35: =IF(AM35<>"H. Sale Real",IF(AND(AM36<>"",LEFT(AG36,2)<>"Va"),IF(AND(AM35<>"",LEFT(AG35,2)<>"Va",AM35<>"H. Sale Real"),IF(AM36-AM35<0.208333333333333,AM36-AM35,""),IF(AND(AM34<>"",LEFT(AG34,2)<>"Va",AM34<>"H. Sale Real"),IF(AM36-AM34<0.208333333333333,AM36-AM34,""),IF(AND(AM33<>"",LEFT(AG33,2)<>"Va",AM33<>"H. Sale Real"),IF(AM36-AM33<0.208333333333333,AM36-AM33,""),IF(AND(AM32<>"",LEFT(AG32,2)<>"Va",AM32<>"H. Sale Real"),IF(AM36-AM32<0.208333333333333,AM36-AM32,""),IF(AND(AM31<>"",LEFT(AG31,2)<>"Va",AM31<>"H. Sale Real"),IF(AM36-AM31<0.208333333333333,AM36-AM31,""),""))))),""),"") | AX35: =IF(AK35<>"H. Sale Real",IF(AND(AK36<>"",LEFT(AG36,2)<>"Va"),IF(AND(AK35<>"",LEFT(AG35,2)<>"Va",AK35<>"H. Sale Real"),IF(AK36-AK35<0.208333333333333,AK36-AK35,""),IF(AND(AK34<>"",LEFT(AG34,2)<>"Va",AK34<>"H. Sale Real"),IF(AK36-AK34<0.208333333333333,AK36-AK34,""),IF(AND(AK33<>"",LEFT(AG33,2)<>"NC",AK33<>"H. Sale Real"),IF(AK36-AK33<0.208333333333333,AK36-AK33,""),IF(AND(AK32<>"",LEFT(AG32,2)<>"Va",AK32<>"H. Sale Real"),IF(AK36-AK32<0.208333333333333,AK36-AK32,""),IF(AND(AK31<>"",LEFT(AG31,2)<>"Va",AK31<>"H. Sale Real"),IF(AK36-AK31<0.208333333333333,AK36-AK31,""),""))))),""),"") | BD35: =IF(AK35<>"",IF(AND(BD34<>"IE",AT35<>0,AV35<>""),IF(IFERROR((AT35/AV35),0) <=1,IFERROR(AT35/AV35,""),1),""),"") | BI35: 23 | BJ35: =COUNTIFS($A:$A,$BI35,$C:$C,$BI$11) | BK35: =BJ35-COUNTIFS($A:$A,$BI35,$C:$C,$BI$11,$H:$H,"") | BL35: =IFERROR((BK35/BJ35),"") | BM35: =_xlfn.XLOOKUP(BI35,$A:$A,$R:$R,"0",0,-1) | BN35: =_xlfn.XLOOKUP(BI35,$A:$A,$P:$P,"0",0,-1) | BO35: =_xlfn.XLOOKUP(BI35,$A:$A,$Z:$Z,"",0,-1) | BR35: 23 | BS35: =COUNTIFS($AE:$AE,$BR35,$AG:$AG,$BR$11) | BT35: =BS35-COUNTIFS($AE:$AE,$BR35,$AG:$AG,$BR$11,$AL:$AL,"") | BU35: =IFERROR((BT35/BS35),"") | BV35: =_xlfn.XLOOKUP(BR35,$AE:$AE,$AV:$AV,"0",0,-1) | BW35: =_xlfn.XLOOKUP(BR35,$AE:$AE,$AT:$AT,"0",0,-1) | BX35: =_xlfn.XLOOKUP(BR35,$AE:$AE,$BD:$BD,"",0,-1) | FC35: Diccionario 1 | FD35: 1032 | FE35: D89303077 | FF35: YV3T7U523KA195553 | FG35: Volvo | FH35: B8R | FI35: MARCOPOLO | FJ35: TORINO | FK35: 2019 | FL35: B2PAL | FM35: LOS LIBERTADORES | FN35: Los Liberadores 6450, Lote 4A | FO35: Huechuraba | FP35: B | FS35: 3009 / SFVZ-87| | FT35: SFVZ-87| | FU35: SFVZ-87 | FV35: =VLOOKUP(FU35,FD:FL,9,0) | FZ35: B29 | GA35: 0 | GB35: 0 | GC35: 0 | GD35: 0 | GE35: 0 | GF35: 20.69 | GG35: 17.48 | GH35: 17.125 | GI35: 18.695 | GJ35: 19.6 | GK35: 19.4 | GL35: 19.15 | GM35: 18.975 | GN35: 18.855 | GO35: 18.28 | GP35: 17.71 | GQ35: 16.515 | GR35: 16.125 | GS35: 17.955 | GT35: 19.895 | GU35: 21.43 | GV35: 23.075 | GW35: 24.855 | GX35: 0 | HA35: 32 | HB35: 29 | HE35: U8 | HF35: F15 | HG35: F15 | HH35: 60 | HL35: OmegaU8 | HM35: F15 | HN35: Juanita | HO35: 935
A36: =HOUR(G36)+1 | D36: =IFERROR( IF(AND(OR(Planilla!B36="C",Planilla!B36="c"), VLOOKUP(E36,FD:FP,13,0)="C"), "OK",IF(AND(OR(Planilla!B36="C",Planilla!B36="c"), OR(VLOOKUP(E36,FD:FP,13,0)="B", VLOOKUP(E36,FD:FP,13,0)="A")), "DEFICIT",IF( AND(OR(Planilla!B36="B", Planilla!B36="BPAL"), VLOOKUP(E36,FD:FP,13,0)="B"), "OK",IF(AND(OR(Planilla!B36="B", Planilla!B36="BPAL"), VLOOKUP(E36,FD:FP,13,0)="A"), "DEFICIT",IF(AND(OR(Planilla!B36="B", Planilla!B36="BPAL"), VLOOKUP(E36,FD:FP,13,0)="C"), "SOBREOFERTA",IF(AND(Planilla!B36="A", VLOOKUP(E36,FD:FP,13,0)="A"), "OK",IF( AND(Planilla!B36="A", OR(VLOOKUP(E36,FD:FP,13,0)="B", VLOOKUP(E36,FD:FP,13,0)="C")), "SOBREOFERTA","" ))))))),"") | H36: =IF(I36="","",IF(AND((I36-G36)>=TIME(0,0,0),(I36-G36)<TIME(0,3,0)),"OK",IF(AND((I36-G36)>=TIME(0,3,0),(I36-G36)<TIME(0,5,0)),"RETRASO DE 3-5 MIN",IF(AND((I36-G36)>=TIME(0,5,0),(I36-G36)<TIME(0,10,0)),"RETRASO DE 5-10 MIN",IF((I36-G36)>=TIME(0,10,0),"RETRASO >10 MIN", IF(AND((G36-I36)>=TIME(0,0,0),(G36-I36)<TIME(0,3,0)),"OK",IF((G36-I36)>=TIME(0,3,0),"ADELANTADO"))))))) | J36: =IF(A36<>"",HLOOKUP(VALUE(TEXT(G36,"h:mm:ss")),IF($C$6="Laboral",$FZ$4:$GX$227,IF($C$6="Sábado",$FZ$231:$GX$452,$FZ$456:$GX$656)),VLOOKUP($C$4,$HF$2:$HH$99,3,0)+IF(C$5="Ida",0,1),1),"") | K36: =IF(A37<>A36,AVERAGEIF(A$9:A36,A36,J$9:J36),"") | L36: =IFERROR(IF(A37<>A36,AVERAGEIF(A$9:A36,A36,S$9:S36),""),"") | M36: =IFERROR(IF(A37<>A36,AVERAGEIF(A$9:A36,A36,T$9:T36),""),"") | N36: {=IFERROR(IF(A37<>A36,_xlfn.STDEV.P(IF(A$9:A36=A36,T$9:T36)),""),"")} | O36: {=IFERROR(IF(A37<>A36,_xlfn.STDEV.P(IF(A$9:A36=A36,S$9:S36)),""),"")} | P36: =IFERROR(IF(A36<>A37,MAX((((M36*24*60)/2)*(1+POWER((((N36*24*60) / (M36*24*60) )),2))) + ((M36*24*60 )*-0.1 + (K36*0.015)) +1,(((M36*24*60)/2)*(1+POWER((((N36*24*60) / (M36*24*60 ))),2)))),""),"") | Q36: =IF(AND(O36<>"",L36<>""),IF(A36<>A37,((L36*24*60) / 2 ) * (1 + POWER(((O36*24*60) / (L36*24*60)),2)),""),"") | R36: =IF(Q36<>"",MAX(P36,Q36),"") | S36: =IF(I36<>"H. Sale Real",IF(AND(I37<>"",LEFT(C37,2)<>"Va"),IF(AND(I36<>"",LEFT(C36,2)<>"Va",I36<>"H. Sale Real"),IF(I37-I36<0.208333333333333,I37-I36,""),IF(AND(I35<>"",LEFT(C35,2)<>"Va",I35<>"H. Sale Real"),IF(I37-I35<0.208333333333333,I37-I35,""),IF(AND(I34<>"",LEFT(C34,2)<>"Va",I34<>"H. Sale Real"),IF(I37-I34<0.208333333333333,I37-I34,""),IF(AND(I33<>"",LEFT(C33,2)<>"Va",I33<>"H. Sale Real"),IF(I37-I33<0.208333333333333,I37-I33,""),IF(AND(I32<>"",LEFT(C32,2)<>"Va",I32<>"H. Sale Real"),IF(I37-I32<0.208333333333333,I37-I32,""),""))))),""),"") | T36: =IF(G36<>"H. Sale Real",IF(AND(G37<>"",LEFT(C37,2)<>"Va"),IF(AND(G36<>"",LEFT(C36,2)<>"Va",G36<>"H. Sale Real"),IF(G37-G36<0.208333333333333,G37-G36,""),IF(AND(G35<>"",LEFT(C35,2)<>"Va",G35<>"H. Sale Real"),IF(G37-G35<0.208333333333333,G37-G35,""),IF(AND(G34<>"",LEFT(C34,2)<>"Va",G34<>"H. Sale Real"),IF(G37-G34<0.208333333333333,G37-G34,""),IF(AND(G33<>"",LEFT(C33,2)<>"Va",G33<>"H. Sale Real"),IF(G37-G33<0.208333333333333,G37-G33,""),IF(AND(G32<>"",LEFT(C32,2)<>"Va",G32<>"H. Sale Real"),IF(G37-G32<0.208333333333333,G37-G32,""),""))))),""),"") | Z36: =IF(G36<>"",IF(AND(Z35<>"IE",P36<>0,R36<>""),IF(IFERROR((P36/R36),0) <=1,IFERROR(P36/R36,""),1),""),"") | AE36: =HOUR(AK36)+1 | AL36: =IF(AM36="","",IF(AND((AM36-AK36)>=TIME(0,0,0),(AM36-AK36)<TIME(0,3,0)),"OK",IF(AND((AM36-AK36)>=TIME(0,3,0),(AM36-AK36)<TIME(0,5,0)),"RETRASO DE 3-5 MIN",IF(AND((AM36-AK36)>=TIME(0,5,0),(AM36-AK36)<TIME(0,10,0)),"RETRASO DE 5-10 MIN",IF((AM36-AK36)>=TIME(0,10,0),"RETRASO >10 MIN", IF(AND((AK36-AM36)>=TIME(0,0,0),(AK36-AM36)<TIME(0,3,0)),"OK",IF((AK36-AM36)>=TIME(0,3,0),"ADELANTADO"))))))) | AN36: =IF(AE36<>"",HLOOKUP(VALUE(TEXT(AK36,"h:mm:ss")),IF($C$6="Laboral",$FZ$4:$GX$227,IF($C$6="Sábado",$FZ$231:$GX$452,$FZ$456:$GX$656)),VLOOKUP($C$4,$HF$2:$HH$99,3,0)+IF(AG$5="Ida",0,1),1),"") | AO36: =IF(AE37<>AE36,AVERAGEIF(AE$9:AE36,AE36,AN$9:AN36),"") | AP36: =IFERROR(IF(AE37<>AE36,AVERAGEIF(AE$9:AE36,AE36,AW$9:AW36),""),"") | AQ36: =IFERROR(IF(AE37<>AE36,AVERAGEIF(AE$9:AE36,AE36,AX$9:AX36),""),"") | AR36: {=IFERROR(IF(AE37<>AE36,_xlfn.STDEV.P(IF(AE$9:AE36=AE36,AX$9:AX36)),""),"")} | AS36: {=IFERROR(IF(AE37<>AE36,_xlfn.STDEV.P(IF(AE$9:AE36=AE36,AW$9:AW36)),""),"")} | AT36: =IFERROR(IF(AE36<>AE37,MAX((((AQ36*24*60)/2)*(1+POWER((((AR36*24*60) / (AQ36*24*60) )),2))) + ((AQ36*24*60 )*-0.1 + (AO36*0.015)) +1,(((AQ36*24*60)/2)*(1+POWER((((AR36*24*60) / (AQ36*24*60 ))),2)))),""),"") | AU36: =IF(AND(AS36<>"",AP36<>""),IF(AE36<>AE37,((AP36*24*60) / 2 ) * (1 + POWER(((AS36*24*60) / (AP36*24*60)),2)),""),"") | AV36: =IF(AU36<>"",MAX(AT36,AU36),"") | AW36: =IF(AM36<>"H. Sale Real",IF(AND(AM37<>"",LEFT(AG37,2)<>"Va"),IF(AND(AM36<>"",LEFT(AG36,2)<>"Va",AM36<>"H. Sale Real"),IF(AM37-AM36<0.208333333333333,AM37-AM36,""),IF(AND(AM35<>"",LEFT(AG35,2)<>"Va",AM35<>"H. Sale Real"),IF(AM37-AM35<0.208333333333333,AM37-AM35,""),IF(AND(AM34<>"",LEFT(AG34,2)<>"Va",AM34<>"H. Sale Real"),IF(AM37-AM34<0.208333333333333,AM37-AM34,""),IF(AND(AM33<>"",LEFT(AG33,2)<>"Va",AM33<>"H. Sale Real"),IF(AM37-AM33<0.208333333333333,AM37-AM33,""),IF(AND(AM32<>"",LEFT(AG32,2)<>"Va",AM32<>"H. Sale Real"),IF(AM37-AM32<0.208333333333333,AM37-AM32,""),""))))),""),"") | AX36: =IF(AK36<>"H. Sale Real",IF(AND(AK37<>"",LEFT(AG37,2)<>"Va"),IF(AND(AK36<>"",LEFT(AG36,2)<>"Va",AK36<>"H. Sale Real"),IF(AK37-AK36<0.208333333333333,AK37-AK36,""),IF(AND(AK35<>"",LEFT(AG35,2)<>"Va",AK35<>"H. Sale Real"),IF(AK37-AK35<0.208333333333333,AK37-AK35,""),IF(AND(AK34<>"",LEFT(AG34,2)<>"NC",AK34<>"H. Sale Real"),IF(AK37-AK34<0.208333333333333,AK37-AK34,""),IF(AND(AK33<>"",LEFT(AG33,2)<>"Va",AK33<>"H. Sale Real"),IF(AK37-AK33<0.208333333333333,AK37-AK33,""),IF(AND(AK32<>"",LEFT(AG32,2)<>"Va",AK32<>"H. Sale Real"),IF(AK37-AK32<0.208333333333333,AK37-AK32,""),""))))),""),"") | BD36: =IF(AK36<>"",IF(AND(BD35<>"IE",AT36<>0,AV36<>""),IF(IFERROR((AT36/AV36),0) <=1,IFERROR(AT36/AV36,""),1),""),"") | BI36: 24 | BJ36: =COUNTIFS($A:$A,$BI36,$C:$C,$BI$11) | BK36: =BJ36-COUNTIFS($A:$A,$BI36,$C:$C,$BI$11,$H:$H,"") | BL36: =IFERROR((BK36/BJ36),"") | BM36: =_xlfn.XLOOKUP(BI36,$A:$A,$R:$R,"0",0,-1) | BN36: =_xlfn.XLOOKUP(BI36,$A:$A,$P:$P,"0",0,-1) | BO36: =_xlfn.XLOOKUP(BI36,$A:$A,$Z:$Z,"",0,-1) | BR36: 24 | BS36: =COUNTIFS($AE:$AE,$BR36,$AG:$AG,$BR$11) | BT36: =BS36-COUNTIFS($AE:$AE,$BR36,$AG:$AG,$BR$11,$AL:$AL,"") | BU36: =IFERROR((BT36/BS36),"") | BV36: =_xlfn.XLOOKUP(BR36,$AE:$AE,$AV:$AV,"0",0,-1) | BW36: =_xlfn.XLOOKUP(BR36,$AE:$AE,$AT:$AT,"0",0,-1) | BX36: =_xlfn.XLOOKUP(BR36,$AE:$AE,$BD:$BD,"",0,-1) | FC36: Diccionario 1 | FD36: 1033 | FE36: D8483453K2PL | FF36: YV3T7U527KA195572 | FG36: Volvo | FH36: B8R | FI36: MARCOPOLO | FJ36: TORINO | FK36: 2019 | FL36: B2PAL | FM36: LOS LIBERTADORES | FN36: Los Liberadores 6450, Lote 4A | FO36: Huechuraba | FP36: B | FS36: 3009 / SFVZ-87| | FT36: SFVZ-87| | FU36: SFVZ-87 | FV36: =VLOOKUP(FU36,FD:FL,9,0) | FZ36: B30n | GA36: 25.005 | GB36: 24.945 | GC36: 25.08 | GD36: 24.93 | GE36: 23.705 | GF36: 11.215 | GG36: 0 | GH36: 0 | GI36: 0 | GJ36: 0 | GK36: 0 | GL36: 0 | GM36: 0 | GN36: 0 | GO36: 0 | GP36: 0 | GQ36: 0 | GR36: 0 | GS36: 0 | GT36: 0 | GU36: 0 | GV36: 0 | GW36: 11.37 | GX36: 23.035 | HA36: 33 | HB36: 30 | HE36: U8 | HF36: F18 | HG36: F18 | HH36: 62 | HL36: OmegaU8 | HM36: F18 | HN36: Juanita | HO36: 938
A37: =HOUR(G37)+1 | D37: =IFERROR( IF(AND(OR(Planilla!B37="C",Planilla!B37="c"), VLOOKUP(E37,FD:FP,13,0)="C"), "OK",IF(AND(OR(Planilla!B37="C",Planilla!B37="c"), OR(VLOOKUP(E37,FD:FP,13,0)="B", VLOOKUP(E37,FD:FP,13,0)="A")), "DEFICIT",IF( AND(OR(Planilla!B37="B", Planilla!B37="BPAL"), VLOOKUP(E37,FD:FP,13,0)="B"), "OK",IF(AND(OR(Planilla!B37="B", Planilla!B37="BPAL"), VLOOKUP(E37,FD:FP,13,0)="A"), "DEFICIT",IF(AND(OR(Planilla!B37="B", Planilla!B37="BPAL"), VLOOKUP(E37,FD:FP,13,0)="C"), "SOBREOFERTA",IF(AND(Planilla!B37="A", VLOOKUP(E37,FD:FP,13,0)="A"), "OK",IF( AND(Planilla!B37="A", OR(VLOOKUP(E37,FD:FP,13,0)="B", VLOOKUP(E37,FD:FP,13,0)="C")), "SOBREOFERTA","" ))))))),"") | H37: =IF(I37="","",IF(AND((I37-G37)>=TIME(0,0,0),(I37-G37)<TIME(0,3,0)),"OK",IF(AND((I37-G37)>=TIME(0,3,0),(I37-G37)<TIME(0,5,0)),"RETRASO DE 3-5 MIN",IF(AND((I37-G37)>=TIME(0,5,0),(I37-G37)<TIME(0,10,0)),"RETRASO DE 5-10 MIN",IF((I37-G37)>=TIME(0,10,0),"RETRASO >10 MIN", IF(AND((G37-I37)>=TIME(0,0,0),(G37-I37)<TIME(0,3,0)),"OK",IF((G37-I37)>=TIME(0,3,0),"ADELANTADO"))))))) | J37: =IF(A37<>"",HLOOKUP(VALUE(TEXT(G37,"h:mm:ss")),IF($C$6="Laboral",$FZ$4:$GX$227,IF($C$6="Sábado",$FZ$231:$GX$452,$FZ$456:$GX$656)),VLOOKUP($C$4,$HF$2:$HH$99,3,0)+IF(C$5="Ida",0,1),1),"") | K37: =IF(A38<>A37,AVERAGEIF(A$9:A37,A37,J$9:J37),"") | L37: =IFERROR(IF(A38<>A37,AVERAGEIF(A$9:A37,A37,S$9:S37),""),"") | M37: =IFERROR(IF(A38<>A37,AVERAGEIF(A$9:A37,A37,T$9:T37),""),"") | N37: {=IFERROR(IF(A38<>A37,_xlfn.STDEV.P(IF(A$9:A37=A37,T$9:T37)),""),"")} | O37: {=IFERROR(IF(A38<>A37,_xlfn.STDEV.P(IF(A$9:A37=A37,S$9:S37)),""),"")} | P37: =IFERROR(IF(A37<>A38,MAX((((M37*24*60)/2)*(1+POWER((((N37*24*60) / (M37*24*60) )),2))) + ((M37*24*60 )*-0.1 + (K37*0.015)) +1,(((M37*24*60)/2)*(1+POWER((((N37*24*60) / (M37*24*60 ))),2)))),""),"") | Q37: =IF(AND(O37<>"",L37<>""),IF(A37<>A38,((L37*24*60) / 2 ) * (1 + POWER(((O37*24*60) / (L37*24*60)),2)),""),"") | R37: =IF(Q37<>"",MAX(P37,Q37),"") | S37: =IF(I37<>"H. Sale Real",IF(AND(I38<>"",LEFT(C38,2)<>"Va"),IF(AND(I37<>"",LEFT(C37,2)<>"Va",I37<>"H. Sale Real"),IF(I38-I37<0.208333333333333,I38-I37,""),IF(AND(I36<>"",LEFT(C36,2)<>"Va",I36<>"H. Sale Real"),IF(I38-I36<0.208333333333333,I38-I36,""),IF(AND(I35<>"",LEFT(C35,2)<>"Va",I35<>"H. Sale Real"),IF(I38-I35<0.208333333333333,I38-I35,""),IF(AND(I34<>"",LEFT(C34,2)<>"Va",I34<>"H. Sale Real"),IF(I38-I34<0.208333333333333,I38-I34,""),IF(AND(I33<>"",LEFT(C33,2)<>"Va",I33<>"H. Sale Real"),IF(I38-I33<0.208333333333333,I38-I33,""),""))))),""),"") | T37: =IF(G37<>"H. Sale Real",IF(AND(G38<>"",LEFT(C38,2)<>"Va"),IF(AND(G37<>"",LEFT(C37,2)<>"Va",G37<>"H. Sale Real"),IF(G38-G37<0.208333333333333,G38-G37,""),IF(AND(G36<>"",LEFT(C36,2)<>"Va",G36<>"H. Sale Real"),IF(G38-G36<0.208333333333333,G38-G36,""),IF(AND(G35<>"",LEFT(C35,2)<>"Va",G35<>"H. Sale Real"),IF(G38-G35<0.208333333333333,G38-G35,""),IF(AND(G34<>"",LEFT(C34,2)<>"Va",G34<>"H. Sale Real"),IF(G38-G34<0.208333333333333,G38-G34,""),IF(AND(G33<>"",LEFT(C33,2)<>"Va",G33<>"H. Sale Real"),IF(G38-G33<0.208333333333333,G38-G33,""),""))))),""),"") | Z37: =IF(G37<>"",IF(AND(Z36<>"IE",P37<>0,R37<>""),IF(IFERROR((P37/R37),0) <=1,IFERROR(P37/R37,""),1),""),"") | AE37: =HOUR(AK37)+1 | AL37: =IF(AM37="","",IF(AND((AM37-AK37)>=TIME(0,0,0),(AM37-AK37)<TIME(0,3,0)),"OK",IF(AND((AM37-AK37)>=TIME(0,3,0),(AM37-AK37)<TIME(0,5,0)),"RETRASO DE 3-5 MIN",IF(AND((AM37-AK37)>=TIME(0,5,0),(AM37-AK37)<TIME(0,10,0)),"RETRASO DE 5-10 MIN",IF((AM37-AK37)>=TIME(0,10,0),"RETRASO >10 MIN", IF(AND((AK37-AM37)>=TIME(0,0,0),(AK37-AM37)<TIME(0,3,0)),"OK",IF((AK37-AM37)>=TIME(0,3,0),"ADELANTADO"))))))) | AN37: =IF(AE37<>"",HLOOKUP(VALUE(TEXT(AK37,"h:mm:ss")),IF($C$6="Laboral",$FZ$4:$GX$227,IF($C$6="Sábado",$FZ$231:$GX$452,$FZ$456:$GX$656)),VLOOKUP($C$4,$HF$2:$HH$99,3,0)+IF(AG$5="Ida",0,1),1),"") | AO37: =IF(AE38<>AE37,AVERAGEIF(AE$9:AE37,AE37,AN$9:AN37),"") | AP37: =IFERROR(IF(AE38<>AE37,AVERAGEIF(AE$9:AE37,AE37,AW$9:AW37),""),"") | AQ37: =IFERROR(IF(AE38<>AE37,AVERAGEIF(AE$9:AE37,AE37,AX$9:AX37),""),"") | AR37: {=IFERROR(IF(AE38<>AE37,_xlfn.STDEV.P(IF(AE$9:AE37=AE37,AX$9:AX37)),""),"")} | AS37: {=IFERROR(IF(AE38<>AE37,_xlfn.STDEV.P(IF(AE$9:AE37=AE37,AW$9:AW37)),""),"")} | AT37: =IFERROR(IF(AE37<>AE38,MAX((((AQ37*24*60)/2)*(1+POWER((((AR37*24*60) / (AQ37*24*60) )),2))) + ((AQ37*24*60 )*-0.1 + (AO37*0.015)) +1,(((AQ37*24*60)/2)*(1+POWER((((AR37*24*60) / (AQ37*24*60 ))),2)))),""),"") | AU37: =IF(AND(AS37<>"",AP37<>""),IF(AE37<>AE38,((AP37*24*60) / 2 ) * (1 + POWER(((AS37*24*60) / (AP37*24*60)),2)),""),"") | AV37: =IF(AU37<>"",MAX(AT37,AU37),"") | AW37: =IF(AM37<>"H. Sale Real",IF(AND(AM38<>"",LEFT(AG38,2)<>"Va"),IF(AND(AM37<>"",LEFT(AG37,2)<>"Va",AM37<>"H. Sale Real"),IF(AM38-AM37<0.208333333333333,AM38-AM37,""),IF(AND(AM36<>"",LEFT(AG36,2)<>"Va",AM36<>"H. Sale Real"),IF(AM38-AM36<0.208333333333333,AM38-AM36,""),IF(AND(AM35<>"",LEFT(AG35,2)<>"Va",AM35<>"H. Sale Real"),IF(AM38-AM35<0.208333333333333,AM38-AM35,""),IF(AND(AM34<>"",LEFT(AG34,2)<>"Va",AM34<>"H. Sale Real"),IF(AM38-AM34<0.208333333333333,AM38-AM34,""),IF(AND(AM33<>"",LEFT(AG33,2)<>"Va",AM33<>"H. Sale Real"),IF(AM38-AM33<0.208333333333333,AM38-AM33,""),""))))),""),"") | AX37: =IF(AK37<>"H. Sale Real",IF(AND(AK38<>"",LEFT(AG38,2)<>"Va"),IF(AND(AK37<>"",LEFT(AG37,2)<>"Va",AK37<>"H. Sale Real"),IF(AK38-AK37<0.208333333333333,AK38-AK37,""),IF(AND(AK36<>"",LEFT(AG36,2)<>"Va",AK36<>"H. Sale Real"),IF(AK38-AK36<0.208333333333333,AK38-AK36,""),IF(AND(AK35<>"",LEFT(AG35,2)<>"NC",AK35<>"H. Sale Real"),IF(AK38-AK35<0.208333333333333,AK38-AK35,""),IF(AND(AK34<>"",LEFT(AG34,2)<>"Va",AK34<>"H. Sale Real"),IF(AK38-AK34<0.208333333333333,AK38-AK34,""),IF(AND(AK33<>"",LEFT(AG33,2)<>"Va",AK33<>"H. Sale Real"),IF(AK38-AK33<0.208333333333333,AK38-AK33,""),""))))),""),"") | BD37: =IF(AK37<>"",IF(AND(BD36<>"IE",AT37<>0,AV37<>""),IF(IFERROR((AT37/AV37),0) <=1,IFERROR(AT37/AV37,""),1),""),"") | FC37: Diccionario 1 | FD37: 1034 | FE37: D8483890K2PL | FF37: YV3T7U520KA195574 | FG37: Volvo | FH37: B8R | FI37: MARCOPOLO | FJ37: TORINO | FK37: 2019 | FL37: B2PAL | FM37: LOS LIBERTADORES | FN37: Los Liberadores 6450, Lote 4A | FO37: Huechuraba | FP37: B | FS37: 3009 / SFVZ-87| | FT37: SFVZ-87| | FU37: SFVZ-87 | FV37: =VLOOKUP(FU37,FD:FL,9,0) | FZ37: B32 | GA37: 0 | GB37: 0 | GC37: 0 | GD37: 0 | GE37: 0 | GF37: 10.685 | GG37: 16.86 | GH37: 12.385 | GI37: 15.665 | GJ37: 17.7 | GK37: 17.755 | GL37: 17.5 | GM37: 16.4 | GN37: 16.58 | GO37: 16.88 | GP37: 15.705 | GQ37: 14.925 | GR37: 13.975 | GS37: 13.42 | GT37: 16.03 | GU37: 19.13 | GV37: 21.045 | GW37: 22.675 | GX37: 12.13 | HA37: 34 | HB37: 31 | HE37: U8 | HF37: F20 | HG37: F20 | HH37: 64 | HL37: OmegaU8 | HM37: F20 | HN37: Pie Andino | HO37: 940
