Workbook

Sheet Planilla
B3: Terminal | AC3: Terminal
B4: Servicio | AC4: Servicio
B5: Sentido | C5: IDA | AC5: Sentido | AD5: REG
B6: tipo de día | AC6: tipo de día
B7: PO | AC7: PO
B8: TURNO 1 | AC8: TURNO 1 | AD8: =IF(C8="","",C8)
B9: TURNO 2 | AC9: TURNO 2 | AD9: =IF(C9="","",C9)
B10: TURNO3 | AC10: TURNO3 | AD10: =IF(C10="","",C10)
BC11: =C4&" "&C5 -> IDA | BL11: =AD4&" "&MID(AD5,1,3) -> REG
A12: Periodo | B12: TB Programado | C12: Tipo de Salida | D12: Cumple TB | E12: Bus | F12: Media Hora despacho | G12: ="H Sale Terminal"&""&C3 -> H Sale Terminal | H12: Cumple despacho | I12: H. Sale Real | J12: KM PERIODO | K12: KM PROMEDIO | L12: IR_REAL_PROM | M12: IR_PROG_PROM | N12: IR_PROG_DESVEST | O12: IR_REAL_DESVEST | P12: TE_IDEAL | Q12: TE_OBS | R12: TE_OBS_NET | S12: IR_REAL | T12: IR_PROG | U12: ="H llegada Terminal"&""&AD3 -> H llegada Terminal | V12: Hora de Llegada Real | W12: IE | X12: Causa Perdidas | Y12: observación | AB12: Periodo | AC12: TB Programado | AD12: Tipo de Salida | AE12: Cumple TB | AF12: Bus | AG12: Media Hora despcaho | AH12: ="H Sale Terminal"&""&AD3 -> H Sale Terminal | AI12: Cumple despacho | AJ12: H. Sale Real | AK12: KM PERIODO | AL12: KM PROMEDIO | AM12: IR_REAL_PROM | AN12: IR_PROG_PROM | AO12: IR_PROG_DESVEST | AP12: IR_PROG_DESVEST | AQ12: TE_IDEAL | AR12: TE_OBS | AS12: TE_OBS_NET | AT12: IR_REAL | AU12: IR_PROG | AV12: ="H llegada Terminal"&""&C3 -> H llegada Terminal | AW12: Hora de Legada Real | AX12: IE | AY12: Causa Perdidas | AZ12: observación | BC12: Periodo | BD12: Teórico | BE12: Real | BF12: ICF-P | BG12: TE Obs | BH12: TE Ideal | BI12: IE | BL12: Periodo | BM12: Teórico | BN12: Real | BO12: ICF-P | BP12: TE Obs | BQ12: TE Ideal | BR12: IE
A13: =HOUR(G13)+1 -> 1 | D13: =IFERROR( IF(AND(OR(Planilla!B13="C",Planilla!B13="c"), VLOOKUP(E13,[1]Diccionario!B:N,13,0)="C"), "OK",IF(AND(OR(Planilla!B13="C",Planilla!B13="c"), OR(VLOOKUP(E13,[1]Diccionario!B:N,13,0)="B", VLOOKUP(E13,[1]Diccionario!B:N,13,0)="A")), "DEFICIT",IF( AND(OR(Planilla!B13="B", Planilla!B13="BPAL"), VLOOKUP(E13,[1]Diccionario!B:N,13,0)="B"), "OK",IF(AND(OR(Planilla!B13="B", Planilla!B13="BPAL"), VLOOKUP(E13,[1]Diccionario!B:N,13,0)="A"), "DEFICIT",IF(AND(OR(Planilla!B13="B", Planilla!B13="BPAL"), VLOOKUP(E13,[1]Diccionario!B:N,13,0)="C"), "SOBREOFERTA",IF(AND(Planilla!B13="A", VLOOKUP(E13,[1]Diccionario!B:N,13,0)="A"), "OK",IF( AND(Planilla!B13="A", OR(VLOOKUP(E13,[1]Diccionario!B:N,13,0)="B", VLOOKUP(E13,[1]Diccionario!B:N,13,0)="C")), "SOBREOFERTA","" ))))))),"") | F13: =+IF(G13="","",INT(G13*48+1.00001)) | H13: =IF(I13="","",IF(AND((I13-G13)>=TIME(0,0,0),(I13-G13)<TIME(0,3,0)),"OK",IF(AND((I13-G13)>=TIME(0,3,0),(I13-G13)<TIME(0,5,0)),"RETRASO DE 3-5 MIN",IF(AND((I13-G13)>=TIME(0,5,0),(I13-G13)<TIME(0,10,0)),"RETRASO DE 5-10 MIN",IF((I13-G13)>=TIME(0,10,0),"RETRASO >10 MIN", IF(AND((G13-I13)>=TIME(0,0,0),(G13-I13)<TIME(0,3,0)),"OK",IF((G13-I13)>=TIME(0,3,0),"ADELANTADO"))))))) | J13: =IF(A13<>"",HLOOKUP(VALUE(TEXT(G13,"h:mm:ss")),IF($C$6="Laboral",[1]Input!$A$4:$Y$227,IF($C$6="Sábado",[1]Input!$A$231:$Y$452,[1]Input!$A$456:$Y$656)),VLOOKUP($C$4,[1]Input!$AG$2:$AI$99,3,0)+IF(C$5="Ida",0,1),1),"") -> #N/A | K13: =IF(A14<>A13,AVERAGEIF(A$9:A13,A13,J$13:J13),"") | L13: =IFERROR(IF(A14<>A13,AVERAGEIF(A$9:A13,A13,S$13:S13),""),"") | M13: =IFERROR(IF(A14<>A13,AVERAGEIF(A$9:A13,A13,T$8:T13),""),"") | N13: {=IFERROR(IF(A14<>A13,_xlfn.STDEV.P(IF(A$9:A13=A13,T$7:T13)),""),"")} | O13: {=IFERROR(IF(A14<>A13,_xlfn.STDEV.P(IF(A$9:A13=A13,S$7:S13)),""),"")} | P13: =IFERROR(IF(A13<>A14,MAX((((M13*24*60)/2)*(1+POWER((((N13*24*60) / (M13*24*60) )),2))) + ((M13*24*60 )*-0.1 + (K13*0.015)) +1,(((M13*24*60)/2)*(1+POWER((((N13*24*60) / (M13*24*60 ))),2)))),""),"") | Q13: =IF(AND(O13<>"",L13<>""),IF(A13<>A14,((L13*24*60) / 2 ) * (1 + POWER(((O13*24*60) / (L13*24*60)),2)),""),"") | R13: =IF(Q13<>"",MAX(P13,Q13),"") | S13: =IF(I13<>"H. Sale Real",IF(AND(I14<>"",LEFT(C14,2)<>"NC"),IF(AND(I13<>"",LEFT(C13,2)<>"NC",I13<>"H. Sale Real"),IF(I14-I13<0.208333333333333,I14-I13,""),IF(AND(I12<>"",LEFT(C12,2)<>"NC",I12<>"H. Sale Real"),IF(I14-I12<0.208333333333333,I14-I12,""),IF(AND(I11<>"",LEFT(C11,2)<>"NC",I11<>"H. Sale Real"),IF(I14-I11<0.208333333333333,I14-I11,""),IF(AND(I10<>"",LEFT(C10,2)<>"NC",I10<>"H. Sale Real"),IF(I14-I10<0.208333333333333,I14-I10,""),IF(AND(I9<>"",LEFT(C9,2)<>"NC",I9<>"H. Sale Real"),IF(I14-I9<0.208333333333333,I14-I9,""),""))))),""),"") | T13: =IF(G13<>"H. Sale Real",IF(AND(G14<>"",LEFT(C14,2)<>"NC"),IF(AND(G13<>"",LEFT(C13,2)<>"NC",G13<>"H. Sale Real"),IF(G14-G13<0.208333333333333,G14-G13,""),IF(AND(G12<>"",LEFT(C12,2)<>"NC",G12<>"H. Sale Real"),IF(G14-G12<0.208333333333333,G14-G12,""),IF(AND(G11<>"",LEFT(C11,2)<>"NC",G11<>"H. Sale Real"),IF(G14-G11<0.208333333333333,G14-G11,""),IF(AND(G10<>"",LEFT(C10,2)<>"NC",G10<>"H. Sale Real"),IF(G14-G10<0.208333333333333,G14-G10,""),IF(AND(G9<>"",LEFT(C9,2)<>"NC",G9<>"H. Sale Real"),IF(G14-G9<0.208333333333333,G14-G9,""),""))))),""),"") | W13: =IF(G13<>"",IF(AND(W12<>"IE",P13<>0,R13<>""),IF(IFERROR((P13/R13),0) <=1,IFERROR(P13/R13,""),1),""),"") | AB13: =HOUR(AH13)+1 -> 1 | AE13: =IFERROR( IF(AND(OR(AC13="C",AC13="c"), VLOOKUP(AF13,[1]Diccionario!B:N,13,0)="C"), "OK",IF(AND(OR(AC13="C",AC13="c"), OR(VLOOKUP(AF13,[1]Diccionario!B:N,13,0)="B", VLOOKUP(AF13,[1]Diccionario!B:N,13,0)="A")), "DEFICIT",IF( AND(OR(AC13="B", AC13="BPAL"), VLOOKUP(AF13,[1]Diccionario!B:N,13,0)="B"), "OK",IF(AND(OR(AC13="B", AC13="BPAL"), VLOOKUP(AF13,[1]Diccionario!B:N,13,0)="A"), "DEFICIT",IF(AND(OR(AC13="B", AC13="BPAL"), VLOOKUP(AF13,[1]Diccionario!B:N,13,0)="C"), "SOBREOFERTA",IF(AND(AC13="A", VLOOKUP(AF13,[1]Diccionario!B:N,13,0)="A"), "OK",IF( AND(AC13="A", OR(VLOOKUP(AF13,[1]Diccionario!B:N,13,0)="B", VLOOKUP(AF13,[1]Diccionario!B:N,13,0)="C")), "SOBREOFERTA","" ))))))),"") | AI13: =IF(AJ13="","",IF(AND((AJ13-AH13)>=TIME(0,0,0),(AJ13-AH13)<TIME(0,3,0)),"OK",IF(AND((AJ13-AH13)>=TIME(0,3,0),(AJ13-AH13)<TIME(0,5,0)),"RETRASO DE 3-5 MIN",IF(AND((AJ13-AH13)>=TIME(0,5,0),(AJ13-AH13)<TIME(0,10,0)),"RETRASO DE 5-10 MIN",IF((AJ13-AH13)>=TIME(0,10,0),"RETRASO >10 MIN", IF(AND((AH13-AJ13)>=TIME(0,0,0),(AH13-AJ13)<TIME(0,3,0)),"OK",IF((AH13-AJ13)>=TIME(0,3,0),"ADELANTADO"))))))) | AK13: =IF(AB13<>"",HLOOKUP(VALUE(TEXT(AH13,"h:mm:ss")),IF($C$6="Laboral",[1]Input!$A$4:$Y$227,IF($C$6="Sábado",[1]Input!$A$231:$Y$452,[1]Input!$A$456:$Y$656)),VLOOKUP($C$4,[1]Input!$AG$2:$AI$99,3,0)+IF(AD$5="Ida",0,1),1),"") -> #N/A | AL13: =IF(AB14<>AB13,AVERAGEIF(AB$9:AB13,AB13,AK$9:AK13),"") | AM13: =IFERROR(IF(AB14<>AB13,AVERAGEIF(AB$9:AB13,AB13,AT$9:AT13),""),"") | AN13: =IFERROR(IF(AB14<>AB13,AVERAGEIF(AB$9:AB13,AB13,AU$9:AU13),""),"") | AO13: {=IFERROR(IF(AB14<>AB13,_xlfn.STDEV.P(IF(AB$9:AB13=AB13,AU$9:AU13)),""),"")} | AP13: {=IFERROR(IF(AB14<>AB13,_xlfn.STDEV.P(IF(AB$9:AB13=AB13,AT$9:AT13)),""),"")} | AQ13: =IFERROR(IF(AB13<>AB14,MAX((((AN13*24*60)/2)*(1+POWER((((AO13*24*60) / (AN13*24*60) )),2))) + ((AN13*24*60 )*-0.1 + (AL13*0.015)) +1,(((AN13*24*60)/2)*(1+POWER((((AO13*24*60) / (AN13*24*60 ))),2)))),""),"") | AR13: =IF(AND(AP13<>"",AM13<>""),IF(AB13<>AB14,((AM13*24*60) / 2 ) * (1 + POWER(((AP13*24*60) / (AM13*24*60)),2)),""),"") | AS13: =IF(AR13<>"",MAX(AQ13,AR13),"") | AT13: =IF(AJ13<>"H. Sale Real",IF(AND(AJ14<>"",LEFT(AD14,2)<>"NC"),IF(AND(AJ13<>"",LEFT(AD13,2)<>"NC",AJ13<>"H. Sale Real"),IF(AJ14-AJ13<0.208333333333333,AJ14-AJ13,""),IF(AND(AJ12<>"",LEFT(AD12,2)<>"NC",AJ12<>"H. Sale Real"),IF(AJ14-AJ12<0.208333333333333,AJ14-AJ12,""),IF(AND(AJ11<>"",LEFT(AD11,2)<>"NC",AJ11<>"H. Sale Real"),IF(AJ14-AJ11<0.208333333333333,AJ14-AJ11,""),IF(AND(AJ10<>"",LEFT(AD10,2)<>"NC",AJ10<>"H. Sale Real"),IF(AJ14-AJ10<0.208333333333333,AJ14-AJ10,""),IF(AND(AJ9<>"",LEFT(AD9,2)<>"NC",AJ9<>"H. Sale Real"),IF(AJ14-AJ9<0.208333333333333,AJ14-AJ9,""),""))))),""),"") | AU13: =IF(AH13<>"H. Sale Real",IF(AND(AH14<>"",LEFT(AD14,2)<>"NC"),IF(AND(AH13<>"",LEFT(AD13,2)<>"NC",AH13<>"H. Sale Real"),IF(AH14-AH13<0.208333333333333,AH14-AH13,""),IF(AND(AH12<>"",LEFT(AD12,2)<>"NC",AH12<>"H. Sale Real"),IF(AH14-AH12<0.208333333333333,AH14-AH12,""),IF(AND(AH11<>"",LEFT(AD11,2)<>"NC",AH11<>"H. Sale Real"),IF(AH14-AH11<0.208333333333333,AH14-AH11,""),IF(AND(AH10<>"",LEFT(AD10,2)<>"NC",AH10<>"H. Sale Real"),IF(AH14-AH10<0.208333333333333,AH14-AH10,""),IF(AND(AH9<>"",LEFT(AD9,2)<>"NC",AH9<>"H. Sale Real"),IF(AH14-AH9<0.208333333333333,AH14-AH9,""),""))))),""),"") | AX13: {=IF(AH13<>"",IF(AND(AX11:AX12<>"IE",AQ13<>0,AS13<>""),IF(IFERROR((AQ13/AS13),0) <=1,IFERROR(AQ13/AS13,""),1),""),"")} | BC13: 1 | BD13: =COUNTIFS($A:$A,$BC13,$C:$C,$BC$11) -> 0 | BE13: =BD13-COUNTIFS($A:$A,$BC13,$C:$C,$BC$11,$H:$H,"") -> 0 | BF13: =IFERROR((BE13/BD13),"") | BG13: =_xlfn.XLOOKUP(BC13,$A:$A,$R:$R,"0",0,-1) | BH13: =_xlfn.XLOOKUP(BC13,$A:$A,$P:$P,"0",0,-1) | BI13: =_xlfn.XLOOKUP(BC13,$A:$A,$W:$W,"",0,-1) | BL13: 1 | BM13: =COUNTIFS($AB:$AB,$BL13,$AD:$AD,$BL$11) -> 0 | BN13: =BM13-COUNTIFS($AB:$AB,$BL13,$AD:$AD,$BL$11,$AI:$AI,"") -> 0 | BO13: =IFERROR((BN13/BM13),"") | BP13: =_xlfn.XLOOKUP(BL13,$AB:$AB,$AS:$AS,"0",0,-1) | BQ13: =_xlfn.XLOOKUP(BL13,$AB:$AB,$AQ:$AQ,"0",0,-1) | BR13: =_xlfn.XLOOKUP(BL13,$AB:$AB,$AX:$AX,"",0,-1)
A14: =HOUR(G14)+1 -> 1 | D14: =IFERROR( IF(AND(OR(Planilla!B14="C",Planilla!B14="c"), VLOOKUP(E14,[1]Diccionario!B:N,13,0)="C"), "OK",IF(AND(OR(Planilla!B14="C",Planilla!B14="c"), OR(VLOOKUP(E14,[1]Diccionario!B:N,13,0)="B", VLOOKUP(E14,[1]Diccionario!B:N,13,0)="A")), "DEFICIT",IF( AND(OR(Planilla!B14="B", Planilla!B14="BPAL"), VLOOKUP(E14,[1]Diccionario!B:N,13,0)="B"), "OK",IF(AND(OR(Planilla!B14="B", Planilla!B14="BPAL"), VLOOKUP(E14,[1]Diccionario!B:N,13,0)="A"), "DEFICIT",IF(AND(OR(Planilla!B14="B", Planilla!B14="BPAL"), VLOOKUP(E14,[1]Diccionario!B:N,13,0)="C"), "SOBREOFERTA",IF(AND(Planilla!B14="A", VLOOKUP(E14,[1]Diccionario!B:N,13,0)="A"), "OK",IF( AND(Planilla!B14="A", OR(VLOOKUP(E14,[1]Diccionario!B:N,13,0)="B", VLOOKUP(E14,[1]Diccionario!B:N,13,0)="C")), "SOBREOFERTA","" ))))))),"") | F14: =+IF(G14="","",INT(G14*48+1.00001)) | H14: =IF(I14="","",IF(AND((I14-G14)>=TIME(0,0,0),(I14-G14)<TIME(0,3,0)),"OK",IF(AND((I14-G14)>=TIME(0,3,0),(I14-G14)<TIME(0,5,0)),"RETRASO DE 3-5 MIN",IF(AND((I14-G14)>=TIME(0,5,0),(I14-G14)<TIME(0,10,0)),"RETRASO DE 5-10 MIN",IF((I14-G14)>=TIME(0,10,0),"RETRASO >10 MIN", IF(AND((G14-I14)>=TIME(0,0,0),(G14-I14)<TIME(0,3,0)),"OK",IF((G14-I14)>=TIME(0,3,0),"ADELANTADO"))))))) | J14: =IF(A14<>"",HLOOKUP(VALUE(TEXT(G14,"h:mm:ss")),IF($C$6="Laboral",[1]Input!$A$4:$Y$227,IF($C$6="Sábado",[1]Input!$A$231:$Y$452,[1]Input!$A$456:$Y$656)),VLOOKUP($C$4,[1]Input!$AG$2:$AI$99,3,0)+IF(C$5="Ida",0,1),1),"") -> #N/A | K14: =IF(A15<>A14,AVERAGEIF(A$9:A14,A14,J$13:J14),"") | L14: =IFERROR(IF(A15<>A14,AVERAGEIF(A$9:A14,A14,S$13:S14),""),"") | M14: =IFERROR(IF(A15<>A14,AVERAGEIF(A$9:A14,A14,T$8:T14),""),"") | N14: {=IFERROR(IF(A15<>A14,_xlfn.STDEV.P(IF(A$9:A14=A14,T$7:T14)),""),"")} | O14: {=IFERROR(IF(A15<>A14,_xlfn.STDEV.P(IF(A$9:A14=A14,S$7:S14)),""),"")} | P14: =IFERROR(IF(A14<>A15,MAX((((M14*24*60)/2)*(1+POWER((((N14*24*60) / (M14*24*60) )),2))) + ((M14*24*60 )*-0.1 + (K14*0.015)) +1,(((M14*24*60)/2)*(1+POWER((((N14*24*60) / (M14*24*60 ))),2)))),""),"") | Q14: =IF(AND(O14<>"",L14<>""),IF(A14<>A15,((L14*24*60) / 2 ) * (1 + POWER(((O14*24*60) / (L14*24*60)),2)),""),"") | R14: =IF(Q14<>"",MAX(P14,Q14),"") | S14: =IF(I14<>"H. Sale Real",IF(AND(I15<>"",LEFT(C15,2)<>"NC"),IF(AND(I14<>"",LEFT(C14,2)<>"NC",I14<>"H. Sale Real"),IF(I15-I14<0.208333333333333,I15-I14,""),IF(AND(I13<>"",LEFT(C13,2)<>"NC",I13<>"H. Sale Real"),IF(I15-I13<0.208333333333333,I15-I13,""),IF(AND(I12<>"",LEFT(C12,2)<>"NC",I12<>"H. Sale Real"),IF(I15-I12<0.208333333333333,I15-I12,""),IF(AND(I11<>"",LEFT(C11,2)<>"NC",I11<>"H. Sale Real"),IF(I15-I11<0.208333333333333,I15-I11,""),IF(AND(I10<>"",LEFT(C10,2)<>"NC",I10<>"H. Sale Real"),IF(I15-I10<0.208333333333333,I15-I10,""),""))))),""),"") | T14: =IF(G14<>"H. Sale Real",IF(AND(G15<>"",LEFT(C15,2)<>"NC"),IF(AND(G14<>"",LEFT(C14,2)<>"NC",G14<>"H. Sale Real"),IF(G15-G14<0.208333333333333,G15-G14,""),IF(AND(G13<>"",LEFT(C13,2)<>"NC",G13<>"H. Sale Real"),IF(G15-G13<0.208333333333333,G15-G13,""),IF(AND(G12<>"",LEFT(C12,2)<>"NC",G12<>"H. Sale Real"),IF(G15-G12<0.208333333333333,G15-G12,""),IF(AND(G11<>"",LEFT(C11,2)<>"NC",G11<>"H. Sale Real"),IF(G15-G11<0.208333333333333,G15-G11,""),IF(AND(G10<>"",LEFT(C10,2)<>"NC",G10<>"H. Sale Real"),IF(G15-G10<0.208333333333333,G15-G10,""),""))))),""),"") | W14: =IF(G14<>"",IF(AND(W13<>"IE",P14<>0,R14<>""),IF(IFERROR((P14/R14),0) <=1,IFERROR(P14/R14,""),1),""),"") | AB14: =HOUR(AH14)+1 -> 1 | AE14: =IFERROR( IF(AND(OR(AC14="C",AC14="c"), VLOOKUP(AF14,[1]Diccionario!B:N,13,0)="C"), "OK",IF(AND(OR(AC14="C",AC14="c"), OR(VLOOKUP(AF14,[1]Diccionario!B:N,13,0)="B", VLOOKUP(AF14,[1]Diccionario!B:N,13,0)="A")), "DEFICIT",IF( AND(OR(AC14="B", AC14="BPAL"), VLOOKUP(AF14,[1]Diccionario!B:N,13,0)="B"), "OK",IF(AND(OR(AC14="B", AC14="BPAL"), VLOOKUP(AF14,[1]Diccionario!B:N,13,0)="A"), "DEFICIT",IF(AND(OR(AC14="B", AC14="BPAL"), VLOOKUP(AF14,[1]Diccionario!B:N,13,0)="C"), "SOBREOFERTA",IF(AND(AC14="A", VLOOKUP(AF14,[1]Diccionario!B:N,13,0)="A"), "OK",IF( AND(AC14="A", OR(VLOOKUP(AF14,[1]Diccionario!B:N,13,0)="B", VLOOKUP(AF14,[1]Diccionario!B:N,13,0)="C")), "SOBREOFERTA","" ))))))),"") | AI14: =IF(AJ14="","",IF(AND((AJ14-AH14)>=TIME(0,0,0),(AJ14-AH14)<TIME(0,3,0)),"OK",IF(AND((AJ14-AH14)>=TIME(0,3,0),(AJ14-AH14)<TIME(0,5,0)),"RETRASO DE 3-5 MIN",IF(AND((AJ14-AH14)>=TIME(0,5,0),(AJ14-AH14)<TIME(0,10,0)),"RETRASO DE 5-10 MIN",IF((AJ14-AH14)>=TIME(0,10,0),"RETRASO >10 MIN", IF(AND((AH14-AJ14)>=TIME(0,0,0),(AH14-AJ14)<TIME(0,3,0)),"OK",IF((AH14-AJ14)>=TIME(0,3,0),"ADELANTADO"))))))) | AK14: =IF(AB14<>"",HLOOKUP(VALUE(TEXT(AH14,"h:mm:ss")),IF($C$6="Laboral",[1]Input!$A$4:$Y$227,IF($C$6="Sábado",[1]Input!$A$231:$Y$452,[1]Input!$A$456:$Y$656)),VLOOKUP($C$4,[1]Input!$AG$2:$AI$99,3,0)+IF(AD$5="Ida",0,1),1),"") -> #N/A | AL14: =IF(AB15<>AB14,AVERAGEIF(AB$9:AB14,AB14,AK$9:AK14),"") | AM14: =IFERROR(IF(AB15<>AB14,AVERAGEIF(AB$9:AB14,AB14,AT$9:AT14),""),"") | AN14: =IFERROR(IF(AB15<>AB14,AVERAGEIF(AB$9:AB14,AB14,AU$9:AU14),""),"") | AO14: {=IFERROR(IF(AB15<>AB14,_xlfn.STDEV.P(IF(AB$9:AB14=AB14,AU$9:AU14)),""),"")} | AP14: {=IFERROR(IF(AB15<>AB14,_xlfn.STDEV.P(IF(AB$9:AB14=AB14,AT$9:AT14)),""),"")} | AQ14: =IFERROR(IF(AB14<>AB15,MAX((((AN14*24*60)/2)*(1+POWER((((AO14*24*60) / (AN14*24*60) )),2))) + ((AN14*24*60 )*-0.1 + (AL14*0.015)) +1,(((AN14*24*60)/2)*(1+POWER((((AO14*24*60) / (AN14*24*60 ))),2)))),""),"") | AR14: =IF(AND(AP14<>"",AM14<>""),IF(AB14<>AB15,((AM14*24*60) / 2 ) * (1 + POWER(((AP14*24*60) / (AM14*24*60)),2)),""),"") | AS14: =IF(AR14<>"",MAX(AQ14,AR14),"") | AT14: =IF(AJ14<>"H. Sale Real",IF(AND(AJ15<>"",LEFT(AD15,2)<>"NC"),IF(AND(AJ14<>"",LEFT(AD14,2)<>"NC",AJ14<>"H. Sale Real"),IF(AJ15-AJ14<0.208333333333333,AJ15-AJ14,""),IF(AND(AJ13<>"",LEFT(AD13,2)<>"NC",AJ13<>"H. Sale Real"),IF(AJ15-AJ13<0.208333333333333,AJ15-AJ13,""),IF(AND(AJ12<>"",LEFT(AD12,2)<>"NC",AJ12<>"H. Sale Real"),IF(AJ15-AJ12<0.208333333333333,AJ15-AJ12,""),IF(AND(AJ11<>"",LEFT(AD11,2)<>"NC",AJ11<>"H. Sale Real"),IF(AJ15-AJ11<0.208333333333333,AJ15-AJ11,""),IF(AND(AJ10<>"",LEFT(AD10,2)<>"NC",AJ10<>"H. Sale Real"),IF(AJ15-AJ10<0.208333333333333,AJ15-AJ10,""),""))))),""),"") | AU14: =IF(AH14<>"H. Sale Real",IF(AND(AH15<>"",LEFT(AD15,2)<>"NC"),IF(AND(AH14<>"",LEFT(AD14,2)<>"NC",AH14<>"H. Sale Real"),IF(AH15-AH14<0.208333333333333,AH15-AH14,""),IF(AND(AH13<>"",LEFT(AD13,2)<>"NC",AH13<>"H. Sale Real"),IF(AH15-AH13<0.208333333333333,AH15-AH13,""),IF(AND(AH12<>"",LEFT(AD12,2)<>"NC",AH12<>"H. Sale Real"),IF(AH15-AH12<0.208333333333333,AH15-AH12,""),IF(AND(AH11<>"",LEFT(AD11,2)<>"NC",AH11<>"H. Sale Real"),IF(AH15-AH11<0.208333333333333,AH15-AH11,""),IF(AND(AH10<>"",LEFT(AD10,2)<>"NC",AH10<>"H. Sale Real"),IF(AH15-AH10<0.208333333333333,AH15-AH10,""),""))))),""),"") | AX14: {=IF(AH14<>"",IF(AND(AX12:AX13<>"IE",AQ14<>0,AS14<>""),IF(IFERROR((AQ14/AS14),0) <=1,IFERROR(AQ14/AS14,""),1),""),"")} | BC14: 2 | BD14: =COUNTIFS($A:$A,$BC14,$C:$C,$BC$11) -> 0 | BE14: =BD14-COUNTIFS($A:$A,$BC14,$C:$C,$BC$11,$H:$H,"") -> 0 | BF14: =IFERROR((BE14/BD14),"") | BG14: =_xlfn.XLOOKUP(BC14,$A:$A,$R:$R,"0",0,-1) -> 0 | BH14: =_xlfn.XLOOKUP(BC14,$A:$A,$P:$P,"0",0,-1) -> 0 | BI14: =_xlfn.XLOOKUP(BC14,$A:$A,$W:$W,"",0,-1) | BL14: 2 | BM14: =COUNTIFS($AB:$AB,$BL14,$AD:$AD,$BL$11) -> 0 | BN14: =BM14-COUNTIFS($AB:$AB,$BL14,$AD:$AD,$BL$11,$AI:$AI,"") -> 0 | BO14: =IFERROR((BN14/BM14),"") | BP14: =_xlfn.XLOOKUP(BL14,$AB:$AB,$AS:$AS,"0",0,-1) -> 0 | BQ14: =_xlfn.XLOOKUP(BL14,$AB:$AB,$AQ:$AQ,"0",0,-1) -> 0 | BR14: =_xlfn.XLOOKUP(BL14,$AB:$AB,$AX:$AX,"",0,-1)
A15: =HOUR(G15)+1 -> 1 | D15: =IFERROR( IF(AND(OR(Planilla!B15="C",Planilla!B15="c"), VLOOKUP(E15,[1]Diccionario!B:N,13,0)="C"), "OK",IF(AND(OR(Planilla!B15="C",Planilla!B15="c"), OR(VLOOKUP(E15,[1]Diccionario!B:N,13,0)="B", VLOOKUP(E15,[1]Diccionario!B:N,13,0)="A")), "DEFICIT",IF( AND(OR(Planilla!B15="B", Planilla!B15="BPAL"), VLOOKUP(E15,[1]Diccionario!B:N,13,0)="B"), "OK",IF(AND(OR(Planilla!B15="B", Planilla!B15="BPAL"), VLOOKUP(E15,[1]Diccionario!B:N,13,0)="A"), "DEFICIT",IF(AND(OR(Planilla!B15="B", Planilla!B15="BPAL"), VLOOKUP(E15,[1]Diccionario!B:N,13,0)="C"), "SOBREOFERTA",IF(AND(Planilla!B15="A", VLOOKUP(E15,[1]Diccionario!B:N,13,0)="A"), "OK",IF( AND(Planilla!B15="A", OR(VLOOKUP(E15,[1]Diccionario!B:N,13,0)="B", VLOOKUP(E15,[1]Diccionario!B:N,13,0)="C")), "SOBREOFERTA","" ))))))),"") | F15: =+IF(G15="","",INT(G15*48+1.00001)) | H15: =IF(I15="","",IF(AND((I15-G15)>=TIME(0,0,0),(I15-G15)<TIME(0,3,0)),"OK",IF(AND((I15-G15)>=TIME(0,3,0),(I15-G15)<TIME(0,5,0)),"RETRASO DE 3-5 MIN",IF(AND((I15-G15)>=TIME(0,5,0),(I15-G15)<TIME(0,10,0)),"RETRASO DE 5-10 MIN",IF((I15-G15)>=TIME(0,10,0),"RETRASO >10 MIN", IF(AND((G15-I15)>=TIME(0,0,0),(G15-I15)<TIME(0,3,0)),"OK",IF((G15-I15)>=TIME(0,3,0),"ADELANTADO"))))))) | J15: =IF(A15<>"",HLOOKUP(VALUE(TEXT(G15,"h:mm:ss")),IF($C$6="Laboral",[1]Input!$A$4:$Y$227,IF($C$6="Sábado",[1]Input!$A$231:$Y$452,[1]Input!$A$456:$Y$656)),VLOOKUP($C$4,[1]Input!$AG$2:$AI$99,3,0)+IF(C$5="Ida",0,1),1),"") -> #N/A | K15: =IF(A16<>A15,AVERAGEIF(A$9:A15,A15,J$13:J15),"") | L15: =IFERROR(IF(A16<>A15,AVERAGEIF(A$9:A15,A15,S$13:S15),""),"") | M15: =IFERROR(IF(A16<>A15,AVERAGEIF(A$9:A15,A15,T$8:T15),""),"") | N15: {=IFERROR(IF(A16<>A15,_xlfn.STDEV.P(IF(A$9:A15=A15,T$7:T15)),""),"")} | O15: {=IFERROR(IF(A16<>A15,_xlfn.STDEV.P(IF(A$9:A15=A15,S$7:S15)),""),"")} | P15: =IFERROR(IF(A15<>A16,MAX((((M15*24*60)/2)*(1+POWER((((N15*24*60) / (M15*24*60) )),2))) + ((M15*24*60 )*-0.1 + (K15*0.015)) +1,(((M15*24*60)/2)*(1+POWER((((N15*24*60) / (M15*24*60 ))),2)))),""),"") | Q15: =IF(AND(O15<>"",L15<>""),IF(A15<>A16,((L15*24*60) / 2 ) * (1 + POWER(((O15*24*60) / (L15*24*60)),2)),""),"") | R15: =IF(Q15<>"",MAX(P15,Q15),"") | S15: =IF(I15<>"H. Sale Real",IF(AND(I16<>"",LEFT(C16,2)<>"NC"),IF(AND(I15<>"",LEFT(C15,2)<>"NC",I15<>"H. Sale Real"),IF(I16-I15<0.208333333333333,I16-I15,""),IF(AND(I14<>"",LEFT(C14,2)<>"NC",I14<>"H. Sale Real"),IF(I16-I14<0.208333333333333,I16-I14,""),IF(AND(I13<>"",LEFT(C13,2)<>"NC",I13<>"H. Sale Real"),IF(I16-I13<0.208333333333333,I16-I13,""),IF(AND(I12<>"",LEFT(C12,2)<>"NC",I12<>"H. Sale Real"),IF(I16-I12<0.208333333333333,I16-I12,""),IF(AND(I11<>"",LEFT(C11,2)<>"NC",I11<>"H. Sale Real"),IF(I16-I11<0.208333333333333,I16-I11,""),""))))),""),"") | T15: =IF(G15<>"H. Sale Real",IF(AND(G16<>"",LEFT(C16,2)<>"NC"),IF(AND(G15<>"",LEFT(C15,2)<>"NC",G15<>"H. Sale Real"),IF(G16-G15<0.208333333333333,G16-G15,""),IF(AND(G14<>"",LEFT(C14,2)<>"NC",G14<>"H. Sale Real"),IF(G16-G14<0.208333333333333,G16-G14,""),IF(AND(G13<>"",LEFT(C13,2)<>"NC",G13<>"H. Sale Real"),IF(G16-G13<0.208333333333333,G16-G13,""),IF(AND(G12<>"",LEFT(C12,2)<>"NC",G12<>"H. Sale Real"),IF(G16-G12<0.208333333333333,G16-G12,""),IF(AND(G11<>"",LEFT(C11,2)<>"NC",G11<>"H. Sale Real"),IF(G16-G11<0.208333333333333,G16-G11,""),""))))),""),"") | W15: =IF(G15<>"",IF(AND(W14<>"IE",P15<>0,R15<>""),IF(IFERROR((P15/R15),0) <=1,IFERROR(P15/R15,""),1),""),"") | AB15: =HOUR(AH15)+1 -> 1 | AE15: =IFERROR( IF(AND(OR(AC15="C",AC15="c"), VLOOKUP(AF15,[1]Diccionario!B:N,13,0)="C"), "OK",IF(AND(OR(AC15="C",AC15="c"), OR(VLOOKUP(AF15,[1]Diccionario!B:N,13,0)="B", VLOOKUP(AF15,[1]Diccionario!B:N,13,0)="A")), "DEFICIT",IF( AND(OR(AC15="B", AC15="BPAL"), VLOOKUP(AF15,[1]Diccionario!B:N,13,0)="B"), "OK",IF(AND(OR(AC15="B", AC15="BPAL"), VLOOKUP(AF15,[1]Diccionario!B:N,13,0)="A"), "DEFICIT",IF(AND(OR(AC15="B", AC15="BPAL"), VLOOKUP(AF15,[1]Diccionario!B:N,13,0)="C"), "SOBREOFERTA",IF(AND(AC15="A", VLOOKUP(AF15,[1]Diccionario!B:N,13,0)="A"), "OK",IF( AND(AC15="A", OR(VLOOKUP(AF15,[1]Diccionario!B:N,13,0)="B", VLOOKUP(AF15,[1]Diccionario!B:N,13,0)="C")), "SOBREOFERTA","" ))))))),"") | AI15: =IF(AJ15="","",IF(AND((AJ15-AH15)>=TIME(0,0,0),(AJ15-AH15)<TIME(0,3,0)),"OK",IF(AND((AJ15-AH15)>=TIME(0,3,0),(AJ15-AH15)<TIME(0,5,0)),"RETRASO DE 3-5 MIN",IF(AND((AJ15-AH15)>=TIME(0,5,0),(AJ15-AH15)<TIME(0,10,0)),"RETRASO DE 5-10 MIN",IF((AJ15-AH15)>=TIME(0,10,0),"RETRASO >10 MIN", IF(AND((AH15-AJ15)>=TIME(0,0,0),(AH15-AJ15)<TIME(0,3,0)),"OK",IF((AH15-AJ15)>=TIME(0,3,0),"ADELANTADO"))))))) | AK15: =IF(AB15<>"",HLOOKUP(VALUE(TEXT(AH15,"h:mm:ss")),IF($C$6="Laboral",[1]Input!$A$4:$Y$227,IF($C$6="Sábado",[1]Input!$A$231:$Y$452,[1]Input!$A$456:$Y$656)),VLOOKUP($C$4,[1]Input!$AG$2:$AI$99,3,0)+IF(AD$5="Ida",0,1),1),"") -> #N/A | AL15: =IF(AB16<>AB15,AVERAGEIF(AB$9:AB15,AB15,AK$9:AK15),"") | AM15: =IFERROR(IF(AB16<>AB15,AVERAGEIF(AB$9:AB15,AB15,AT$9:AT15),""),"") | AN15: =IFERROR(IF(AB16<>AB15,AVERAGEIF(AB$9:AB15,AB15,AU$9:AU15),""),"") | AO15: {=IFERROR(IF(AB16<>AB15,_xlfn.STDEV.P(IF(AB$9:AB15=AB15,AU$9:AU15)),""),"")} | AP15: {=IFERROR(IF(AB16<>AB15,_xlfn.STDEV.P(IF(AB$9:AB15=AB15,AT$9:AT15)),""),"")} | AQ15: =IFERROR(IF(AB15<>AB16,MAX((((AN15*24*60)/2)*(1+POWER((((AO15*24*60) / (AN15*24*60) )),2))) + ((AN15*24*60 )*-0.1 + (AL15*0.015)) +1,(((AN15*24*60)/2)*(1+POWER((((AO15*24*60) / (AN15*24*60 ))),2)))),""),"") | AR15: =IF(AND(AP15<>"",AM15<>""),IF(AB15<>AB16,((AM15*24*60) / 2 ) * (1 + POWER(((AP15*24*60) / (AM15*24*60)),2)),""),"") | AS15: =IF(AR15<>"",MAX(AQ15,AR15),"") | AT15: =IF(AJ15<>"H. Sale Real",IF(AND(AJ16<>"",LEFT(AD16,2)<>"NC"),IF(AND(AJ15<>"",LEFT(AD15,2)<>"NC",AJ15<>"H. Sale Real"),IF(AJ16-AJ15<0.208333333333333,AJ16-AJ15,""),IF(AND(AJ14<>"",LEFT(AD14,2)<>"NC",AJ14<>"H. Sale Real"),IF(AJ16-AJ14<0.208333333333333,AJ16-AJ14,""),IF(AND(AJ13<>"",LEFT(AD13,2)<>"NC",AJ13<>"H. Sale Real"),IF(AJ16-AJ13<0.208333333333333,AJ16-AJ13,""),IF(AND(AJ12<>"",LEFT(AD12,2)<>"NC",AJ12<>"H. Sale Real"),IF(AJ16-AJ12<0.208333333333333,AJ16-AJ12,""),IF(AND(AJ11<>"",LEFT(AD11,2)<>"NC",AJ11<>"H. Sale Real"),IF(AJ16-AJ11<0.208333333333333,AJ16-AJ11,""),""))))),""),"") | AU15: =IF(AH15<>"H. Sale Real",IF(AND(AH16<>"",LEFT(AD16,2)<>"NC"),IF(AND(AH15<>"",LEFT(AD15,2)<>"NC",AH15<>"H. Sale Real"),IF(AH16-AH15<0.208333333333333,AH16-AH15,""),IF(AND(AH14<>"",LEFT(AD14,2)<>"NC",AH14<>"H. Sale Real"),IF(AH16-AH14<0.208333333333333,AH16-AH14,""),IF(AND(AH13<>"",LEFT(AD13,2)<>"NC",AH13<>"H. Sale Real"),IF(AH16-AH13<0.208333333333333,AH16-AH13,""),IF(AND(AH12<>"",LEFT(AD12,2)<>"NC",AH12<>"H. Sale Real"),IF(AH16-AH12<0.208333333333333,AH16-AH12,""),IF(AND(AH11<>"",LEFT(AD11,2)<>"NC",AH11<>"H. Sale Real"),IF(AH16-AH11<0.208333333333333,AH16-AH11,""),""))))),""),"") | AX15: {=IF(AH15<>"",IF(AND(AX13:AX14<>"IE",AQ15<>0,AS15<>""),IF(IFERROR((AQ15/AS15),0) <=1,IFERROR(AQ15/AS15,""),1),""),"")} | BC15: 3 | BD15: =COUNTIFS($A:$A,$BC15,$C:$C,$BC$11) -> 0 | BE15: =BD15-COUNTIFS($A:$A,$BC15,$C:$C,$BC$11,$H:$H,"") -> 0 | BF15: =IFERROR((BE15/BD15),"") | BG15: =_xlfn.XLOOKUP(BC15,$A:$A,$R:$R,"0",0,-1) -> 0 | BH15: =_xlfn.XLOOKUP(BC15,$A:$A,$P:$P,"0",0,-1) -> 0 | BI15: =_xlfn.XLOOKUP(BC15,$A:$A,$W:$W,"",0,-1) | BL15: 3 | BM15: =COUNTIFS($AB:$AB,$BL15,$AD:$AD,$BL$11) -> 0 | BN15: =BM15-COUNTIFS($AB:$AB,$BL15,$AD:$AD,$BL$11,$AI:$AI,"") -> 0 | BO15: =IFERROR((BN15/BM15),"") | BP15: =_xlfn.XLOOKUP(BL15,$AB:$AB,$AS:$AS,"0",0,-1) -> 0 | BQ15: =_xlfn.XLOOKUP(BL15,$AB:$AB,$AQ:$AQ,"0",0,-1) -> 0 | BR15: =_xlfn.XLOOKUP(BL15,$AB:$AB,$AX:$AX,"",0,-1)
A16: =HOUR(G16)+1 -> 1 | D16: =IFERROR( IF(AND(OR(Planilla!B16="C",Planilla!B16="c"), VLOOKUP(E16,[1]Diccionario!B:N,13,0)="C"), "OK",IF(AND(OR(Planilla!B16="C",Planilla!B16="c"), OR(VLOOKUP(E16,[1]Diccionario!B:N,13,0)="B", VLOOKUP(E16,[1]Diccionario!B:N,13,0)="A")), "DEFICIT",IF( AND(OR(Planilla!B16="B", Planilla!B16="BPAL"), VLOOKUP(E16,[1]Diccionario!B:N,13,0)="B"), "OK",IF(AND(OR(Planilla!B16="B", Planilla!B16="BPAL"), VLOOKUP(E16,[1]Diccionario!B:N,13,0)="A"), "DEFICIT",IF(AND(OR(Planilla!B16="B", Planilla!B16="BPAL"), VLOOKUP(E16,[1]Diccionario!B:N,13,0)="C"), "SOBREOFERTA",IF(AND(Planilla!B16="A", VLOOKUP(E16,[1]Diccionario!B:N,13,0)="A"), "OK",IF( AND(Planilla!B16="A", OR(VLOOKUP(E16,[1]Diccionario!B:N,13,0)="B", VLOOKUP(E16,[1]Diccionario!B:N,13,0)="C")), "SOBREOFERTA","" ))))))),"") | F16: =+IF(G16="","",INT(G16*48+1.00001)) | H16: =IF(I16="","",IF(AND((I16-G16)>=TIME(0,0,0),(I16-G16)<TIME(0,3,0)),"OK",IF(AND((I16-G16)>=TIME(0,3,0),(I16-G16)<TIME(0,5,0)),"RETRASO DE 3-5 MIN",IF(AND((I16-G16)>=TIME(0,5,0),(I16-G16)<TIME(0,10,0)),"RETRASO DE 5-10 MIN",IF((I16-G16)>=TIME(0,10,0),"RETRASO >10 MIN", IF(AND((G16-I16)>=TIME(0,0,0),(G16-I16)<TIME(0,3,0)),"OK",IF((G16-I16)>=TIME(0,3,0),"ADELANTADO"))))))) | J16: =IF(A16<>"",HLOOKUP(VALUE(TEXT(G16,"h:mm:ss")),IF($C$6="Laboral",[1]Input!$A$4:$Y$227,IF($C$6="Sábado",[1]Input!$A$231:$Y$452,[1]Input!$A$456:$Y$656)),VLOOKUP($C$4,[1]Input!$AG$2:$AI$99,3,0)+IF(C$5="Ida",0,1),1),"") -> #N/A | K16: =IF(A17<>A16,AVERAGEIF(A$9:A16,A16,J$13:J16),"") | L16: =IFERROR(IF(A17<>A16,AVERAGEIF(A$9:A16,A16,S$13:S16),""),"") | M16: =IFERROR(IF(A17<>A16,AVERAGEIF(A$9:A16,A16,T$8:T16),""),"") | N16: {=IFERROR(IF(A17<>A16,_xlfn.STDEV.P(IF(A$9:A16=A16,T$7:T16)),""),"")} | O16: {=IFERROR(IF(A17<>A16,_xlfn.STDEV.P(IF(A$9:A16=A16,S$7:S16)),""),"")} | P16: =IFERROR(IF(A16<>A17,MAX((((M16*24*60)/2)*(1+POWER((((N16*24*60) / (M16*24*60) )),2))) + ((M16*24*60 )*-0.1 + (K16*0.015)) +1,(((M16*24*60)/2)*(1+POWER((((N16*24*60) / (M16*24*60 ))),2)))),""),"") | Q16: =IF(AND(O16<>"",L16<>""),IF(A16<>A17,((L16*24*60) / 2 ) * (1 + POWER(((O16*24*60) / (L16*24*60)),2)),""),"") | R16: =IF(Q16<>"",MAX(P16,Q16),"") | S16: =IF(I16<>"H. Sale Real",IF(AND(I17<>"",LEFT(C17,2)<>"NC"),IF(AND(I16<>"",LEFT(C16,2)<>"NC",I16<>"H. Sale Real"),IF(I17-I16<0.208333333333333,I17-I16,""),IF(AND(I15<>"",LEFT(C15,2)<>"NC",I15<>"H. Sale Real"),IF(I17-I15<0.208333333333333,I17-I15,""),IF(AND(I14<>"",LEFT(C14,2)<>"NC",I14<>"H. Sale Real"),IF(I17-I14<0.208333333333333,I17-I14,""),IF(AND(I13<>"",LEFT(C13,2)<>"NC",I13<>"H. Sale Real"),IF(I17-I13<0.208333333333333,I17-I13,""),IF(AND(I12<>"",LEFT(C12,2)<>"NC",I12<>"H. Sale Real"),IF(I17-I12<0.208333333333333,I17-I12,""),""))))),""),"") | T16: =IF(G16<>"H. Sale Real",IF(AND(G17<>"",LEFT(C17,2)<>"NC"),IF(AND(G16<>"",LEFT(C16,2)<>"NC",G16<>"H. Sale Real"),IF(G17-G16<0.208333333333333,G17-G16,""),IF(AND(G15<>"",LEFT(C15,2)<>"NC",G15<>"H. Sale Real"),IF(G17-G15<0.208333333333333,G17-G15,""),IF(AND(G14<>"",LEFT(C14,2)<>"NC",G14<>"H. Sale Real"),IF(G17-G14<0.208333333333333,G17-G14,""),IF(AND(G13<>"",LEFT(C13,2)<>"NC",G13<>"H. Sale Real"),IF(G17-G13<0.208333333333333,G17-G13,""),IF(AND(G12<>"",LEFT(C12,2)<>"NC",G12<>"H. Sale Real"),IF(G17-G12<0.208333333333333,G17-G12,""),""))))),""),"") | W16: =IF(G16<>"",IF(AND(W15<>"IE",P16<>0,R16<>""),IF(IFERROR((P16/R16),0) <=1,IFERROR(P16/R16,""),1),""),"") | AB16: =HOUR(AH16)+1 -> 1 | AE16: =IFERROR( IF(AND(OR(AC16="C",AC16="c"), VLOOKUP(AF16,[1]Diccionario!B:N,13,0)="C"), "OK",IF(AND(OR(AC16="C",AC16="c"), OR(VLOOKUP(AF16,[1]Diccionario!B:N,13,0)="B", VLOOKUP(AF16,[1]Diccionario!B:N,13,0)="A")), "DEFICIT",IF( AND(OR(AC16="B", AC16="BPAL"), VLOOKUP(AF16,[1]Diccionario!B:N,13,0)="B"), "OK",IF(AND(OR(AC16="B", AC16="BPAL"), VLOOKUP(AF16,[1]Diccionario!B:N,13,0)="A"), "DEFICIT",IF(AND(OR(AC16="B", AC16="BPAL"), VLOOKUP(AF16,[1]Diccionario!B:N,13,0)="C"), "SOBREOFERTA",IF(AND(AC16="A", VLOOKUP(AF16,[1]Diccionario!B:N,13,0)="A"), "OK",IF( AND(AC16="A", OR(VLOOKUP(AF16,[1]Diccionario!B:N,13,0)="B", VLOOKUP(AF16,[1]Diccionario!B:N,13,0)="C")), "SOBREOFERTA","" ))))))),"") | AI16: =IF(AJ16="","",IF(AND((AJ16-AH16)>=TIME(0,0,0),(AJ16-AH16)<TIME(0,3,0)),"OK",IF(AND((AJ16-AH16)>=TIME(0,3,0),(AJ16-AH16)<TIME(0,5,0)),"RETRASO DE 3-5 MIN",IF(AND((AJ16-AH16)>=TIME(0,5,0),(AJ16-AH16)<TIME(0,10,0)),"RETRASO DE 5-10 MIN",IF((AJ16-AH16)>=TIME(0,10,0),"RETRASO >10 MIN", IF(AND((AH16-AJ16)>=TIME(0,0,0),(AH16-AJ16)<TIME(0,3,0)),"OK",IF((AH16-AJ16)>=TIME(0,3,0),"ADELANTADO"))))))) | AK16: =IF(AB16<>"",HLOOKUP(VALUE(TEXT(AH16,"h:mm:ss")),IF($C$6="Laboral",[1]Input!$A$4:$Y$227,IF($C$6="Sábado",[1]Input!$A$231:$Y$452,[1]Input!$A$456:$Y$656)),VLOOKUP($C$4,[1]Input!$AG$2:$AI$99,3,0)+IF(AD$5="Ida",0,1),1),"") -> #N/A | AL16: =IF(AB17<>AB16,AVERAGEIF(AB$9:AB16,AB16,AK$9:AK16),"") | AM16: =IFERROR(IF(AB17<>AB16,AVERAGEIF(AB$9:AB16,AB16,AT$9:AT16),""),"") | AN16: =IFERROR(IF(AB17<>AB16,AVERAGEIF(AB$9:AB16,AB16,AU$9:AU16),""),"") | AO16: {=IFERROR(IF(AB17<>AB16,_xlfn.STDEV.P(IF(AB$9:AB16=AB16,AU$9:AU16)),""),"")} | AP16: {=IFERROR(IF(AB17<>AB16,_xlfn.STDEV.P(IF(AB$9:AB16=AB16,AT$9:AT16)),""),"")} | AQ16: =IFERROR(IF(AB16<>AB17,MAX((((AN16*24*60)/2)*(1+POWER((((AO16*24*60) / (AN16*24*60) )),2))) + ((AN16*24*60 )*-0.1 + (AL16*0.015)) +1,(((AN16*24*60)/2)*(1+POWER((((AO16*24*60) / (AN16*24*60 ))),2)))),""),"") | AR16: =IF(AND(AP16<>"",AM16<>""),IF(AB16<>AB17,((AM16*24*60) / 2 ) * (1 + POWER(((AP16*24*60) / (AM16*24*60)),2)),""),"") | AS16: =IF(AR16<>"",MAX(AQ16,AR16),"") | AT16: =IF(AJ16<>"H. Sale Real",IF(AND(AJ17<>"",LEFT(AD17,2)<>"NC"),IF(AND(AJ16<>"",LEFT(AD16,2)<>"NC",AJ16<>"H. Sale Real"),IF(AJ17-AJ16<0.208333333333333,AJ17-AJ16,""),IF(AND(AJ15<>"",LEFT(AD15,2)<>"NC",AJ15<>"H. Sale Real"),IF(AJ17-AJ15<0.208333333333333,AJ17-AJ15,""),IF(AND(AJ14<>"",LEFT(AD14,2)<>"NC",AJ14<>"H. Sale Real"),IF(AJ17-AJ14<0.208333333333333,AJ17-AJ14,""),IF(AND(AJ13<>"",LEFT(AD13,2)<>"NC",AJ13<>"H. Sale Real"),IF(AJ17-AJ13<0.208333333333333,AJ17-AJ13,""),IF(AND(AJ12<>"",LEFT(AD12,2)<>"NC",AJ12<>"H. Sale Real"),IF(AJ17-AJ12<0.208333333333333,AJ17-AJ12,""),""))))),""),"") | AU16: =IF(AH16<>"H. Sale Real",IF(AND(AH17<>"",LEFT(AD17,2)<>"NC"),IF(AND(AH16<>"",LEFT(AD16,2)<>"NC",AH16<>"H. Sale Real"),IF(AH17-AH16<0.208333333333333,AH17-AH16,""),IF(AND(AH15<>"",LEFT(AD15,2)<>"NC",AH15<>"H. Sale Real"),IF(AH17-AH15<0.208333333333333,AH17-AH15,""),IF(AND(AH14<>"",LEFT(AD14,2)<>"NC",AH14<>"H. Sale Real"),IF(AH17-AH14<0.208333333333333,AH17-AH14,""),IF(AND(AH13<>"",LEFT(AD13,2)<>"NC",AH13<>"H. Sale Real"),IF(AH17-AH13<0.208333333333333,AH17-AH13,""),IF(AND(AH12<>"",LEFT(AD12,2)<>"NC",AH12<>"H. Sale Real"),IF(AH17-AH12<0.208333333333333,AH17-AH12,""),""))))),""),"") | AX16: {=IF(AH16<>"",IF(AND(AX14:AX15<>"IE",AQ16<>0,AS16<>""),IF(IFERROR((AQ16/AS16),0) <=1,IFERROR(AQ16/AS16,""),1),""),"")} | BC16: 4 | BD16: =COUNTIFS($A:$A,$BC16,$C:$C,$BC$11) -> 0 | BE16: =BD16-COUNTIFS($A:$A,$BC16,$C:$C,$BC$11,$H:$H,"") -> 0 | BF16: =IFERROR((BE16/BD16),"") | BG16: =_xlfn.XLOOKUP(BC16,$A:$A,$R:$R,"0",0,-1) -> 0 | BH16: =_xlfn.XLOOKUP(BC16,$A:$A,$P:$P,"0",0,-1) -> 0 | BI16: =_xlfn.XLOOKUP(BC16,$A:$A,$W:$W,"",0,-1) | BL16: 4 | BM16: =COUNTIFS($AB:$AB,$BL16,$AD:$AD,$BL$11) -> 0 | BN16: =BM16-COUNTIFS($AB:$AB,$BL16,$AD:$AD,$BL$11,$AI:$AI,"") -> 0 | BO16: =IFERROR((BN16/BM16),"") | BP16: =_xlfn.XLOOKUP(BL16,$AB:$AB,$AS:$AS,"0",0,-1) -> 0 | BQ16: =_xlfn.XLOOKUP(BL16,$AB:$AB,$AQ:$AQ,"0",0,-1) -> 0 | BR16: =_xlfn.XLOOKUP(BL16,$AB:$AB,$AX:$AX,"",0,-1)
A17: =HOUR(G17)+1 -> 1 | D17: =IFERROR( IF(AND(OR(Planilla!B17="C",Planilla!B17="c"), VLOOKUP(E17,[1]Diccionario!B:N,13,0)="C"), "OK",IF(AND(OR(Planilla!B17="C",Planilla!B17="c"), OR(VLOOKUP(E17,[1]Diccionario!B:N,13,0)="B", VLOOKUP(E17,[1]Diccionario!B:N,13,0)="A")), "DEFICIT",IF( AND(OR(Planilla!B17="B", Planilla!B17="BPAL"), VLOOKUP(E17,[1]Diccionario!B:N,13,0)="B"), "OK",IF(AND(OR(Planilla!B17="B", Planilla!B17="BPAL"), VLOOKUP(E17,[1]Diccionario!B:N,13,0)="A"), "DEFICIT",IF(AND(OR(Planilla!B17="B", Planilla!B17="BPAL"), VLOOKUP(E17,[1]Diccionario!B:N,13,0)="C"), "SOBREOFERTA",IF(AND(Planilla!B17="A", VLOOKUP(E17,[1]Diccionario!B:N,13,0)="A"), "OK",IF( AND(Planilla!B17="A", OR(VLOOKUP(E17,[1]Diccionario!B:N,13,0)="B", VLOOKUP(E17,[1]Diccionario!B:N,13,0)="C")), "SOBREOFERTA","" ))))))),"") | F17: =+IF(G17="","",INT(G17*48+1.00001)) | H17: =IF(I17="","",IF(AND((I17-G17)>=TIME(0,0,0),(I17-G17)<TIME(0,3,0)),"OK",IF(AND((I17-G17)>=TIME(0,3,0),(I17-G17)<TIME(0,5,0)),"RETRASO DE 3-5 MIN",IF(AND((I17-G17)>=TIME(0,5,0),(I17-G17)<TIME(0,10,0)),"RETRASO DE 5-10 MIN",IF((I17-G17)>=TIME(0,10,0),"RETRASO >10 MIN", IF(AND((G17-I17)>=TIME(0,0,0),(G17-I17)<TIME(0,3,0)),"OK",IF((G17-I17)>=TIME(0,3,0),"ADELANTADO"))))))) | J17: =IF(A17<>"",HLOOKUP(VALUE(TEXT(G17,"h:mm:ss")),IF($C$6="Laboral",[1]Input!$A$4:$Y$227,IF($C$6="Sábado",[1]Input!$A$231:$Y$452,[1]Input!$A$456:$Y$656)),VLOOKUP($C$4,[1]Input!$AG$2:$AI$99,3,0)+IF(C$5="Ida",0,1),1),"") -> #N/A | K17: =IF(A18<>A17,AVERAGEIF(A$9:A17,A17,J$13:J17),"") | L17: =IFERROR(IF(A18<>A17,AVERAGEIF(A$9:A17,A17,S$13:S17),""),"") | M17: =IFERROR(IF(A18<>A17,AVERAGEIF(A$9:A17,A17,T$8:T17),""),"") | N17: {=IFERROR(IF(A18<>A17,_xlfn.STDEV.P(IF(A$9:A17=A17,T$7:T17)),""),"")} | O17: {=IFERROR(IF(A18<>A17,_xlfn.STDEV.P(IF(A$9:A17=A17,S$7:S17)),""),"")} | P17: =IFERROR(IF(A17<>A18,MAX((((M17*24*60)/2)*(1+POWER((((N17*24*60) / (M17*24*60) )),2))) + ((M17*24*60 )*-0.1 + (K17*0.015)) +1,(((M17*24*60)/2)*(1+POWER((((N17*24*60) / (M17*24*60 ))),2)))),""),"") | Q17: =IF(AND(O17<>"",L17<>""),IF(A17<>A18,((L17*24*60) / 2 ) * (1 + POWER(((O17*24*60) / (L17*24*60)),2)),""),"") | R17: =IF(Q17<>"",MAX(P17,Q17),"") | S17: =IF(I17<>"H. Sale Real",IF(AND(I18<>"",LEFT(C18,2)<>"NC"),IF(AND(I17<>"",LEFT(C17,2)<>"NC",I17<>"H. Sale Real"),IF(I18-I17<0.208333333333333,I18-I17,""),IF(AND(I16<>"",LEFT(C16,2)<>"NC",I16<>"H. Sale Real"),IF(I18-I16<0.208333333333333,I18-I16,""),IF(AND(I15<>"",LEFT(C15,2)<>"NC",I15<>"H. Sale Real"),IF(I18-I15<0.208333333333333,I18-I15,""),IF(AND(I14<>"",LEFT(C14,2)<>"NC",I14<>"H. Sale Real"),IF(I18-I14<0.208333333333333,I18-I14,""),IF(AND(I13<>"",LEFT(C13,2)<>"NC",I13<>"H. Sale Real"),IF(I18-I13<0.208333333333333,I18-I13,""),""))))),""),"") | T17: =IF(G17<>"H. Sale Real",IF(AND(G18<>"",LEFT(C18,2)<>"NC"),IF(AND(G17<>"",LEFT(C17,2)<>"NC",G17<>"H. Sale Real"),IF(G18-G17<0.208333333333333,G18-G17,""),IF(AND(G16<>"",LEFT(C16,2)<>"NC",G16<>"H. Sale Real"),IF(G18-G16<0.208333333333333,G18-G16,""),IF(AND(G15<>"",LEFT(C15,2)<>"NC",G15<>"H. Sale Real"),IF(G18-G15<0.208333333333333,G18-G15,""),IF(AND(G14<>"",LEFT(C14,2)<>"NC",G14<>"H. Sale Real"),IF(G18-G14<0.208333333333333,G18-G14,""),IF(AND(G13<>"",LEFT(C13,2)<>"NC",G13<>"H. Sale Real"),IF(G18-G13<0.208333333333333,G18-G13,""),""))))),""),"") | W17: =IF(G17<>"",IF(AND(W16<>"IE",P17<>0,R17<>""),IF(IFERROR((P17/R17),0) <=1,IFERROR(P17/R17,""),1),""),"") | AB17: =HOUR(AH17)+1 -> 1 | AE17: =IFERROR( IF(AND(OR(AC17="C",AC17="c"), VLOOKUP(AF17,[1]Diccionario!B:N,13,0)="C"), "OK",IF(AND(OR(AC17="C",AC17="c"), OR(VLOOKUP(AF17,[1]Diccionario!B:N,13,0)="B", VLOOKUP(AF17,[1]Diccionario!B:N,13,0)="A")), "DEFICIT",IF( AND(OR(AC17="B", AC17="BPAL"), VLOOKUP(AF17,[1]Diccionario!B:N,13,0)="B"), "OK",IF(AND(OR(AC17="B", AC17="BPAL"), VLOOKUP(AF17,[1]Diccionario!B:N,13,0)="A"), "DEFICIT",IF(AND(OR(AC17="B", AC17="BPAL"), VLOOKUP(AF17,[1]Diccionario!B:N,13,0)="C"), "SOBREOFERTA",IF(AND(AC17="A", VLOOKUP(AF17,[1]Diccionario!B:N,13,0)="A"), "OK",IF( AND(AC17="A", OR(VLOOKUP(AF17,[1]Diccionario!B:N,13,0)="B", VLOOKUP(AF17,[1]Diccionario!B:N,13,0)="C")), "SOBREOFERTA","" ))))))),"") | AI17: =IF(AJ17="","",IF(AND((AJ17-AH17)>=TIME(0,0,0),(AJ17-AH17)<TIME(0,3,0)),"OK",IF(AND((AJ17-AH17)>=TIME(0,3,0),(AJ17-AH17)<TIME(0,5,0)),"RETRASO DE 3-5 MIN",IF(AND((AJ17-AH17)>=TIME(0,5,0),(AJ17-AH17)<TIME(0,10,0)),"RETRASO DE 5-10 MIN",IF((AJ17-AH17)>=TIME(0,10,0),"RETRASO >10 MIN", IF(AND((AH17-AJ17)>=TIME(0,0,0),(AH17-AJ17)<TIME(0,3,0)),"OK",IF((AH17-AJ17)>=TIME(0,3,0),"ADELANTADO"))))))) | AK17: =IF(AB17<>"",HLOOKUP(VALUE(TEXT(AH17,"h:mm:ss")),IF($C$6="Laboral",[1]Input!$A$4:$Y$227,IF($C$6="Sábado",[1]Input!$A$231:$Y$452,[1]Input!$A$456:$Y$656)),VLOOKUP($C$4,[1]Input!$AG$2:$AI$99,3,0)+IF(AD$5="Ida",0,1),1),"") -> #N/A | AL17: =IF(AB18<>AB17,AVERAGEIF(AB$9:AB17,AB17,AK$9:AK17),"") | AM17: =IFERROR(IF(AB18<>AB17,AVERAGEIF(AB$9:AB17,AB17,AT$9:AT17),""),"") | AN17: =IFERROR(IF(AB18<>AB17,AVERAGEIF(AB$9:AB17,AB17,AU$9:AU17),""),"") | AO17: {=IFERROR(IF(AB18<>AB17,_xlfn.STDEV.P(IF(AB$9:AB17=AB17,AU$9:AU17)),""),"")} | AP17: {=IFERROR(IF(AB18<>AB17,_xlfn.STDEV.P(IF(AB$9:AB17=AB17,AT$9:AT17)),""),"")} | AQ17: =IFERROR(IF(AB17<>AB18,MAX((((AN17*24*60)/2)*(1+POWER((((AO17*24*60) / (AN17*24*60) )),2))) + ((AN17*24*60 )*-0.1 + (AL17*0.015)) +1,(((AN17*24*60)/2)*(1+POWER((((AO17*24*60) / (AN17*24*60 ))),2)))),""),"") | AR17: =IF(AND(AP17<>"",AM17<>""),IF(AB17<>AB18,((AM17*24*60) / 2 ) * (1 + POWER(((AP17*24*60) / (AM17*24*60)),2)),""),"") | AS17: =IF(AR17<>"",MAX(AQ17,AR17),"") | AT17: =IF(AJ17<>"H. Sale Real",IF(AND(AJ18<>"",LEFT(AD18,2)<>"NC"),IF(AND(AJ17<>"",LEFT(AD17,2)<>"NC",AJ17<>"H. Sale Real"),IF(AJ18-AJ17<0.208333333333333,AJ18-AJ17,""),IF(AND(AJ16<>"",LEFT(AD16,2)<>"NC",AJ16<>"H. Sale Real"),IF(AJ18-AJ16<0.208333333333333,AJ18-AJ16,""),IF(AND(AJ15<>"",LEFT(AD15,2)<>"NC",AJ15<>"H. Sale Real"),IF(AJ18-AJ15<0.208333333333333,AJ18-AJ15,""),IF(AND(AJ14<>"",LEFT(AD14,2)<>"NC",AJ14<>"H. Sale Real"),IF(AJ18-AJ14<0.208333333333333,AJ18-AJ14,""),IF(AND(AJ13<>"",LEFT(AD13,2)<>"NC",AJ13<>"H. Sale Real"),IF(AJ18-AJ13<0.208333333333333,AJ18-AJ13,""),""))))),""),"") | AU17: =IF(AH17<>"H. Sale Real",IF(AND(AH18<>"",LEFT(AD18,2)<>"NC"),IF(AND(AH17<>"",LEFT(AD17,2)<>"NC",AH17<>"H. Sale Real"),IF(AH18-AH17<0.208333333333333,AH18-AH17,""),IF(AND(AH16<>"",LEFT(AD16,2)<>"NC",AH16<>"H. Sale Real"),IF(AH18-AH16<0.208333333333333,AH18-AH16,""),IF(AND(AH15<>"",LEFT(AD15,2)<>"NC",AH15<>"H. Sale Real"),IF(AH18-AH15<0.208333333333333,AH18-AH15,""),IF(AND(AH14<>"",LEFT(AD14,2)<>"NC",AH14<>"H. Sale Real"),IF(AH18-AH14<0.208333333333333,AH18-AH14,""),IF(AND(AH13<>"",LEFT(AD13,2)<>"NC",AH13<>"H. Sale Real"),IF(AH18-AH13<0.208333333333333,AH18-AH13,""),""))))),""),"") | AX17: {=IF(AH17<>"",IF(AND(AX15:AX16<>"IE",AQ17<>0,AS17<>""),IF(IFERROR((AQ17/AS17),0) <=1,IFERROR(AQ17/AS17,""),1),""),"")} | BC17: 5 | BD17: =COUNTIFS($A:$A,$BC17,$C:$C,$BC$11) -> 0 | BE17: =BD17-COUNTIFS($A:$A,$BC17,$C:$C,$BC$11,$H:$H,"") -> 0 | BF17: =IFERROR((BE17/BD17),"") | BG17: =_xlfn.XLOOKUP(BC17,$A:$A,$R:$R,"0",0,-1) -> 0 | BH17: =_xlfn.XLOOKUP(BC17,$A:$A,$P:$P,"0",0,-1) -> 0 | BI17: =_xlfn.XLOOKUP(BC17,$A:$A,$W:$W,"",0,-1) | BL17: 5 | BM17: =COUNTIFS($AB:$AB,$BL17,$AD:$AD,$BL$11) -> 0 | BN17: =BM17-COUNTIFS($AB:$AB,$BL17,$AD:$AD,$BL$11,$AI:$AI,"") -> 0 | BO17: =IFERROR((BN17/BM17),"") | BP17: =_xlfn.XLOOKUP(BL17,$AB:$AB,$AS:$AS,"0",0,-1) -> 0 | BQ17: =_xlfn.XLOOKUP(BL17,$AB:$AB,$AQ:$AQ,"0",0,-1) -> 0 | BR17: =_xlfn.XLOOKUP(BL17,$AB:$AB,$AX:$AX,"",0,-1)
A18: =HOUR(G18)+1 -> 1 | D18: =IFERROR( IF(AND(OR(Planilla!B18="C",Planilla!B18="c"), VLOOKUP(E18,[1]Diccionario!B:N,13,0)="C"), "OK",IF(AND(OR(Planilla!B18="C",Planilla!B18="c"), OR(VLOOKUP(E18,[1]Diccionario!B:N,13,0)="B", VLOOKUP(E18,[1]Diccionario!B:N,13,0)="A")), "DEFICIT",IF( AND(OR(Planilla!B18="B", Planilla!B18="BPAL"), VLOOKUP(E18,[1]Diccionario!B:N,13,0)="B"), "OK",IF(AND(OR(Planilla!B18="B", Planilla!B18="BPAL"), VLOOKUP(E18,[1]Diccionario!B:N,13,0)="A"), "DEFICIT",IF(AND(OR(Planilla!B18="B", Planilla!B18="BPAL"), VLOOKUP(E18,[1]Diccionario!B:N,13,0)="C"), "SOBREOFERTA",IF(AND(Planilla!B18="A", VLOOKUP(E18,[1]Diccionario!B:N,13,0)="A"), "OK",IF( AND(Planilla!B18="A", OR(VLOOKUP(E18,[1]Diccionario!B:N,13,0)="B", VLOOKUP(E18,[1]Diccionario!B:N,13,0)="C")), "SOBREOFERTA","" ))))))),"") | F18: =+IF(G18="","",INT(G18*48+1.00001)) | H18: =IF(I18="","",IF(AND((I18-G18)>=TIME(0,0,0),(I18-G18)<TIME(0,3,0)),"OK",IF(AND((I18-G18)>=TIME(0,3,0),(I18-G18)<TIME(0,5,0)),"RETRASO DE 3-5 MIN",IF(AND((I18-G18)>=TIME(0,5,0),(I18-G18)<TIME(0,10,0)),"RETRASO DE 5-10 MIN",IF((I18-G18)>=TIME(0,10,0),"RETRASO >10 MIN", IF(AND((G18-I18)>=TIME(0,0,0),(G18-I18)<TIME(0,3,0)),"OK",IF((G18-I18)>=TIME(0,3,0),"ADELANTADO"))))))) | J18: =IF(A18<>"",HLOOKUP(VALUE(TEXT(G18,"h:mm:ss")),IF($C$6="Laboral",[1]Input!$A$4:$Y$227,IF($C$6="Sábado",[1]Input!$A$231:$Y$452,[1]Input!$A$456:$Y$656)),VLOOKUP($C$4,[1]Input!$AG$2:$AI$99,3,0)+IF(C$5="Ida",0,1),1),"") -> #N/A | K18: =IF(A19<>A18,AVERAGEIF(A$9:A18,A18,J$13:J18),"") | L18: =IFERROR(IF(A19<>A18,AVERAGEIF(A$9:A18,A18,S$13:S18),""),"") | M18: =IFERROR(IF(A19<>A18,AVERAGEIF(A$9:A18,A18,T$8:T18),""),"") | N18: {=IFERROR(IF(A19<>A18,_xlfn.STDEV.P(IF(A$9:A18=A18,T$7:T18)),""),"")} | O18: {=IFERROR(IF(A19<>A18,_xlfn.STDEV.P(IF(A$9:A18=A18,S$7:S18)),""),"")} | P18: =IFERROR(IF(A18<>A19,MAX((((M18*24*60)/2)*(1+POWER((((N18*24*60) / (M18*24*60) )),2))) + ((M18*24*60 )*-0.1 + (K18*0.015)) +1,(((M18*24*60)/2)*(1+POWER((((N18*24*60) / (M18*24*60 ))),2)))),""),"") | Q18: =IF(AND(O18<>"",L18<>""),IF(A18<>A19,((L18*24*60) / 2 ) * (1 + POWER(((O18*24*60) / (L18*24*60)),2)),""),"") | R18: =IF(Q18<>"",MAX(P18,Q18),"") | S18: =IF(I18<>"H. Sale Real",IF(AND(I19<>"",LEFT(C19,2)<>"NC"),IF(AND(I18<>"",LEFT(C18,2)<>"NC",I18<>"H. Sale Real"),IF(I19-I18<0.208333333333333,I19-I18,""),IF(AND(I17<>"",LEFT(C17,2)<>"NC",I17<>"H. Sale Real"),IF(I19-I17<0.208333333333333,I19-I17,""),IF(AND(I16<>"",LEFT(C16,2)<>"NC",I16<>"H. Sale Real"),IF(I19-I16<0.208333333333333,I19-I16,""),IF(AND(I15<>"",LEFT(C15,2)<>"NC",I15<>"H. Sale Real"),IF(I19-I15<0.208333333333333,I19-I15,""),IF(AND(I14<>"",LEFT(C14,2)<>"NC",I14<>"H. Sale Real"),IF(I19-I14<0.208333333333333,I19-I14,""),""))))),""),"") | T18: =IF(G18<>"H. Sale Real",IF(AND(G19<>"",LEFT(C19,2)<>"NC"),IF(AND(G18<>"",LEFT(C18,2)<>"NC",G18<>"H. Sale Real"),IF(G19-G18<0.208333333333333,G19-G18,""),IF(AND(G17<>"",LEFT(C17,2)<>"NC",G17<>"H. Sale Real"),IF(G19-G17<0.208333333333333,G19-G17,""),IF(AND(G16<>"",LEFT(C16,2)<>"NC",G16<>"H. Sale Real"),IF(G19-G16<0.208333333333333,G19-G16,""),IF(AND(G15<>"",LEFT(C15,2)<>"NC",G15<>"H. Sale Real"),IF(G19-G15<0.208333333333333,G19-G15,""),IF(AND(G14<>"",LEFT(C14,2)<>"NC",G14<>"H. Sale Real"),IF(G19-G14<0.208333333333333,G19-G14,""),""))))),""),"") | W18: =IF(G18<>"",IF(AND(W17<>"IE",P18<>0,R18<>""),IF(IFERROR((P18/R18),0) <=1,IFERROR(P18/R18,""),1),""),"") | AB18: =HOUR(AH18)+1 -> 1 | AE18: =IFERROR( IF(AND(OR(AC18="C",AC18="c"), VLOOKUP(AF18,[1]Diccionario!B:N,13,0)="C"), "OK",IF(AND(OR(AC18="C",AC18="c"), OR(VLOOKUP(AF18,[1]Diccionario!B:N,13,0)="B", VLOOKUP(AF18,[1]Diccionario!B:N,13,0)="A")), "DEFICIT",IF( AND(OR(AC18="B", AC18="BPAL"), VLOOKUP(AF18,[1]Diccionario!B:N,13,0)="B"), "OK",IF(AND(OR(AC18="B", AC18="BPAL"), VLOOKUP(AF18,[1]Diccionario!B:N,13,0)="A"), "DEFICIT",IF(AND(OR(AC18="B", AC18="BPAL"), VLOOKUP(AF18,[1]Diccionario!B:N,13,0)="C"), "SOBREOFERTA",IF(AND(AC18="A", VLOOKUP(AF18,[1]Diccionario!B:N,13,0)="A"), "OK",IF( AND(AC18="A", OR(VLOOKUP(AF18,[1]Diccionario!B:N,13,0)="B", VLOOKUP(AF18,[1]Diccionario!B:N,13,0)="C")), "SOBREOFERTA","" ))))))),"") | AI18: =IF(AJ18="","",IF(AND((AJ18-AH18)>=TIME(0,0,0),(AJ18-AH18)<TIME(0,3,0)),"OK",IF(AND((AJ18-AH18)>=TIME(0,3,0),(AJ18-AH18)<TIME(0,5,0)),"RETRASO DE 3-5 MIN",IF(AND((AJ18-AH18)>=TIME(0,5,0),(AJ18-AH18)<TIME(0,10,0)),"RETRASO DE 5-10 MIN",IF((AJ18-AH18)>=TIME(0,10,0),"RETRASO >10 MIN", IF(AND((AH18-AJ18)>=TIME(0,0,0),(AH18-AJ18)<TIME(0,3,0)),"OK",IF((AH18-AJ18)>=TIME(0,3,0),"ADELANTADO"))))))) | AK18: =IF(AB18<>"",HLOOKUP(VALUE(TEXT(AH18,"h:mm:ss")),IF($C$6="Laboral",[1]Input!$A$4:$Y$227,IF($C$6="Sábado",[1]Input!$A$231:$Y$452,[1]Input!$A$456:$Y$656)),VLOOKUP($C$4,[1]Input!$AG$2:$AI$99,3,0)+IF(AD$5="Ida",0,1),1),"") -> #N/A | AL18: =IF(AB19<>AB18,AVERAGEIF(AB$9:AB18,AB18,AK$9:AK18),"") | AM18: =IFERROR(IF(AB19<>AB18,AVERAGEIF(AB$9:AB18,AB18,AT$9:AT18),""),"") | AN18: =IFERROR(IF(AB19<>AB18,AVERAGEIF(AB$9:AB18,AB18,AU$9:AU18),""),"") | AO18: {=IFERROR(IF(AB19<>AB18,_xlfn.STDEV.P(IF(AB$9:AB18=AB18,AU$9:AU18)),""),"")} | AP18: {=IFERROR(IF(AB19<>AB18,_xlfn.STDEV.P(IF(AB$9:AB18=AB18,AT$9:AT18)),""),"")} | AQ18: =IFERROR(IF(AB18<>AB19,MAX((((AN18*24*60)/2)*(1+POWER((((AO18*24*60) / (AN18*24*60) )),2))) + ((AN18*24*60 )*-0.1 + (AL18*0.015)) +1,(((AN18*24*60)/2)*(1+POWER((((AO18*24*60) / (AN18*24*60 ))),2)))),""),"") | AR18: =IF(AND(AP18<>"",AM18<>""),IF(AB18<>AB19,((AM18*24*60) / 2 ) * (1 + POWER(((AP18*24*60) / (AM18*24*60)),2)),""),"") | AS18: =IF(AR18<>"",MAX(AQ18,AR18),"") | AT18: =IF(AJ18<>"H. Sale Real",IF(AND(AJ19<>"",LEFT(AD19,2)<>"NC"),IF(AND(AJ18<>"",LEFT(AD18,2)<>"NC",AJ18<>"H. Sale Real"),IF(AJ19-AJ18<0.208333333333333,AJ19-AJ18,""),IF(AND(AJ17<>"",LEFT(AD17,2)<>"NC",AJ17<>"H. Sale Real"),IF(AJ19-AJ17<0.208333333333333,AJ19-AJ17,""),IF(AND(AJ16<>"",LEFT(AD16,2)<>"NC",AJ16<>"H. Sale Real"),IF(AJ19-AJ16<0.208333333333333,AJ19-AJ16,""),IF(AND(AJ15<>"",LEFT(AD15,2)<>"NC",AJ15<>"H. Sale Real"),IF(AJ19-AJ15<0.208333333333333,AJ19-AJ15,""),IF(AND(AJ14<>"",LEFT(AD14,2)<>"NC",AJ14<>"H. Sale Real"),IF(AJ19-AJ14<0.208333333333333,AJ19-AJ14,""),""))))),""),"") | AU18: =IF(AH18<>"H. Sale Real",IF(AND(AH19<>"",LEFT(AD19,2)<>"NC"),IF(AND(AH18<>"",LEFT(AD18,2)<>"NC",AH18<>"H. Sale Real"),IF(AH19-AH18<0.208333333333333,AH19-AH18,""),IF(AND(AH17<>"",LEFT(AD17,2)<>"NC",AH17<>"H. Sale Real"),IF(AH19-AH17<0.208333333333333,AH19-AH17,""),IF(AND(AH16<>"",LEFT(AD16,2)<>"NC",AH16<>"H. Sale Real"),IF(AH19-AH16<0.208333333333333,AH19-AH16,""),IF(AND(AH15<>"",LEFT(AD15,2)<>"NC",AH15<>"H. Sale Real"),IF(AH19-AH15<0.208333333333333,AH19-AH15,""),IF(AND(AH14<>"",LEFT(AD14,2)<>"NC",AH14<>"H. Sale Real"),IF(AH19-AH14<0.208333333333333,AH19-AH14,""),""))))),""),"") | AX18: {=IF(AH18<>"",IF(AND(AX16:AX17<>"IE",AQ18<>0,AS18<>""),IF(IFERROR((AQ18/AS18),0) <=1,IFERROR(AQ18/AS18,""),1),""),"")} | BC18: 6 | BD18: =COUNTIFS($A:$A,$BC18,$C:$C,$BC$11) -> 0 | BE18: =BD18-COUNTIFS($A:$A,$BC18,$C:$C,$BC$11,$H:$H,"") -> 0 | BF18: =IFERROR((BE18/BD18),"") | BG18: =_xlfn.XLOOKUP(BC18,$A:$A,$R:$R,"0",0,-1) -> 0 | BH18: =_xlfn.XLOOKUP(BC18,$A:$A,$P:$P,"0",0,-1) -> 0 | BI18: =_xlfn.XLOOKUP(BC18,$A:$A,$W:$W,"",0,-1) | BL18: 6 | BM18: =COUNTIFS($AB:$AB,$BL18,$AD:$AD,$BL$11) -> 0 | BN18: =BM18-COUNTIFS($AB:$AB,$BL18,$AD:$AD,$BL$11,$AI:$AI,"") -> 0 | BO18: =IFERROR((BN18/BM18),"") | BP18: =_xlfn.XLOOKUP(BL18,$AB:$AB,$AS:$AS,"0",0,-1) -> 0 | BQ18: =_xlfn.XLOOKUP(BL18,$AB:$AB,$AQ:$AQ,"0",0,-1) -> 0 | BR18: =_xlfn.XLOOKUP(BL18,$AB:$AB,$AX:$AX,"",0,-1)
A19: =HOUR(G19)+1 -> 1 | D19: =IFERROR( IF(AND(OR(Planilla!B19="C",Planilla!B19="c"), VLOOKUP(E19,[1]Diccionario!B:N,13,0)="C"), "OK",IF(AND(OR(Planilla!B19="C",Planilla!B19="c"), OR(VLOOKUP(E19,[1]Diccionario!B:N,13,0)="B", VLOOKUP(E19,[1]Diccionario!B:N,13,0)="A")), "DEFICIT",IF( AND(OR(Planilla!B19="B", Planilla!B19="BPAL"), VLOOKUP(E19,[1]Diccionario!B:N,13,0)="B"), "OK",IF(AND(OR(Planilla!B19="B", Planilla!B19="BPAL"), VLOOKUP(E19,[1]Diccionario!B:N,13,0)="A"), "DEFICIT",IF(AND(OR(Planilla!B19="B", Planilla!B19="BPAL"), VLOOKUP(E19,[1]Diccionario!B:N,13,0)="C"), "SOBREOFERTA",IF(AND(Planilla!B19="A", VLOOKUP(E19,[1]Diccionario!B:N,13,0)="A"), "OK",IF( AND(Planilla!B19="A", OR(VLOOKUP(E19,[1]Diccionario!B:N,13,0)="B", VLOOKUP(E19,[1]Diccionario!B:N,13,0)="C")), "SOBREOFERTA","" ))))))),"") | F19: =+IF(G19="","",INT(G19*48+1.00001)) | H19: =IF(I19="","",IF(AND((I19-G19)>=TIME(0,0,0),(I19-G19)<TIME(0,3,0)),"OK",IF(AND((I19-G19)>=TIME(0,3,0),(I19-G19)<TIME(0,5,0)),"RETRASO DE 3-5 MIN",IF(AND((I19-G19)>=TIME(0,5,0),(I19-G19)<TIME(0,10,0)),"RETRASO DE 5-10 MIN",IF((I19-G19)>=TIME(0,10,0),"RETRASO >10 MIN", IF(AND((G19-I19)>=TIME(0,0,0),(G19-I19)<TIME(0,3,0)),"OK",IF((G19-I19)>=TIME(0,3,0),"ADELANTADO"))))))) | J19: =IF(A19<>"",HLOOKUP(VALUE(TEXT(G19,"h:mm:ss")),IF($C$6="Laboral",[1]Input!$A$4:$Y$227,IF($C$6="Sábado",[1]Input!$A$231:$Y$452,[1]Input!$A$456:$Y$656)),VLOOKUP($C$4,[1]Input!$AG$2:$AI$99,3,0)+IF(C$5="Ida",0,1),1),"") -> #N/A | K19: =IF(A20<>A19,AVERAGEIF(A$9:A19,A19,J$13:J19),"") | L19: =IFERROR(IF(A20<>A19,AVERAGEIF(A$9:A19,A19,S$13:S19),""),"") | M19: =IFERROR(IF(A20<>A19,AVERAGEIF(A$9:A19,A19,T$8:T19),""),"") | N19: {=IFERROR(IF(A20<>A19,_xlfn.STDEV.P(IF(A$9:A19=A19,T$7:T19)),""),"")} | O19: {=IFERROR(IF(A20<>A19,_xlfn.STDEV.P(IF(A$9:A19=A19,S$7:S19)),""),"")} | P19: =IFERROR(IF(A19<>A20,MAX((((M19*24*60)/2)*(1+POWER((((N19*24*60) / (M19*24*60) )),2))) + ((M19*24*60 )*-0.1 + (K19*0.015)) +1,(((M19*24*60)/2)*(1+POWER((((N19*24*60) / (M19*24*60 ))),2)))),""),"") | Q19: =IF(AND(O19<>"",L19<>""),IF(A19<>A20,((L19*24*60) / 2 ) * (1 + POWER(((O19*24*60) / (L19*24*60)),2)),""),"") | R19: =IF(Q19<>"",MAX(P19,Q19),"") | S19: =IF(I19<>"H. Sale Real",IF(AND(I20<>"",LEFT(C20,2)<>"NC"),IF(AND(I19<>"",LEFT(C19,2)<>"NC",I19<>"H. Sale Real"),IF(I20-I19<0.208333333333333,I20-I19,""),IF(AND(I18<>"",LEFT(C18,2)<>"NC",I18<>"H. Sale Real"),IF(I20-I18<0.208333333333333,I20-I18,""),IF(AND(I17<>"",LEFT(C17,2)<>"NC",I17<>"H. Sale Real"),IF(I20-I17<0.208333333333333,I20-I17,""),IF(AND(I16<>"",LEFT(C16,2)<>"NC",I16<>"H. Sale Real"),IF(I20-I16<0.208333333333333,I20-I16,""),IF(AND(I15<>"",LEFT(C15,2)<>"NC",I15<>"H. Sale Real"),IF(I20-I15<0.208333333333333,I20-I15,""),""))))),""),"") | T19: =IF(G19<>"H. Sale Real",IF(AND(G20<>"",LEFT(C20,2)<>"NC"),IF(AND(G19<>"",LEFT(C19,2)<>"NC",G19<>"H. Sale Real"),IF(G20-G19<0.208333333333333,G20-G19,""),IF(AND(G18<>"",LEFT(C18,2)<>"NC",G18<>"H. Sale Real"),IF(G20-G18<0.208333333333333,G20-G18,""),IF(AND(G17<>"",LEFT(C17,2)<>"NC",G17<>"H. Sale Real"),IF(G20-G17<0.208333333333333,G20-G17,""),IF(AND(G16<>"",LEFT(C16,2)<>"NC",G16<>"H. Sale Real"),IF(G20-G16<0.208333333333333,G20-G16,""),IF(AND(G15<>"",LEFT(C15,2)<>"NC",G15<>"H. Sale Real"),IF(G20-G15<0.208333333333333,G20-G15,""),""))))),""),"") | W19: =IF(G19<>"",IF(AND(W18<>"IE",P19<>0,R19<>""),IF(IFERROR((P19/R19),0) <=1,IFERROR(P19/R19,""),1),""),"") | AB19: =HOUR(AH19)+1 -> 1 | AE19: =IFERROR( IF(AND(OR(AC19="C",AC19="c"), VLOOKUP(AF19,[1]Diccionario!B:N,13,0)="C"), "OK",IF(AND(OR(AC19="C",AC19="c"), OR(VLOOKUP(AF19,[1]Diccionario!B:N,13,0)="B", VLOOKUP(AF19,[1]Diccionario!B:N,13,0)="A")), "DEFICIT",IF( AND(OR(AC19="B", AC19="BPAL"), VLOOKUP(AF19,[1]Diccionario!B:N,13,0)="B"), "OK",IF(AND(OR(AC19="B", AC19="BPAL"), VLOOKUP(AF19,[1]Diccionario!B:N,13,0)="A"), "DEFICIT",IF(AND(OR(AC19="B", AC19="BPAL"), VLOOKUP(AF19,[1]Diccionario!B:N,13,0)="C"), "SOBREOFERTA",IF(AND(AC19="A", VLOOKUP(AF19,[1]Diccionario!B:N,13,0)="A"), "OK",IF( AND(AC19="A", OR(VLOOKUP(AF19,[1]Diccionario!B:N,13,0)="B", VLOOKUP(AF19,[1]Diccionario!B:N,13,0)="C")), "SOBREOFERTA","" ))))))),"") | AI19: =IF(AJ19="","",IF(AND((AJ19-AH19)>=TIME(0,0,0),(AJ19-AH19)<TIME(0,3,0)),"OK",IF(AND((AJ19-AH19)>=TIME(0,3,0),(AJ19-AH19)<TIME(0,5,0)),"RETRASO DE 3-5 MIN",IF(AND((AJ19-AH19)>=TIME(0,5,0),(AJ19-AH19)<TIME(0,10,0)),"RETRASO DE 5-10 MIN",IF((AJ19-AH19)>=TIME(0,10,0),"RETRASO >10 MIN", IF(AND((AH19-AJ19)>=TIME(0,0,0),(AH19-AJ19)<TIME(0,3,0)),"OK",IF((AH19-AJ19)>=TIME(0,3,0),"ADELANTADO"))))))) | AK19: =IF(AB19<>"",HLOOKUP(VALUE(TEXT(AH19,"h:mm:ss")),IF($C$6="Laboral",[1]Input!$A$4:$Y$227,IF($C$6="Sábado",[1]Input!$A$231:$Y$452,[1]Input!$A$456:$Y$656)),VLOOKUP($C$4,[1]Input!$AG$2:$AI$99,3,0)+IF(AD$5="Ida",0,1),1),"") -> #N/A | AL19: =IF(AB20<>AB19,AVERAGEIF(AB$9:AB19,AB19,AK$9:AK19),"") | AM19: =IFERROR(IF(AB20<>AB19,AVERAGEIF(AB$9:AB19,AB19,AT$9:AT19),""),"") | AN19: =IFERROR(IF(AB20<>AB19,AVERAGEIF(AB$9:AB19,AB19,AU$9:AU19),""),"") | AO19: {=IFERROR(IF(AB20<>AB19,_xlfn.STDEV.P(IF(AB$9:AB19=AB19,AU$9:AU19)),""),"")} | AP19: {=IFERROR(IF(AB20<>AB19,_xlfn.STDEV.P(IF(AB$9:AB19=AB19,AT$9:AT19)),""),"")} | AQ19: =IFERROR(IF(AB19<>AB20,MAX((((AN19*24*60)/2)*(1+POWER((((AO19*24*60) / (AN19*24*60) )),2))) + ((AN19*24*60 )*-0.1 + (AL19*0.015)) +1,(((AN19*24*60)/2)*(1+POWER((((AO19*24*60) / (AN19*24*60 ))),2)))),""),"") | AR19: =IF(AND(AP19<>"",AM19<>""),IF(AB19<>AB20,((AM19*24*60) / 2 ) * (1 + POWER(((AP19*24*60) / (AM19*24*60)),2)),""),"") | AS19: =IF(AR19<>"",MAX(AQ19,AR19),"") | AT19: =IF(AJ19<>"H. Sale Real",IF(AND(AJ20<>"",LEFT(AD20,2)<>"NC"),IF(AND(AJ19<>"",LEFT(AD19,2)<>"NC",AJ19<>"H. Sale Real"),IF(AJ20-AJ19<0.208333333333333,AJ20-AJ19,""),IF(AND(AJ18<>"",LEFT(AD18,2)<>"NC",AJ18<>"H. Sale Real"),IF(AJ20-AJ18<0.208333333333333,AJ20-AJ18,""),IF(AND(AJ17<>"",LEFT(AD17,2)<>"NC",AJ17<>"H. Sale Real"),IF(AJ20-AJ17<0.208333333333333,AJ20-AJ17,""),IF(AND(AJ16<>"",LEFT(AD16,2)<>"NC",AJ16<>"H. Sale Real"),IF(AJ20-AJ16<0.208333333333333,AJ20-AJ16,""),IF(AND(AJ15<>"",LEFT(AD15,2)<>"NC",AJ15<>"H. Sale Real"),IF(AJ20-AJ15<0.208333333333333,AJ20-AJ15,""),""))))),""),"") | AU19: =IF(AH19<>"H. Sale Real",IF(AND(AH20<>"",LEFT(AD20,2)<>"NC"),IF(AND(AH19<>"",LEFT(AD19,2)<>"NC",AH19<>"H. Sale Real"),IF(AH20-AH19<0.208333333333333,AH20-AH19,""),IF(AND(AH18<>"",LEFT(AD18,2)<>"NC",AH18<>"H. Sale Real"),IF(AH20-AH18<0.208333333333333,AH20-AH18,""),IF(AND(AH17<>"",LEFT(AD17,2)<>"NC",AH17<>"H. Sale Real"),IF(AH20-AH17<0.208333333333333,AH20-AH17,""),IF(AND(AH16<>"",LEFT(AD16,2)<>"NC",AH16<>"H. Sale Real"),IF(AH20-AH16<0.208333333333333,AH20-AH16,""),IF(AND(AH15<>"",LEFT(AD15,2)<>"NC",AH15<>"H. Sale Real"),IF(AH20-AH15<0.208333333333333,AH20-AH15,""),""))))),""),"") | AX19: {=IF(AH19<>"",IF(AND(AX17:AX18<>"IE",AQ19<>0,AS19<>""),IF(IFERROR((AQ19/AS19),0) <=1,IFERROR(AQ19/AS19,""),1),""),"")} | BC19: 7 | BD19: =COUNTIFS($A:$A,$BC19,$C:$C,$BC$11) -> 0 | BE19: =BD19-COUNTIFS($A:$A,$BC19,$C:$C,$BC$11,$H:$H,"") -> 0 | BF19: =IFERROR((BE19/BD19),"") | BG19: =_xlfn.XLOOKUP(BC19,$A:$A,$R:$R,"0",0,-1) -> 0 | BH19: =_xlfn.XLOOKUP(BC19,$A:$A,$P:$P,"0",0,-1) -> 0 | BI19: =_xlfn.XLOOKUP(BC19,$A:$A,$W:$W,"",0,-1) | BL19: 7 | BM19: =COUNTIFS($AB:$AB,$BL19,$AD:$AD,$BL$11) -> 0 | BN19: =BM19-COUNTIFS($AB:$AB,$BL19,$AD:$AD,$BL$11,$AI:$AI,"") -> 0 | BO19: =IFERROR((BN19/BM19),"") | BP19: =_xlfn.XLOOKUP(BL19,$AB:$AB,$AS:$AS,"0",0,-1) -> 0 | BQ19: =_xlfn.XLOOKUP(BL19,$AB:$AB,$AQ:$AQ,"0",0,-1) -> 0 | BR19: =_xlfn.XLOOKUP(BL19,$AB:$AB,$AX:$AX,"",0,-1)
A20: =HOUR(G20)+1 -> 1 | D20: =IFERROR( IF(AND(OR(Planilla!B20="C",Planilla!B20="c"), VLOOKUP(E20,[1]Diccionario!B:N,13,0)="C"), "OK",IF(AND(OR(Planilla!B20="C",Planilla!B20="c"), OR(VLOOKUP(E20,[1]Diccionario!B:N,13,0)="B", VLOOKUP(E20,[1]Diccionario!B:N,13,0)="A")), "DEFICIT",IF( AND(OR(Planilla!B20="B", Planilla!B20="BPAL"), VLOOKUP(E20,[1]Diccionario!B:N,13,0)="B"), "OK",IF(AND(OR(Planilla!B20="B", Planilla!B20="BPAL"), VLOOKUP(E20,[1]Diccionario!B:N,13,0)="A"), "DEFICIT",IF(AND(OR(Planilla!B20="B", Planilla!B20="BPAL"), VLOOKUP(E20,[1]Diccionario!B:N,13,0)="C"), "SOBREOFERTA",IF(AND(Planilla!B20="A", VLOOKUP(E20,[1]Diccionario!B:N,13,0)="A"), "OK",IF( AND(Planilla!B20="A", OR(VLOOKUP(E20,[1]Diccionario!B:N,13,0)="B", VLOOKUP(E20,[1]Diccionario!B:N,13,0)="C")), "SOBREOFERTA","" ))))))),"") | F20: =+IF(G20="","",INT(G20*48+1.00001)) | H20: =IF(I20="","",IF(AND((I20-G20)>=TIME(0,0,0),(I20-G20)<TIME(0,3,0)),"OK",IF(AND((I20-G20)>=TIME(0,3,0),(I20-G20)<TIME(0,5,0)),"RETRASO DE 3-5 MIN",IF(AND((I20-G20)>=TIME(0,5,0),(I20-G20)<TIME(0,10,0)),"RETRASO DE 5-10 MIN",IF((I20-G20)>=TIME(0,10,0),"RETRASO >10 MIN", IF(AND((G20-I20)>=TIME(0,0,0),(G20-I20)<TIME(0,3,0)),"OK",IF((G20-I20)>=TIME(0,3,0),"ADELANTADO"))))))) | J20: =IF(A20<>"",HLOOKUP(VALUE(TEXT(G20,"h:mm:ss")),IF($C$6="Laboral",[1]Input!$A$4:$Y$227,IF($C$6="Sábado",[1]Input!$A$231:$Y$452,[1]Input!$A$456:$Y$656)),VLOOKUP($C$4,[1]Input!$AG$2:$AI$99,3,0)+IF(C$5="Ida",0,1),1),"") -> #N/A | K20: =IF(A21<>A20,AVERAGEIF(A$9:A20,A20,J$13:J20),"") | L20: =IFERROR(IF(A21<>A20,AVERAGEIF(A$9:A20,A20,S$13:S20),""),"") | M20: =IFERROR(IF(A21<>A20,AVERAGEIF(A$9:A20,A20,T$8:T20),""),"") | N20: {=IFERROR(IF(A21<>A20,_xlfn.STDEV.P(IF(A$9:A20=A20,T$7:T20)),""),"")} | O20: {=IFERROR(IF(A21<>A20,_xlfn.STDEV.P(IF(A$9:A20=A20,S$7:S20)),""),"")} | P20: =IFERROR(IF(A20<>A21,MAX((((M20*24*60)/2)*(1+POWER((((N20*24*60) / (M20*24*60) )),2))) + ((M20*24*60 )*-0.1 + (K20*0.015)) +1,(((M20*24*60)/2)*(1+POWER((((N20*24*60) / (M20*24*60 ))),2)))),""),"") | Q20: =IF(AND(O20<>"",L20<>""),IF(A20<>A21,((L20*24*60) / 2 ) * (1 + POWER(((O20*24*60) / (L20*24*60)),2)),""),"") | R20: =IF(Q20<>"",MAX(P20,Q20),"") | S20: =IF(I20<>"H. Sale Real",IF(AND(I21<>"",LEFT(C21,2)<>"NC"),IF(AND(I20<>"",LEFT(C20,2)<>"NC",I20<>"H. Sale Real"),IF(I21-I20<0.208333333333333,I21-I20,""),IF(AND(I19<>"",LEFT(C19,2)<>"NC",I19<>"H. Sale Real"),IF(I21-I19<0.208333333333333,I21-I19,""),IF(AND(I18<>"",LEFT(C18,2)<>"NC",I18<>"H. Sale Real"),IF(I21-I18<0.208333333333333,I21-I18,""),IF(AND(I17<>"",LEFT(C17,2)<>"NC",I17<>"H. Sale Real"),IF(I21-I17<0.208333333333333,I21-I17,""),IF(AND(I16<>"",LEFT(C16,2)<>"NC",I16<>"H. Sale Real"),IF(I21-I16<0.208333333333333,I21-I16,""),""))))),""),"") | T20: =IF(G20<>"H. Sale Real",IF(AND(G21<>"",LEFT(C21,2)<>"NC"),IF(AND(G20<>"",LEFT(C20,2)<>"NC",G20<>"H. Sale Real"),IF(G21-G20<0.208333333333333,G21-G20,""),IF(AND(G19<>"",LEFT(C19,2)<>"NC",G19<>"H. Sale Real"),IF(G21-G19<0.208333333333333,G21-G19,""),IF(AND(G18<>"",LEFT(C18,2)<>"NC",G18<>"H. Sale Real"),IF(G21-G18<0.208333333333333,G21-G18,""),IF(AND(G17<>"",LEFT(C17,2)<>"NC",G17<>"H. Sale Real"),IF(G21-G17<0.208333333333333,G21-G17,""),IF(AND(G16<>"",LEFT(C16,2)<>"NC",G16<>"H. Sale Real"),IF(G21-G16<0.208333333333333,G21-G16,""),""))))),""),"") | W20: =IF(G20<>"",IF(AND(W19<>"IE",P20<>0,R20<>""),IF(IFERROR((P20/R20),0) <=1,IFERROR(P20/R20,""),1),""),"") | AB20: =HOUR(AH20)+1 -> 1 | AE20: =IFERROR( IF(AND(OR(AC20="C",AC20="c"), VLOOKUP(AF20,[1]Diccionario!B:N,13,0)="C"), "OK",IF(AND(OR(AC20="C",AC20="c"), OR(VLOOKUP(AF20,[1]Diccionario!B:N,13,0)="B", VLOOKUP(AF20,[1]Diccionario!B:N,13,0)="A")), "DEFICIT",IF( AND(OR(AC20="B", AC20="BPAL"), VLOOKUP(AF20,[1]Diccionario!B:N,13,0)="B"), "OK",IF(AND(OR(AC20="B", AC20="BPAL"), VLOOKUP(AF20,[1]Diccionario!B:N,13,0)="A"), "DEFICIT",IF(AND(OR(AC20="B", AC20="BPAL"), VLOOKUP(AF20,[1]Diccionario!B:N,13,0)="C"), "SOBREOFERTA",IF(AND(AC20="A", VLOOKUP(AF20,[1]Diccionario!B:N,13,0)="A"), "OK",IF( AND(AC20="A", OR(VLOOKUP(AF20,[1]Diccionario!B:N,13,0)="B", VLOOKUP(AF20,[1]Diccionario!B:N,13,0)="C")), "SOBREOFERTA","" ))))))),"") | AI20: =IF(AJ20="","",IF(AND((AJ20-AH20)>=TIME(0,0,0),(AJ20-AH20)<TIME(0,3,0)),"OK",IF(AND((AJ20-AH20)>=TIME(0,3,0),(AJ20-AH20)<TIME(0,5,0)),"RETRASO DE 3-5 MIN",IF(AND((AJ20-AH20)>=TIME(0,5,0),(AJ20-AH20)<TIME(0,10,0)),"RETRASO DE 5-10 MIN",IF((AJ20-AH20)>=TIME(0,10,0),"RETRASO >10 MIN", IF(AND((AH20-AJ20)>=TIME(0,0,0),(AH20-AJ20)<TIME(0,3,0)),"OK",IF((AH20-AJ20)>=TIME(0,3,0),"ADELANTADO"))))))) | AK20: =IF(AB20<>"",HLOOKUP(VALUE(TEXT(AH20,"h:mm:ss")),IF($C$6="Laboral",[1]Input!$A$4:$Y$227,IF($C$6="Sábado",[1]Input!$A$231:$Y$452,[1]Input!$A$456:$Y$656)),VLOOKUP($C$4,[1]Input!$AG$2:$AI$99,3,0)+IF(AD$5="Ida",0,1),1),"") -> #N/A | AL20: =IF(AB21<>AB20,AVERAGEIF(AB$9:AB20,AB20,AK$9:AK20),"") | AM20: =IFERROR(IF(AB21<>AB20,AVERAGEIF(AB$9:AB20,AB20,AT$9:AT20),""),"") | AN20: =IFERROR(IF(AB21<>AB20,AVERAGEIF(AB$9:AB20,AB20,AU$9:AU20),""),"") | AO20: {=IFERROR(IF(AB21<>AB20,_xlfn.STDEV.P(IF(AB$9:AB20=AB20,AU$9:AU20)),""),"")} | AP20: {=IFERROR(IF(AB21<>AB20,_xlfn.STDEV.P(IF(AB$9:AB20=AB20,AT$9:AT20)),""),"")} | AQ20: =IFERROR(IF(AB20<>AB21,MAX((((AN20*24*60)/2)*(1+POWER((((AO20*24*60) / (AN20*24*60) )),2))) + ((AN20*24*60 )*-0.1 + (AL20*0.015)) +1,(((AN20*24*60)/2)*(1+POWER((((AO20*24*60) / (AN20*24*60 ))),2)))),""),"") | AR20: =IF(AND(AP20<>"",AM20<>""),IF(AB20<>AB21,((AM20*24*60) / 2 ) * (1 + POWER(((AP20*24*60) / (AM20*24*60)),2)),""),"") | AS20: =IF(AR20<>"",MAX(AQ20,AR20),"") | AT20: =IF(AJ20<>"H. Sale Real",IF(AND(AJ21<>"",LEFT(AD21,2)<>"NC"),IF(AND(AJ20<>"",LEFT(AD20,2)<>"NC",AJ20<>"H. Sale Real"),IF(AJ21-AJ20<0.208333333333333,AJ21-AJ20,""),IF(AND(AJ19<>"",LEFT(AD19,2)<>"NC",AJ19<>"H. Sale Real"),IF(AJ21-AJ19<0.208333333333333,AJ21-AJ19,""),IF(AND(AJ18<>"",LEFT(AD18,2)<>"NC",AJ18<>"H. Sale Real"),IF(AJ21-AJ18<0.208333333333333,AJ21-AJ18,""),IF(AND(AJ17<>"",LEFT(AD17,2)<>"NC",AJ17<>"H. Sale Real"),IF(AJ21-AJ17<0.208333333333333,AJ21-AJ17,""),IF(AND(AJ16<>"",LEFT(AD16,2)<>"NC",AJ16<>"H. Sale Real"),IF(AJ21-AJ16<0.208333333333333,AJ21-AJ16,""),""))))),""),"") | AU20: =IF(AH20<>"H. Sale Real",IF(AND(AH21<>"",LEFT(AD21,2)<>"NC"),IF(AND(AH20<>"",LEFT(AD20,2)<>"NC",AH20<>"H. Sale Real"),IF(AH21-AH20<0.208333333333333,AH21-AH20,""),IF(AND(AH19<>"",LEFT(AD19,2)<>"NC",AH19<>"H. Sale Real"),IF(AH21-AH19<0.208333333333333,AH21-AH19,""),IF(AND(AH18<>"",LEFT(AD18,2)<>"NC",AH18<>"H. Sale Real"),IF(AH21-AH18<0.208333333333333,AH21-AH18,""),IF(AND(AH17<>"",LEFT(AD17,2)<>"NC",AH17<>"H. Sale Real"),IF(AH21-AH17<0.208333333333333,AH21-AH17,""),IF(AND(AH16<>"",LEFT(AD16,2)<>"NC",AH16<>"H. Sale Real"),IF(AH21-AH16<0.208333333333333,AH21-AH16,""),""))))),""),"") | AX20: {=IF(AH20<>"",IF(AND(AX18:AX19<>"IE",AQ20<>0,AS20<>""),IF(IFERROR((AQ20/AS20),0) <=1,IFERROR(AQ20/AS20,""),1),""),"")} | BC20: 8 | BD20: =COUNTIFS($A:$A,$BC20,$C:$C,$BC$11) -> 0 | BE20: =BD20-COUNTIFS($A:$A,$BC20,$C:$C,$BC$11,$H:$H,"") -> 0 | BF20: =IFERROR((BE20/BD20),"") | BG20: =_xlfn.XLOOKUP(BC20,$A:$A,$R:$R,"0",0,-1) -> 0 | BH20: =_xlfn.XLOOKUP(BC20,$A:$A,$P:$P,"0",0,-1) -> 0 | BI20: =_xlfn.XLOOKUP(BC20,$A:$A,$W:$W,"",0,-1) | BL20: 8 | BM20: =COUNTIFS($AB:$AB,$BL20,$AD:$AD,$BL$11) -> 0 | BN20: =BM20-COUNTIFS($AB:$AB,$BL20,$AD:$AD,$BL$11,$AI:$AI,"") -> 0 | BO20: =IFERROR((BN20/BM20),"") | BP20: =_xlfn.XLOOKUP(BL20,$AB:$AB,$AS:$AS,"0",0,-1) -> 0 | BQ20: =_xlfn.XLOOKUP(BL20,$AB:$AB,$AQ:$AQ,"0",0,-1) -> 0 | BR20: =_xlfn.XLOOKUP(BL20,$AB:$AB,$AX:$AX,"",0,-1)
A21: =HOUR(G21)+1 -> 1 | D21: =IFERROR( IF(AND(OR(Planilla!B21="C",Planilla!B21="c"), VLOOKUP(E21,[1]Diccionario!B:N,13,0)="C"), "OK",IF(AND(OR(Planilla!B21="C",Planilla!B21="c"), OR(VLOOKUP(E21,[1]Diccionario!B:N,13,0)="B", VLOOKUP(E21,[1]Diccionario!B:N,13,0)="A")), "DEFICIT",IF( AND(OR(Planilla!B21="B", Planilla!B21="BPAL"), VLOOKUP(E21,[1]Diccionario!B:N,13,0)="B"), "OK",IF(AND(OR(Planilla!B21="B", Planilla!B21="BPAL"), VLOOKUP(E21,[1]Diccionario!B:N,13,0)="A"), "DEFICIT",IF(AND(OR(Planilla!B21="B", Planilla!B21="BPAL"), VLOOKUP(E21,[1]Diccionario!B:N,13,0)="C"), "SOBREOFERTA",IF(AND(Planilla!B21="A", VLOOKUP(E21,[1]Diccionario!B:N,13,0)="A"), "OK",IF( AND(Planilla!B21="A", OR(VLOOKUP(E21,[1]Diccionario!B:N,13,0)="B", VLOOKUP(E21,[1]Diccionario!B:N,13,0)="C")), "SOBREOFERTA","" ))))))),"") | F21: =+IF(G21="","",INT(G21*48+1.00001)) | H21: =IF(I21="","",IF(AND((I21-G21)>=TIME(0,0,0),(I21-G21)<TIME(0,3,0)),"OK",IF(AND((I21-G21)>=TIME(0,3,0),(I21-G21)<TIME(0,5,0)),"RETRASO DE 3-5 MIN",IF(AND((I21-G21)>=TIME(0,5,0),(I21-G21)<TIME(0,10,0)),"RETRASO DE 5-10 MIN",IF((I21-G21)>=TIME(0,10,0),"RETRASO >10 MIN", IF(AND((G21-I21)>=TIME(0,0,0),(G21-I21)<TIME(0,3,0)),"OK",IF((G21-I21)>=TIME(0,3,0),"ADELANTADO"))))))) | J21: =IF(A21<>"",HLOOKUP(VALUE(TEXT(G21,"h:mm:ss")),IF($C$6="Laboral",[1]Input!$A$4:$Y$227,IF($C$6="Sábado",[1]Input!$A$231:$Y$452,[1]Input!$A$456:$Y$656)),VLOOKUP($C$4,[1]Input!$AG$2:$AI$99,3,0)+IF(C$5="Ida",0,1),1),"") -> #N/A | K21: =IF(A22<>A21,AVERAGEIF(A$9:A21,A21,J$13:J21),"") | L21: =IFERROR(IF(A22<>A21,AVERAGEIF(A$9:A21,A21,S$13:S21),""),"") | M21: =IFERROR(IF(A22<>A21,AVERAGEIF(A$9:A21,A21,T$8:T21),""),"") | N21: {=IFERROR(IF(A22<>A21,_xlfn.STDEV.P(IF(A$9:A21=A21,T$7:T21)),""),"")} | O21: {=IFERROR(IF(A22<>A21,_xlfn.STDEV.P(IF(A$9:A21=A21,S$7:S21)),""),"")} | P21: =IFERROR(IF(A21<>A22,MAX((((M21*24*60)/2)*(1+POWER((((N21*24*60) / (M21*24*60) )),2))) + ((M21*24*60 )*-0.1 + (K21*0.015)) +1,(((M21*24*60)/2)*(1+POWER((((N21*24*60) / (M21*24*60 ))),2)))),""),"") | Q21: =IF(AND(O21<>"",L21<>""),IF(A21<>A22,((L21*24*60) / 2 ) * (1 + POWER(((O21*24*60) / (L21*24*60)),2)),""),"") | R21: =IF(Q21<>"",MAX(P21,Q21),"") | S21: =IF(I21<>"H. Sale Real",IF(AND(I22<>"",LEFT(C22,2)<>"NC"),IF(AND(I21<>"",LEFT(C21,2)<>"NC",I21<>"H. Sale Real"),IF(I22-I21<0.208333333333333,I22-I21,""),IF(AND(I20<>"",LEFT(C20,2)<>"NC",I20<>"H. Sale Real"),IF(I22-I20<0.208333333333333,I22-I20,""),IF(AND(I19<>"",LEFT(C19,2)<>"NC",I19<>"H. Sale Real"),IF(I22-I19<0.208333333333333,I22-I19,""),IF(AND(I18<>"",LEFT(C18,2)<>"NC",I18<>"H. Sale Real"),IF(I22-I18<0.208333333333333,I22-I18,""),IF(AND(I17<>"",LEFT(C17,2)<>"NC",I17<>"H. Sale Real"),IF(I22-I17<0.208333333333333,I22-I17,""),""))))),""),"") | T21: =IF(G21<>"H. Sale Real",IF(AND(G22<>"",LEFT(C22,2)<>"NC"),IF(AND(G21<>"",LEFT(C21,2)<>"NC",G21<>"H. Sale Real"),IF(G22-G21<0.208333333333333,G22-G21,""),IF(AND(G20<>"",LEFT(C20,2)<>"NC",G20<>"H. Sale Real"),IF(G22-G20<0.208333333333333,G22-G20,""),IF(AND(G19<>"",LEFT(C19,2)<>"NC",G19<>"H. Sale Real"),IF(G22-G19<0.208333333333333,G22-G19,""),IF(AND(G18<>"",LEFT(C18,2)<>"NC",G18<>"H. Sale Real"),IF(G22-G18<0.208333333333333,G22-G18,""),IF(AND(G17<>"",LEFT(C17,2)<>"NC",G17<>"H. Sale Real"),IF(G22-G17<0.208333333333333,G22-G17,""),""))))),""),"") | W21: =IF(G21<>"",IF(AND(W20<>"IE",P21<>0,R21<>""),IF(IFERROR((P21/R21),0) <=1,IFERROR(P21/R21,""),1),""),"") | AB21: =HOUR(AH21)+1 -> 1 | AE21: =IFERROR( IF(AND(OR(AC21="C",AC21="c"), VLOOKUP(AF21,[1]Diccionario!B:N,13,0)="C"), "OK",IF(AND(OR(AC21="C",AC21="c"), OR(VLOOKUP(AF21,[1]Diccionario!B:N,13,0)="B", VLOOKUP(AF21,[1]Diccionario!B:N,13,0)="A")), "DEFICIT",IF( AND(OR(AC21="B", AC21="BPAL"), VLOOKUP(AF21,[1]Diccionario!B:N,13,0)="B"), "OK",IF(AND(OR(AC21="B", AC21="BPAL"), VLOOKUP(AF21,[1]Diccionario!B:N,13,0)="A"), "DEFICIT",IF(AND(OR(AC21="B", AC21="BPAL"), VLOOKUP(AF21,[1]Diccionario!B:N,13,0)="C"), "SOBREOFERTA",IF(AND(AC21="A", VLOOKUP(AF21,[1]Diccionario!B:N,13,0)="A"), "OK",IF( AND(AC21="A", OR(VLOOKUP(AF21,[1]Diccionario!B:N,13,0)="B", VLOOKUP(AF21,[1]Diccionario!B:N,13,0)="C")), "SOBREOFERTA","" ))))))),"") | AI21: =IF(AJ21="","",IF(AND((AJ21-AH21)>=TIME(0,0,0),(AJ21-AH21)<TIME(0,3,0)),"OK",IF(AND((AJ21-AH21)>=TIME(0,3,0),(AJ21-AH21)<TIME(0,5,0)),"RETRASO DE 3-5 MIN",IF(AND((AJ21-AH21)>=TIME(0,5,0),(AJ21-AH21)<TIME(0,10,0)),"RETRASO DE 5-10 MIN",IF((AJ21-AH21)>=TIME(0,10,0),"RETRASO >10 MIN", IF(AND((AH21-AJ21)>=TIME(0,0,0),(AH21-AJ21)<TIME(0,3,0)),"OK",IF((AH21-AJ21)>=TIME(0,3,0),"ADELANTADO"))))))) | AK21: =IF(AB21<>"",HLOOKUP(VALUE(TEXT(AH21,"h:mm:ss")),IF($C$6="Laboral",[1]Input!$A$4:$Y$227,IF($C$6="Sábado",[1]Input!$A$231:$Y$452,[1]Input!$A$456:$Y$656)),VLOOKUP($C$4,[1]Input!$AG$2:$AI$99,3,0)+IF(AD$5="Ida",0,1),1),"") -> #N/A | AL21: =IF(AB22<>AB21,AVERAGEIF(AB$9:AB21,AB21,AK$9:AK21),"") | AM21: =IFERROR(IF(AB22<>AB21,AVERAGEIF(AB$9:AB21,AB21,AT$9:AT21),""),"") | AN21: =IFERROR(IF(AB22<>AB21,AVERAGEIF(AB$9:AB21,AB21,AU$9:AU21),""),"") | AO21: {=IFERROR(IF(AB22<>AB21,_xlfn.STDEV.P(IF(AB$9:AB21=AB21,AU$9:AU21)),""),"")} | AP21: {=IFERROR(IF(AB22<>AB21,_xlfn.STDEV.P(IF(AB$9:AB21=AB21,AT$9:AT21)),""),"")} | AQ21: =IFERROR(IF(AB21<>AB22,MAX((((AN21*24*60)/2)*(1+POWER((((AO21*24*60) / (AN21*24*60) )),2))) + ((AN21*24*60 )*-0.1 + (AL21*0.015)) +1,(((AN21*24*60)/2)*(1+POWER((((AO21*24*60) / (AN21*24*60 ))),2)))),""),"") | AR21: =IF(AND(AP21<>"",AM21<>""),IF(AB21<>AB22,((AM21*24*60) / 2 ) * (1 + POWER(((AP21*24*60) / (AM21*24*60)),2)),""),"") | AS21: =IF(AR21<>"",MAX(AQ21,AR21),"") | AT21: =IF(AJ21<>"H. Sale Real",IF(AND(AJ22<>"",LEFT(AD22,2)<>"NC"),IF(AND(AJ21<>"",LEFT(AD21,2)<>"NC",AJ21<>"H. Sale Real"),IF(AJ22-AJ21<0.208333333333333,AJ22-AJ21,""),IF(AND(AJ20<>"",LEFT(AD20,2)<>"NC",AJ20<>"H. Sale Real"),IF(AJ22-AJ20<0.208333333333333,AJ22-AJ20,""),IF(AND(AJ19<>"",LEFT(AD19,2)<>"NC",AJ19<>"H. Sale Real"),IF(AJ22-AJ19<0.208333333333333,AJ22-AJ19,""),IF(AND(AJ18<>"",LEFT(AD18,2)<>"NC",AJ18<>"H. Sale Real"),IF(AJ22-AJ18<0.208333333333333,AJ22-AJ18,""),IF(AND(AJ17<>"",LEFT(AD17,2)<>"NC",AJ17<>"H. Sale Real"),IF(AJ22-AJ17<0.208333333333333,AJ22-AJ17,""),""))))),""),"") | AU21: =IF(AH21<>"H. Sale Real",IF(AND(AH22<>"",LEFT(AD22,2)<>"NC"),IF(AND(AH21<>"",LEFT(AD21,2)<>"NC",AH21<>"H. Sale Real"),IF(AH22-AH21<0.208333333333333,AH22-AH21,""),IF(AND(AH20<>"",LEFT(AD20,2)<>"NC",AH20<>"H. Sale Real"),IF(AH22-AH20<0.208333333333333,AH22-AH20,""),IF(AND(AH19<>"",LEFT(AD19,2)<>"NC",AH19<>"H. Sale Real"),IF(AH22-AH19<0.208333333333333,AH22-AH19,""),IF(AND(AH18<>"",LEFT(AD18,2)<>"NC",AH18<>"H. Sale Real"),IF(AH22-AH18<0.208333333333333,AH22-AH18,""),IF(AND(AH17<>"",LEFT(AD17,2)<>"NC",AH17<>"H. Sale Real"),IF(AH22-AH17<0.208333333333333,AH22-AH17,""),""))))),""),"") | AX21: {=IF(AH21<>"",IF(AND(AX19:AX20<>"IE",AQ21<>0,AS21<>""),IF(IFERROR((AQ21/AS21),0) <=1,IFERROR(AQ21/AS21,""),1),""),"")} | BC21: 9 | BD21: =COUNTIFS($A:$A,$BC21,$C:$C,$BC$11) -> 0 | BE21: =BD21-COUNTIFS($A:$A,$BC21,$C:$C,$BC$11,$H:$H,"") -> 0 | BF21: =IFERROR((BE21/BD21),"") | BG21: =_xlfn.XLOOKUP(BC21,$A:$A,$R:$R,"0",0,-1) -> 0 | BH21: =_xlfn.XLOOKUP(BC21,$A:$A,$P:$P,"0",0,-1) -> 0 | BI21: =_xlfn.XLOOKUP(BC21,$A:$A,$W:$W,"",0,-1) | BL21: 9 | BM21: =COUNTIFS($AB:$AB,$BL21,$AD:$AD,$BL$11) -> 0 | BN21: =BM21-COUNTIFS($AB:$AB,$BL21,$AD:$AD,$BL$11,$AI:$AI,"") -> 0 | BO21: =IFERROR((BN21/BM21),"") | BP21: =_xlfn.XLOOKUP(BL21,$AB:$AB,$AS:$AS,"0",0,-1) -> 0 | BQ21: =_xlfn.XLOOKUP(BL21,$AB:$AB,$AQ:$AQ,"0",0,-1) -> 0 | BR21: =_xlfn.XLOOKUP(BL21,$AB:$AB,$AX:$AX,"",0,-1)
A22: =HOUR(G22)+1 -> 1 | D22: =IFERROR( IF(AND(OR(Planilla!B22="C",Planilla!B22="c"), VLOOKUP(E22,[1]Diccionario!B:N,13,0)="C"), "OK",IF(AND(OR(Planilla!B22="C",Planilla!B22="c"), OR(VLOOKUP(E22,[1]Diccionario!B:N,13,0)="B", VLOOKUP(E22,[1]Diccionario!B:N,13,0)="A")), "DEFICIT",IF( AND(OR(Planilla!B22="B", Planilla!B22="BPAL"), VLOOKUP(E22,[1]Diccionario!B:N,13,0)="B"), "OK",IF(AND(OR(Planilla!B22="B", Planilla!B22="BPAL"), VLOOKUP(E22,[1]Diccionario!B:N,13,0)="A"), "DEFICIT",IF(AND(OR(Planilla!B22="B", Planilla!B22="BPAL"), VLOOKUP(E22,[1]Diccionario!B:N,13,0)="C"), "SOBREOFERTA",IF(AND(Planilla!B22="A", VLOOKUP(E22,[1]Diccionario!B:N,13,0)="A"), "OK",IF( AND(Planilla!B22="A", OR(VLOOKUP(E22,[1]Diccionario!B:N,13,0)="B", VLOOKUP(E22,[1]Diccionario!B:N,13,0)="C")), "SOBREOFERTA","" ))))))),"") | F22: =+IF(G22="","",INT(G22*48+1.00001)) | H22: =IF(I22="","",IF(AND((I22-G22)>=TIME(0,0,0),(I22-G22)<TIME(0,3,0)),"OK",IF(AND((I22-G22)>=TIME(0,3,0),(I22-G22)<TIME(0,5,0)),"RETRASO DE 3-5 MIN",IF(AND((I22-G22)>=TIME(0,5,0),(I22-G22)<TIME(0,10,0)),"RETRASO DE 5-10 MIN",IF((I22-G22)>=TIME(0,10,0),"RETRASO >10 MIN", IF(AND((G22-I22)>=TIME(0,0,0),(G22-I22)<TIME(0,3,0)),"OK",IF((G22-I22)>=TIME(0,3,0),"ADELANTADO"))))))) | J22: =IF(A22<>"",HLOOKUP(VALUE(TEXT(G22,"h:mm:ss")),IF($C$6="Laboral",[1]Input!$A$4:$Y$227,IF($C$6="Sábado",[1]Input!$A$231:$Y$452,[1]Input!$A$456:$Y$656)),VLOOKUP($C$4,[1]Input!$AG$2:$AI$99,3,0)+IF(C$5="Ida",0,1),1),"") -> #N/A | K22: =IF(A23<>A22,AVERAGEIF(A$9:A22,A22,J$13:J22),"") | L22: =IFERROR(IF(A23<>A22,AVERAGEIF(A$9:A22,A22,S$13:S22),""),"") | M22: =IFERROR(IF(A23<>A22,AVERAGEIF(A$9:A22,A22,T$8:T22),""),"") | N22: {=IFERROR(IF(A23<>A22,_xlfn.STDEV.P(IF(A$9:A22=A22,T$7:T22)),""),"")} | O22: {=IFERROR(IF(A23<>A22,_xlfn.STDEV.P(IF(A$9:A22=A22,S$7:S22)),""),"")} | P22: =IFERROR(IF(A22<>A23,MAX((((M22*24*60)/2)*(1+POWER((((N22*24*60) / (M22*24*60) )),2))) + ((M22*24*60 )*-0.1 + (K22*0.015)) +1,(((M22*24*60)/2)*(1+POWER((((N22*24*60) / (M22*24*60 ))),2)))),""),"") | Q22: =IF(AND(O22<>"",L22<>""),IF(A22<>A23,((L22*24*60) / 2 ) * (1 + POWER(((O22*24*60) / (L22*24*60)),2)),""),"") | R22: =IF(Q22<>"",MAX(P22,Q22),"") | S22: =IF(I22<>"H. Sale Real",IF(AND(I23<>"",LEFT(C23,2)<>"NC"),IF(AND(I22<>"",LEFT(C22,2)<>"NC",I22<>"H. Sale Real"),IF(I23-I22<0.208333333333333,I23-I22,""),IF(AND(I21<>"",LEFT(C21,2)<>"NC",I21<>"H. Sale Real"),IF(I23-I21<0.208333333333333,I23-I21,""),IF(AND(I20<>"",LEFT(C20,2)<>"NC",I20<>"H. Sale Real"),IF(I23-I20<0.208333333333333,I23-I20,""),IF(AND(I19<>"",LEFT(C19,2)<>"NC",I19<>"H. Sale Real"),IF(I23-I19<0.208333333333333,I23-I19,""),IF(AND(I18<>"",LEFT(C18,2)<>"NC",I18<>"H. Sale Real"),IF(I23-I18<0.208333333333333,I23-I18,""),""))))),""),"") | T22: =IF(G22<>"H. Sale Real",IF(AND(G23<>"",LEFT(C23,2)<>"NC"),IF(AND(G22<>"",LEFT(C22,2)<>"NC",G22<>"H. Sale Real"),IF(G23-G22<0.208333333333333,G23-G22,""),IF(AND(G21<>"",LEFT(C21,2)<>"NC",G21<>"H. Sale Real"),IF(G23-G21<0.208333333333333,G23-G21,""),IF(AND(G20<>"",LEFT(C20,2)<>"NC",G20<>"H. Sale Real"),IF(G23-G20<0.208333333333333,G23-G20,""),IF(AND(G19<>"",LEFT(C19,2)<>"NC",G19<>"H. Sale Real"),IF(G23-G19<0.208333333333333,G23-G19,""),IF(AND(G18<>"",LEFT(C18,2)<>"NC",G18<>"H. Sale Real"),IF(G23-G18<0.208333333333333,G23-G18,""),""))))),""),"") | W22: =IF(G22<>"",IF(AND(W21<>"IE",P22<>0,R22<>""),IF(IFERROR((P22/R22),0) <=1,IFERROR(P22/R22,""),1),""),"") | AB22: =HOUR(AH22)+1 -> 1 | AE22: =IFERROR( IF(AND(OR(AC22="C",AC22="c"), VLOOKUP(AF22,[1]Diccionario!B:N,13,0)="C"), "OK",IF(AND(OR(AC22="C",AC22="c"), OR(VLOOKUP(AF22,[1]Diccionario!B:N,13,0)="B", VLOOKUP(AF22,[1]Diccionario!B:N,13,0)="A")), "DEFICIT",IF( AND(OR(AC22="B", AC22="BPAL"), VLOOKUP(AF22,[1]Diccionario!B:N,13,0)="B"), "OK",IF(AND(OR(AC22="B", AC22="BPAL"), VLOOKUP(AF22,[1]Diccionario!B:N,13,0)="A"), "DEFICIT",IF(AND(OR(AC22="B", AC22="BPAL"), VLOOKUP(AF22,[1]Diccionario!B:N,13,0)="C"), "SOBREOFERTA",IF(AND(AC22="A", VLOOKUP(AF22,[1]Diccionario!B:N,13,0)="A"), "OK",IF( AND(AC22="A", OR(VLOOKUP(AF22,[1]Diccionario!B:N,13,0)="B", VLOOKUP(AF22,[1]Diccionario!B:N,13,0)="C")), "SOBREOFERTA","" ))))))),"") | AI22: =IF(AJ22="","",IF(AND((AJ22-AH22)>=TIME(0,0,0),(AJ22-AH22)<TIME(0,3,0)),"OK",IF(AND((AJ22-AH22)>=TIME(0,3,0),(AJ22-AH22)<TIME(0,5,0)),"RETRASO DE 3-5 MIN",IF(AND((AJ22-AH22)>=TIME(0,5,0),(AJ22-AH22)<TIME(0,10,0)),"RETRASO DE 5-10 MIN",IF((AJ22-AH22)>=TIME(0,10,0),"RETRASO >10 MIN", IF(AND((AH22-AJ22)>=TIME(0,0,0),(AH22-AJ22)<TIME(0,3,0)),"OK",IF((AH22-AJ22)>=TIME(0,3,0),"ADELANTADO"))))))) | AK22: =IF(AB22<>"",HLOOKUP(VALUE(TEXT(AH22,"h:mm:ss")),IF($C$6="Laboral",[1]Input!$A$4:$Y$227,IF($C$6="Sábado",[1]Input!$A$231:$Y$452,[1]Input!$A$456:$Y$656)),VLOOKUP($C$4,[1]Input!$AG$2:$AI$99,3,0)+IF(AD$5="Ida",0,1),1),"") -> #N/A | AL22: =IF(AB23<>AB22,AVERAGEIF(AB$9:AB22,AB22,AK$9:AK22),"") | AM22: =IFERROR(IF(AB23<>AB22,AVERAGEIF(AB$9:AB22,AB22,AT$9:AT22),""),"") | AN22: =IFERROR(IF(AB23<>AB22,AVERAGEIF(AB$9:AB22,AB22,AU$9:AU22),""),"") | AO22: {=IFERROR(IF(AB23<>AB22,_xlfn.STDEV.P(IF(AB$9:AB22=AB22,AU$9:AU22)),""),"")} | AP22: {=IFERROR(IF(AB23<>AB22,_xlfn.STDEV.P(IF(AB$9:AB22=AB22,AT$9:AT22)),""),"")} | AQ22: =IFERROR(IF(AB22<>AB23,MAX((((AN22*24*60)/2)*(1+POWER((((AO22*24*60) / (AN22*24*60) )),2))) + ((AN22*24*60 )*-0.1 + (AL22*0.015)) +1,(((AN22*24*60)/2)*(1+POWER((((AO22*24*60) / (AN22*24*60 ))),2)))),""),"") | AR22: =IF(AND(AP22<>"",AM22<>""),IF(AB22<>AB23,((AM22*24*60) / 2 ) * (1 + POWER(((AP22*24*60) / (AM22*24*60)),2)),""),"") | AS22: =IF(AR22<>"",MAX(AQ22,AR22),"") | AT22: =IF(AJ22<>"H. Sale Real",IF(AND(AJ23<>"",LEFT(AD23,2)<>"NC"),IF(AND(AJ22<>"",LEFT(AD22,2)<>"NC",AJ22<>"H. Sale Real"),IF(AJ23-AJ22<0.208333333333333,AJ23-AJ22,""),IF(AND(AJ21<>"",LEFT(AD21,2)<>"NC",AJ21<>"H. Sale Real"),IF(AJ23-AJ21<0.208333333333333,AJ23-AJ21,""),IF(AND(AJ20<>"",LEFT(AD20,2)<>"NC",AJ20<>"H. Sale Real"),IF(AJ23-AJ20<0.208333333333333,AJ23-AJ20,""),IF(AND(AJ19<>"",LEFT(AD19,2)<>"NC",AJ19<>"H. Sale Real"),IF(AJ23-AJ19<0.208333333333333,AJ23-AJ19,""),IF(AND(AJ18<>"",LEFT(AD18,2)<>"NC",AJ18<>"H. Sale Real"),IF(AJ23-AJ18<0.208333333333333,AJ23-AJ18,""),""))))),""),"") | AU22: =IF(AH22<>"H. Sale Real",IF(AND(AH23<>"",LEFT(AD23,2)<>"NC"),IF(AND(AH22<>"",LEFT(AD22,2)<>"NC",AH22<>"H. Sale Real"),IF(AH23-AH22<0.208333333333333,AH23-AH22,""),IF(AND(AH21<>"",LEFT(AD21,2)<>"NC",AH21<>"H. Sale Real"),IF(AH23-AH21<0.208333333333333,AH23-AH21,""),IF(AND(AH20<>"",LEFT(AD20,2)<>"NC",AH20<>"H. Sale Real"),IF(AH23-AH20<0.208333333333333,AH23-AH20,""),IF(AND(AH19<>"",LEFT(AD19,2)<>"NC",AH19<>"H. Sale Real"),IF(AH23-AH19<0.208333333333333,AH23-AH19,""),IF(AND(AH18<>"",LEFT(AD18,2)<>"NC",AH18<>"H. Sale Real"),IF(AH23-AH18<0.208333333333333,AH23-AH18,""),""))))),""),"") | AX22: {=IF(AH22<>"",IF(AND(AX20:AX21<>"IE",AQ22<>0,AS22<>""),IF(IFERROR((AQ22/AS22),0) <=1,IFERROR(AQ22/AS22,""),1),""),"")} | BC22: 10 | BD22: =COUNTIFS($A:$A,$BC22,$C:$C,$BC$11) -> 0 | BE22: =BD22-COUNTIFS($A:$A,$BC22,$C:$C,$BC$11,$H:$H,"") -> 0 | BF22: =IFERROR((BE22/BD22),"") | BG22: =_xlfn.XLOOKUP(BC22,$A:$A,$R:$R,"0",0,-1) -> 0 | BH22: =_xlfn.XLOOKUP(BC22,$A:$A,$P:$P,"0",0,-1) -> 0 | BI22: =_xlfn.XLOOKUP(BC22,$A:$A,$W:$W,"",0,-1) | BL22: 10 | BM22: =COUNTIFS($AB:$AB,$BL22,$AD:$AD,$BL$11) -> 0 | BN22: =BM22-COUNTIFS($AB:$AB,$BL22,$AD:$AD,$BL$11,$AI:$AI,"") -> 0 | BO22: =IFERROR((BN22/BM22),"") | BP22: =_xlfn.XLOOKUP(BL22,$AB:$AB,$AS:$AS,"0",0,-1) -> 0 | BQ22: =_xlfn.XLOOKUP(BL22,$AB:$AB,$AQ:$AQ,"0",0,-1) -> 0 | BR22: =_xlfn.XLOOKUP(BL22,$AB:$AB,$AX:$AX,"",0,-1)
A23: =HOUR(G23)+1 -> 1 | D23: =IFERROR( IF(AND(OR(Planilla!B23="C",Planilla!B23="c"), VLOOKUP(E23,[1]Diccionario!B:N,13,0)="C"), "OK",IF(AND(OR(Planilla!B23="C",Planilla!B23="c"), OR(VLOOKUP(E23,[1]Diccionario!B:N,13,0)="B", VLOOKUP(E23,[1]Diccionario!B:N,13,0)="A")), "DEFICIT",IF( AND(OR(Planilla!B23="B", Planilla!B23="BPAL"), VLOOKUP(E23,[1]Diccionario!B:N,13,0)="B"), "OK",IF(AND(OR(Planilla!B23="B", Planilla!B23="BPAL"), VLOOKUP(E23,[1]Diccionario!B:N,13,0)="A"), "DEFICIT",IF(AND(OR(Planilla!B23="B", Planilla!B23="BPAL"), VLOOKUP(E23,[1]Diccionario!B:N,13,0)="C"), "SOBREOFERTA",IF(AND(Planilla!B23="A", VLOOKUP(E23,[1]Diccionario!B:N,13,0)="A"), "OK",IF( AND(Planilla!B23="A", OR(VLOOKUP(E23,[1]Diccionario!B:N,13,0)="B", VLOOKUP(E23,[1]Diccionario!B:N,13,0)="C")), "SOBREOFERTA","" ))))))),"") | F23: =+IF(G23="","",INT(G23*48+1.00001)) | H23: =IF(I23="","",IF(AND((I23-G23)>=TIME(0,0,0),(I23-G23)<TIME(0,3,0)),"OK",IF(AND((I23-G23)>=TIME(0,3,0),(I23-G23)<TIME(0,5,0)),"RETRASO DE 3-5 MIN",IF(AND((I23-G23)>=TIME(0,5,0),(I23-G23)<TIME(0,10,0)),"RETRASO DE 5-10 MIN",IF((I23-G23)>=TIME(0,10,0),"RETRASO >10 MIN", IF(AND((G23-I23)>=TIME(0,0,0),(G23-I23)<TIME(0,3,0)),"OK",IF((G23-I23)>=TIME(0,3,0),"ADELANTADO"))))))) | J23: =IF(A23<>"",HLOOKUP(VALUE(TEXT(G23,"h:mm:ss")),IF($C$6="Laboral",[1]Input!$A$4:$Y$227,IF($C$6="Sábado",[1]Input!$A$231:$Y$452,[1]Input!$A$456:$Y$656)),VLOOKUP($C$4,[1]Input!$AG$2:$AI$99,3,0)+IF(C$5="Ida",0,1),1),"") -> #N/A | K23: =IF(A24<>A23,AVERAGEIF(A$9:A23,A23,J$13:J23),"") | L23: =IFERROR(IF(A24<>A23,AVERAGEIF(A$9:A23,A23,S$13:S23),""),"") | M23: =IFERROR(IF(A24<>A23,AVERAGEIF(A$9:A23,A23,T$8:T23),""),"") | N23: {=IFERROR(IF(A24<>A23,_xlfn.STDEV.P(IF(A$9:A23=A23,T$7:T23)),""),"")} | O23: {=IFERROR(IF(A24<>A23,_xlfn.STDEV.P(IF(A$9:A23=A23,S$7:S23)),""),"")} | P23: =IFERROR(IF(A23<>A24,MAX((((M23*24*60)/2)*(1+POWER((((N23*24*60) / (M23*24*60) )),2))) + ((M23*24*60 )*-0.1 + (K23*0.015)) +1,(((M23*24*60)/2)*(1+POWER((((N23*24*60) / (M23*24*60 ))),2)))),""),"") | Q23: =IF(AND(O23<>"",L23<>""),IF(A23<>A24,((L23*24*60) / 2 ) * (1 + POWER(((O23*24*60) / (L23*24*60)),2)),""),"") | R23: =IF(Q23<>"",MAX(P23,Q23),"") | S23: =IF(I23<>"H. Sale Real",IF(AND(I24<>"",LEFT(C24,2)<>"NC"),IF(AND(I23<>"",LEFT(C23,2)<>"NC",I23<>"H. Sale Real"),IF(I24-I23<0.208333333333333,I24-I23,""),IF(AND(I22<>"",LEFT(C22,2)<>"NC",I22<>"H. Sale Real"),IF(I24-I22<0.208333333333333,I24-I22,""),IF(AND(I21<>"",LEFT(C21,2)<>"NC",I21<>"H. Sale Real"),IF(I24-I21<0.208333333333333,I24-I21,""),IF(AND(I20<>"",LEFT(C20,2)<>"NC",I20<>"H. Sale Real"),IF(I24-I20<0.208333333333333,I24-I20,""),IF(AND(I19<>"",LEFT(C19,2)<>"NC",I19<>"H. Sale Real"),IF(I24-I19<0.208333333333333,I24-I19,""),""))))),""),"") | T23: =IF(G23<>"H. Sale Real",IF(AND(G24<>"",LEFT(C24,2)<>"NC"),IF(AND(G23<>"",LEFT(C23,2)<>"NC",G23<>"H. Sale Real"),IF(G24-G23<0.208333333333333,G24-G23,""),IF(AND(G22<>"",LEFT(C22,2)<>"NC",G22<>"H. Sale Real"),IF(G24-G22<0.208333333333333,G24-G22,""),IF(AND(G21<>"",LEFT(C21,2)<>"NC",G21<>"H. Sale Real"),IF(G24-G21<0.208333333333333,G24-G21,""),IF(AND(G20<>"",LEFT(C20,2)<>"NC",G20<>"H. Sale Real"),IF(G24-G20<0.208333333333333,G24-G20,""),IF(AND(G19<>"",LEFT(C19,2)<>"NC",G19<>"H. Sale Real"),IF(G24-G19<0.208333333333333,G24-G19,""),""))))),""),"") | W23: =IF(G23<>"",IF(AND(W22<>"IE",P23<>0,R23<>""),IF(IFERROR((P23/R23),0) <=1,IFERROR(P23/R23,""),1),""),"") | AB23: =HOUR(AH23)+1 -> 1 | AE23: =IFERROR( IF(AND(OR(AC23="C",AC23="c"), VLOOKUP(AF23,[1]Diccionario!B:N,13,0)="C"), "OK",IF(AND(OR(AC23="C",AC23="c"), OR(VLOOKUP(AF23,[1]Diccionario!B:N,13,0)="B", VLOOKUP(AF23,[1]Diccionario!B:N,13,0)="A")), "DEFICIT",IF( AND(OR(AC23="B", AC23="BPAL"), VLOOKUP(AF23,[1]Diccionario!B:N,13,0)="B"), "OK",IF(AND(OR(AC23="B", AC23="BPAL"), VLOOKUP(AF23,[1]Diccionario!B:N,13,0)="A"), "DEFICIT",IF(AND(OR(AC23="B", AC23="BPAL"), VLOOKUP(AF23,[1]Diccionario!B:N,13,0)="C"), "SOBREOFERTA",IF(AND(AC23="A", VLOOKUP(AF23,[1]Diccionario!B:N,13,0)="A"), "OK",IF( AND(AC23="A", OR(VLOOKUP(AF23,[1]Diccionario!B:N,13,0)="B", VLOOKUP(AF23,[1]Diccionario!B:N,13,0)="C")), "SOBREOFERTA","" ))))))),"") | AI23: =IF(AJ23="","",IF(AND((AJ23-AH23)>=TIME(0,0,0),(AJ23-AH23)<TIME(0,3,0)),"OK",IF(AND((AJ23-AH23)>=TIME(0,3,0),(AJ23-AH23)<TIME(0,5,0)),"RETRASO DE 3-5 MIN",IF(AND((AJ23-AH23)>=TIME(0,5,0),(AJ23-AH23)<TIME(0,10,0)),"RETRASO DE 5-10 MIN",IF((AJ23-AH23)>=TIME(0,10,0),"RETRASO >10 MIN", IF(AND((AH23-AJ23)>=TIME(0,0,0),(AH23-AJ23)<TIME(0,3,0)),"OK",IF((AH23-AJ23)>=TIME(0,3,0),"ADELANTADO"))))))) | AK23: =IF(AB23<>"",HLOOKUP(VALUE(TEXT(AH23,"h:mm:ss")),IF($C$6="Laboral",[1]Input!$A$4:$Y$227,IF($C$6="Sábado",[1]Input!$A$231:$Y$452,[1]Input!$A$456:$Y$656)),VLOOKUP($C$4,[1]Input!$AG$2:$AI$99,3,0)+IF(AD$5="Ida",0,1),1),"") -> #N/A | AL23: =IF(AB24<>AB23,AVERAGEIF(AB$9:AB23,AB23,AK$9:AK23),"") | AM23: =IFERROR(IF(AB24<>AB23,AVERAGEIF(AB$9:AB23,AB23,AT$9:AT23),""),"") | AN23: =IFERROR(IF(AB24<>AB23,AVERAGEIF(AB$9:AB23,AB23,AU$9:AU23),""),"") | AO23: {=IFERROR(IF(AB24<>AB23,_xlfn.STDEV.P(IF(AB$9:AB23=AB23,AU$9:AU23)),""),"")} | AP23: {=IFERROR(IF(AB24<>AB23,_xlfn.STDEV.P(IF(AB$9:AB23=AB23,AT$9:AT23)),""),"")} | AQ23: =IFERROR(IF(AB23<>AB24,MAX((((AN23*24*60)/2)*(1+POWER((((AO23*24*60) / (AN23*24*60) )),2))) + ((AN23*24*60 )*-0.1 + (AL23*0.015)) +1,(((AN23*24*60)/2)*(1+POWER((((AO23*24*60) / (AN23*24*60 ))),2)))),""),"") | AR23: =IF(AND(AP23<>"",AM23<>""),IF(AB23<>AB24,((AM23*24*60) / 2 ) * (1 + POWER(((AP23*24*60) / (AM23*24*60)),2)),""),"") | AS23: =IF(AR23<>"",MAX(AQ23,AR23),"") | AT23: =IF(AJ23<>"H. Sale Real",IF(AND(AJ24<>"",LEFT(AD24,2)<>"NC"),IF(AND(AJ23<>"",LEFT(AD23,2)<>"NC",AJ23<>"H. Sale Real"),IF(AJ24-AJ23<0.208333333333333,AJ24-AJ23,""),IF(AND(AJ22<>"",LEFT(AD22,2)<>"NC",AJ22<>"H. Sale Real"),IF(AJ24-AJ22<0.208333333333333,AJ24-AJ22,""),IF(AND(AJ21<>"",LEFT(AD21,2)<>"NC",AJ21<>"H. Sale Real"),IF(AJ24-AJ21<0.208333333333333,AJ24-AJ21,""),IF(AND(AJ20<>"",LEFT(AD20,2)<>"NC",AJ20<>"H. Sale Real"),IF(AJ24-AJ20<0.208333333333333,AJ24-AJ20,""),IF(AND(AJ19<>"",LEFT(AD19,2)<>"NC",AJ19<>"H. Sale Real"),IF(AJ24-AJ19<0.208333333333333,AJ24-AJ19,""),""))))),""),"") | AU23: =IF(AH23<>"H. Sale Real",IF(AND(AH24<>"",LEFT(AD24,2)<>"NC"),IF(AND(AH23<>"",LEFT(AD23,2)<>"NC",AH23<>"H. Sale Real"),IF(AH24-AH23<0.208333333333333,AH24-AH23,""),IF(AND(AH22<>"",LEFT(AD22,2)<>"NC",AH22<>"H. Sale Real"),IF(AH24-AH22<0.208333333333333,AH24-AH22,""),IF(AND(AH21<>"",LEFT(AD21,2)<>"NC",AH21<>"H. Sale Real"),IF(AH24-AH21<0.208333333333333,AH24-AH21,""),IF(AND(AH20<>"",LEFT(AD20,2)<>"NC",AH20<>"H. Sale Real"),IF(AH24-AH20<0.208333333333333,AH24-AH20,""),IF(AND(AH19<>"",LEFT(AD19,2)<>"NC",AH19<>"H. Sale Real"),IF(AH24-AH19<0.208333333333333,AH24-AH19,""),""))))),""),"") | AX23: {=IF(AH23<>"",IF(AND(AX21:AX22<>"IE",AQ23<>0,AS23<>""),IF(IFERROR((AQ23/AS23),0) <=1,IFERROR(AQ23/AS23,""),1),""),"")} | BC23: 11 | BD23: =COUNTIFS($A:$A,$BC23,$C:$C,$BC$11) -> 0 | BE23: =BD23-COUNTIFS($A:$A,$BC23,$C:$C,$BC$11,$H:$H,"") -> 0 | BF23: =IFERROR((BE23/BD23),"") | BG23: =_xlfn.XLOOKUP(BC23,$A:$A,$R:$R,"0",0,-1) -> 0 | BH23: =_xlfn.XLOOKUP(BC23,$A:$A,$P:$P,"0",0,-1) -> 0 | BI23: =_xlfn.XLOOKUP(BC23,$A:$A,$W:$W,"",0,-1) | BL23: 11 | BM23: =COUNTIFS($AB:$AB,$BL23,$AD:$AD,$BL$11) -> 0 | BN23: =BM23-COUNTIFS($AB:$AB,$BL23,$AD:$AD,$BL$11,$AI:$AI,"") -> 0 | BO23: =IFERROR((BN23/BM23),"") | BP23: =_xlfn.XLOOKUP(BL23,$AB:$AB,$AS:$AS,"0",0,-1) -> 0 | BQ23: =_xlfn.XLOOKUP(BL23,$AB:$AB,$AQ:$AQ,"0",0,-1) -> 0 | BR23: =_xlfn.XLOOKUP(BL23,$AB:$AB,$AX:$AX,"",0,-1)
A24: =HOUR(G24)+1 -> 1 | D24: =IFERROR( IF(AND(OR(Planilla!B24="C",Planilla!B24="c"), VLOOKUP(E24,[1]Diccionario!B:N,13,0)="C"), "OK",IF(AND(OR(Planilla!B24="C",Planilla!B24="c"), OR(VLOOKUP(E24,[1]Diccionario!B:N,13,0)="B", VLOOKUP(E24,[1]Diccionario!B:N,13,0)="A")), "DEFICIT",IF( AND(OR(Planilla!B24="B", Planilla!B24="BPAL"), VLOOKUP(E24,[1]Diccionario!B:N,13,0)="B"), "OK",IF(AND(OR(Planilla!B24="B", Planilla!B24="BPAL"), VLOOKUP(E24,[1]Diccionario!B:N,13,0)="A"), "DEFICIT",IF(AND(OR(Planilla!B24="B", Planilla!B24="BPAL"), VLOOKUP(E24,[1]Diccionario!B:N,13,0)="C"), "SOBREOFERTA",IF(AND(Planilla!B24="A", VLOOKUP(E24,[1]Diccionario!B:N,13,0)="A"), "OK",IF( AND(Planilla!B24="A", OR(VLOOKUP(E24,[1]Diccionario!B:N,13,0)="B", VLOOKUP(E24,[1]Diccionario!B:N,13,0)="C")), "SOBREOFERTA","" ))))))),"") | F24: =+IF(G24="","",INT(G24*48+1.00001)) | H24: =IF(I24="","",IF(AND((I24-G24)>=TIME(0,0,0),(I24-G24)<TIME(0,3,0)),"OK",IF(AND((I24-G24)>=TIME(0,3,0),(I24-G24)<TIME(0,5,0)),"RETRASO DE 3-5 MIN",IF(AND((I24-G24)>=TIME(0,5,0),(I24-G24)<TIME(0,10,0)),"RETRASO DE 5-10 MIN",IF((I24-G24)>=TIME(0,10,0),"RETRASO >10 MIN", IF(AND((G24-I24)>=TIME(0,0,0),(G24-I24)<TIME(0,3,0)),"OK",IF((G24-I24)>=TIME(0,3,0),"ADELANTADO"))))))) | J24: =IF(A24<>"",HLOOKUP(VALUE(TEXT(G24,"h:mm:ss")),IF($C$6="Laboral",[1]Input!$A$4:$Y$227,IF($C$6="Sábado",[1]Input!$A$231:$Y$452,[1]Input!$A$456:$Y$656)),VLOOKUP($C$4,[1]Input!$AG$2:$AI$99,3,0)+IF(C$5="Ida",0,1),1),"") -> #N/A | K24: =IF(A25<>A24,AVERAGEIF(A$9:A24,A24,J$13:J24),"") | L24: =IFERROR(IF(A25<>A24,AVERAGEIF(A$9:A24,A24,S$13:S24),""),"") | M24: =IFERROR(IF(A25<>A24,AVERAGEIF(A$9:A24,A24,T$8:T24),""),"") | N24: {=IFERROR(IF(A25<>A24,_xlfn.STDEV.P(IF(A$9:A24=A24,T$7:T24)),""),"")} | O24: {=IFERROR(IF(A25<>A24,_xlfn.STDEV.P(IF(A$9:A24=A24,S$7:S24)),""),"")} | P24: =IFERROR(IF(A24<>A25,MAX((((M24*24*60)/2)*(1+POWER((((N24*24*60) / (M24*24*60) )),2))) + ((M24*24*60 )*-0.1 + (K24*0.015)) +1,(((M24*24*60)/2)*(1+POWER((((N24*24*60) / (M24*24*60 ))),2)))),""),"") | Q24: =IF(AND(O24<>"",L24<>""),IF(A24<>A25,((L24*24*60) / 2 ) * (1 + POWER(((O24*24*60) / (L24*24*60)),2)),""),"") | R24: =IF(Q24<>"",MAX(P24,Q24),"") | S24: =IF(I24<>"H. Sale Real",IF(AND(I25<>"",LEFT(C25,2)<>"NC"),IF(AND(I24<>"",LEFT(C24,2)<>"NC",I24<>"H. Sale Real"),IF(I25-I24<0.208333333333333,I25-I24,""),IF(AND(I23<>"",LEFT(C23,2)<>"NC",I23<>"H. Sale Real"),IF(I25-I23<0.208333333333333,I25-I23,""),IF(AND(I22<>"",LEFT(C22,2)<>"NC",I22<>"H. Sale Real"),IF(I25-I22<0.208333333333333,I25-I22,""),IF(AND(I21<>"",LEFT(C21,2)<>"NC",I21<>"H. Sale Real"),IF(I25-I21<0.208333333333333,I25-I21,""),IF(AND(I20<>"",LEFT(C20,2)<>"NC",I20<>"H. Sale Real"),IF(I25-I20<0.208333333333333,I25-I20,""),""))))),""),"") | T24: =IF(G24<>"H. Sale Real",IF(AND(G25<>"",LEFT(C25,2)<>"NC"),IF(AND(G24<>"",LEFT(C24,2)<>"NC",G24<>"H. Sale Real"),IF(G25-G24<0.208333333333333,G25-G24,""),IF(AND(G23<>"",LEFT(C23,2)<>"NC",G23<>"H. Sale Real"),IF(G25-G23<0.208333333333333,G25-G23,""),IF(AND(G22<>"",LEFT(C22,2)<>"NC",G22<>"H. Sale Real"),IF(G25-G22<0.208333333333333,G25-G22,""),IF(AND(G21<>"",LEFT(C21,2)<>"NC",G21<>"H. Sale Real"),IF(G25-G21<0.208333333333333,G25-G21,""),IF(AND(G20<>"",LEFT(C20,2)<>"NC",G20<>"H. Sale Real"),IF(G25-G20<0.208333333333333,G25-G20,""),""))))),""),"") | W24: =IF(G24<>"",IF(AND(W23<>"IE",P24<>0,R24<>""),IF(IFERROR((P24/R24),0) <=1,IFERROR(P24/R24,""),1),""),"") | AB24: =HOUR(AH24)+1 -> 1 | AE24: =IFERROR( IF(AND(OR(AC24="C",AC24="c"), VLOOKUP(AF24,[1]Diccionario!B:N,13,0)="C"), "OK",IF(AND(OR(AC24="C",AC24="c"), OR(VLOOKUP(AF24,[1]Diccionario!B:N,13,0)="B", VLOOKUP(AF24,[1]Diccionario!B:N,13,0)="A")), "DEFICIT",IF( AND(OR(AC24="B", AC24="BPAL"), VLOOKUP(AF24,[1]Diccionario!B:N,13,0)="B"), "OK",IF(AND(OR(AC24="B", AC24="BPAL"), VLOOKUP(AF24,[1]Diccionario!B:N,13,0)="A"), "DEFICIT",IF(AND(OR(AC24="B", AC24="BPAL"), VLOOKUP(AF24,[1]Diccionario!B:N,13,0)="C"), "SOBREOFERTA",IF(AND(AC24="A", VLOOKUP(AF24,[1]Diccionario!B:N,13,0)="A"), "OK",IF( AND(AC24="A", OR(VLOOKUP(AF24,[1]Diccionario!B:N,13,0)="B", VLOOKUP(AF24,[1]Diccionario!B:N,13,0)="C")), "SOBREOFERTA","" ))))))),"") | AI24: =IF(AJ24="","",IF(AND((AJ24-AH24)>=TIME(0,0,0),(AJ24-AH24)<TIME(0,3,0)),"OK",IF(AND((AJ24-AH24)>=TIME(0,3,0),(AJ24-AH24)<TIME(0,5,0)),"RETRASO DE 3-5 MIN",IF(AND((AJ24-AH24)>=TIME(0,5,0),(AJ24-AH24)<TIME(0,10,0)),"RETRASO DE 5-10 MIN",IF((AJ24-AH24)>=TIME(0,10,0),"RETRASO >10 MIN", IF(AND((AH24-AJ24)>=TIME(0,0,0),(AH24-AJ24)<TIME(0,3,0)),"OK",IF((AH24-AJ24)>=TIME(0,3,0),"ADELANTADO"))))))) | AK24: =IF(AB24<>"",HLOOKUP(VALUE(TEXT(AH24,"h:mm:ss")),IF($C$6="Laboral",[1]Input!$A$4:$Y$227,IF($C$6="Sábado",[1]Input!$A$231:$Y$452,[1]Input!$A$456:$Y$656)),VLOOKUP($C$4,[1]Input!$AG$2:$AI$99,3,0)+IF(AD$5="Ida",0,1),1),"") -> #N/A | AL24: =IF(AB25<>AB24,AVERAGEIF(AB$9:AB24,AB24,AK$9:AK24),"") | AM24: =IFERROR(IF(AB25<>AB24,AVERAGEIF(AB$9:AB24,AB24,AT$9:AT24),""),"") | AN24: =IFERROR(IF(AB25<>AB24,AVERAGEIF(AB$9:AB24,AB24,AU$9:AU24),""),"") | AO24: {=IFERROR(IF(AB25<>AB24,_xlfn.STDEV.P(IF(AB$9:AB24=AB24,AU$9:AU24)),""),"")} | AP24: {=IFERROR(IF(AB25<>AB24,_xlfn.STDEV.P(IF(AB$9:AB24=AB24,AT$9:AT24)),""),"")} | AQ24: =IFERROR(IF(AB24<>AB25,MAX((((AN24*24*60)/2)*(1+POWER((((AO24*24*60) / (AN24*24*60) )),2))) + ((AN24*24*60 )*-0.1 + (AL24*0.015)) +1,(((AN24*24*60)/2)*(1+POWER((((AO24*24*60) / (AN24*24*60 ))),2)))),""),"") | AR24: =IF(AND(AP24<>"",AM24<>""),IF(AB24<>AB25,((AM24*24*60) / 2 ) * (1 + POWER(((AP24*24*60) / (AM24*24*60)),2)),""),"") | AS24: =IF(AR24<>"",MAX(AQ24,AR24),"") | AT24: =IF(AJ24<>"H. Sale Real",IF(AND(AJ25<>"",LEFT(AD25,2)<>"NC"),IF(AND(AJ24<>"",LEFT(AD24,2)<>"NC",AJ24<>"H. Sale Real"),IF(AJ25-AJ24<0.208333333333333,AJ25-AJ24,""),IF(AND(AJ23<>"",LEFT(AD23,2)<>"NC",AJ23<>"H. Sale Real"),IF(AJ25-AJ23<0.208333333333333,AJ25-AJ23,""),IF(AND(AJ22<>"",LEFT(AD22,2)<>"NC",AJ22<>"H. Sale Real"),IF(AJ25-AJ22<0.208333333333333,AJ25-AJ22,""),IF(AND(AJ21<>"",LEFT(AD21,2)<>"NC",AJ21<>"H. Sale Real"),IF(AJ25-AJ21<0.208333333333333,AJ25-AJ21,""),IF(AND(AJ20<>"",LEFT(AD20,2)<>"NC",AJ20<>"H. Sale Real"),IF(AJ25-AJ20<0.208333333333333,AJ25-AJ20,""),""))))),""),"") | AU24: =IF(AH24<>"H. Sale Real",IF(AND(AH25<>"",LEFT(AD25,2)<>"NC"),IF(AND(AH24<>"",LEFT(AD24,2)<>"NC",AH24<>"H. Sale Real"),IF(AH25-AH24<0.208333333333333,AH25-AH24,""),IF(AND(AH23<>"",LEFT(AD23,2)<>"NC",AH23<>"H. Sale Real"),IF(AH25-AH23<0.208333333333333,AH25-AH23,""),IF(AND(AH22<>"",LEFT(AD22,2)<>"NC",AH22<>"H. Sale Real"),IF(AH25-AH22<0.208333333333333,AH25-AH22,""),IF(AND(AH21<>"",LEFT(AD21,2)<>"NC",AH21<>"H. Sale Real"),IF(AH25-AH21<0.208333333333333,AH25-AH21,""),IF(AND(AH20<>"",LEFT(AD20,2)<>"NC",AH20<>"H. Sale Real"),IF(AH25-AH20<0.208333333333333,AH25-AH20,""),""))))),""),"") | AX24: {=IF(AH24<>"",IF(AND(AX22:AX23<>"IE",AQ24<>0,AS24<>""),IF(IFERROR((AQ24/AS24),0) <=1,IFERROR(AQ24/AS24,""),1),""),"")} | BC24: 12 | BD24: =COUNTIFS($A:$A,$BC24,$C:$C,$BC$11) -> 0 | BE24: =BD24-COUNTIFS($A:$A,$BC24,$C:$C,$BC$11,$H:$H,"") -> 0 | BF24: =IFERROR((BE24/BD24),"") | BG24: =_xlfn.XLOOKUP(BC24,$A:$A,$R:$R,"0",0,-1) -> 0 | BH24: =_xlfn.XLOOKUP(BC24,$A:$A,$P:$P,"0",0,-1) -> 0 | BI24: =_xlfn.XLOOKUP(BC24,$A:$A,$W:$W,"",0,-1) | BL24: 12 | BM24: =COUNTIFS($AB:$AB,$BL24,$AD:$AD,$BL$11) -> 0 | BN24: =BM24-COUNTIFS($AB:$AB,$BL24,$AD:$AD,$BL$11,$AI:$AI,"") -> 0 | BO24: =IFERROR((BN24/BM24),"") | BP24: =_xlfn.XLOOKUP(BL24,$AB:$AB,$AS:$AS,"0",0,-1) -> 0 | BQ24: =_xlfn.XLOOKUP(BL24,$AB:$AB,$AQ:$AQ,"0",0,-1) -> 0 | BR24: =_xlfn.XLOOKUP(BL24,$AB:$AB,$AX:$AX,"",0,-1)
... A36: =HOUR(G36)+1 -> 1 | D36: =IFERROR( IF(AND(OR(Planilla!B36="C",Planilla!B36="c"), VLOOKUP(E36,[1]Diccionario!B:N,13,0)="C"), "OK",IF(AND(OR(Planilla!B36="C",Planilla!B36="c"), OR(VLOOKUP(E36,[1]Diccionario!B:N,13,0)="B", VLOOKUP(E36,[1]Diccionario!B:N,13,0)="A")), "DEFICIT",IF( AND(OR(Planilla!B36="B", Planilla!B36="BPAL"), VLOOKUP(E36,[1]Diccionario!B:N,13,0)="B"), "OK",IF(AND(OR(Planilla!B36="B", Planilla!B36="BPAL"), VLOOKUP(E36,[1]Diccionario!B:N,13,0)="A"), "DEFICIT",IF(AND(OR(Planilla!B36="B", Planilla!B36="BPAL"), VLOOKUP(E36,[1]Diccionario!B:N,13,0)="C"), "SOBREOFERTA",IF(AND(Planilla!B36="A", VLOOKUP(E36,[1]Diccionario!B:N,13,0)="A"), "OK",IF( AND(Planilla!B36="A", OR(VLOOKUP(E36,[1]Diccionario!B:N,13,0)="B", VLOOKUP(E36,[1]Diccionario!B:N,13,0)="C")), "SOBREOFERTA","" ))))))),"") | F36: =+IF(G36="","",INT(G36*48+1.00001)) | H36: =IF(I36="","",IF(AND((I36-G36)>=TIME(0,0,0),(I36-G36)<TIME(0,3,0)),"OK",IF(AND((I36-G36)>=TIME(0,3,0),(I36-G36)<TIME(0,5,0)),"RETRASO DE 3-5 MIN",IF(AND((I36-G36)>=TIME(0,5,0),(I36-G36)<TIME(0,10,0)),"RETRASO DE 5-10 MIN",IF((I36-G36)>=TIME(0,10,0),"RETRASO >10 MIN", IF(AND((G36-I36)>=TIME(0,0,0),(G36-I36)<TIME(0,3,0)),"OK",IF((G36-I36)>=TIME(0,3,0),"ADELANTADO"))))))) | J36: =IF(A36<>"",HLOOKUP(VALUE(TEXT(G36,"h:mm:ss")),IF($C$6="Laboral",[1]Input!$A$4:$Y$227,IF($C$6="Sábado",[1]Input!$A$231:$Y$452,[1]Input!$A$456:$Y$656)),VLOOKUP($C$4,[1]Input!$AG$2:$AI$99,3,0)+IF(C$5="Ida",0,1),1),"") -> #N/A | K36: =IF(A37<>A36,AVERAGEIF(A$9:A36,A36,J$13:J36),"") | L36: =IFERROR(IF(A37<>A36,AVERAGEIF(A$9:A36,A36,S$13:S36),""),"") | M36: =IFERROR(IF(A37<>A36,AVERAGEIF(A$9:A36,A36,T$8:T36),""),"") | N36: {=IFERROR(IF(A37<>A36,_xlfn.STDEV.P(IF(A$9:A36=A36,T$7:T36)),""),"")} | O36: {=IFERROR(IF(A37<>A36,_xlfn.STDEV.P(IF(A$9:A36=A36,S$7:S36)),""),"")} | P36: =IFERROR(IF(A36<>A37,MAX((((M36*24*60)/2)*(1+POWER((((N36*24*60) / (M36*24*60) )),2))) + ((M36*24*60 )*-0.1 + (K36*0.015)) +1,(((M36*24*60)/2)*(1+POWER((((N36*24*60) / (M36*24*60 ))),2)))),""),"") | Q36: =IF(AND(O36<>"",L36<>""),IF(A36<>A37,((L36*24*60) / 2 ) * (1 + POWER(((O36*24*60) / (L36*24*60)),2)),""),"") | R36: =IF(Q36<>"",MAX(P36,Q36),"") | S36: =IF(I36<>"H. Sale Real",IF(AND(I37<>"",LEFT(C37,2)<>"NC"),IF(AND(I36<>"",LEFT(C36,2)<>"NC",I36<>"H. Sale Real"),IF(I37-I36<0.208333333333333,I37-I36,""),IF(AND(I35<>"",LEFT(C35,2)<>"NC",I35<>"H. Sale Real"),IF(I37-I35<0.208333333333333,I37-I35,""),IF(AND(I34<>"",LEFT(C34,2)<>"NC",I34<>"H. Sale Real"),IF(I37-I34<0.208333333333333,I37-I34,""),IF(AND(I33<>"",LEFT(C33,2)<>"NC",I33<>"H. Sale Real"),IF(I37-I33<0.208333333333333,I37-I33,""),IF(AND(I32<>"",LEFT(C32,2)<>"NC",I32<>"H. Sale Real"),IF(I37-I32<0.208333333333333,I37-I32,""),""))))),""),"") | T36: =IF(G36<>"H. Sale Real",IF(AND(G37<>"",LEFT(C37,2)<>"NC"),IF(AND(G36<>"",LEFT(C36,2)<>"NC",G36<>"H. Sale Real"),IF(G37-G36<0.208333333333333,G37-G36,""),IF(AND(G35<>"",LEFT(C35,2)<>"NC",G35<>"H. Sale Real"),IF(G37-G35<0.208333333333333,G37-G35,""),IF(AND(G34<>"",LEFT(C34,2)<>"NC",G34<>"H. Sale Real"),IF(G37-G34<0.208333333333333,G37-G34,""),IF(AND(G33<>"",LEFT(C33,2)<>"NC",G33<>"H. Sale Real"),IF(G37-G33<0.208333333333333,G37-G33,""),IF(AND(G32<>"",LEFT(C32,2)<>"NC",G32<>"H. Sale Real"),IF(G37-G32<0.208333333333333,G37-G32,""),""))))),""),"") | W36: =IF(G36<>"",IF(AND(W35<>"IE",P36<>0,R36<>""),IF(IFERROR((P36/R36),0) <=1,IFERROR(P36/R36,""),1),""),"") | AB36: =HOUR(AH36)+1 -> 1 | AE36: =IFERROR( IF(AND(OR(AC36="C",AC36="c"), VLOOKUP(AF36,[1]Diccionario!B:N,13,0)="C"), "OK",IF(AND(OR(AC36="C",AC36="c"), OR(VLOOKUP(AF36,[1]Diccionario!B:N,13,0)="B", VLOOKUP(AF36,[1]Diccionario!B:N,13,0)="A")), "DEFICIT",IF( AND(OR(AC36="B", AC36="BPAL"), VLOOKUP(AF36,[1]Diccionario!B:N,13,0)="B"), "OK",IF(AND(OR(AC36="B", AC36="BPAL"), VLOOKUP(AF36,[1]Diccionario!B:N,13,0)="A"), "DEFICIT",IF(AND(OR(AC36="B", AC36="BPAL"), VLOOKUP(AF36,[1]Diccionario!B:N,13,0)="C"), "SOBREOFERTA",IF(AND(AC36="A", VLOOKUP(AF36,[1]Diccionario!B:N,13,0)="A"), "OK",IF( AND(AC36="A", OR(VLOOKUP(AF36,[1]Diccionario!B:N,13,0)="B", VLOOKUP(AF36,[1]Diccionario!B:N,13,0)="C")), "SOBREOFERTA","" ))))))),"") | AI36: =IF(AJ36="","",IF(AND((AJ36-AH36)>=TIME(0,0,0),(AJ36-AH36)<TIME(0,3,0)),"OK",IF(AND((AJ36-AH36)>=TIME(0,3,0),(AJ36-AH36)<TIME(0,5,0)),"RETRASO DE 3-5 MIN",IF(AND((AJ36-AH36)>=TIME(0,5,0),(AJ36-AH36)<TIME(0,10,0)),"RETRASO DE 5-10 MIN",IF((AJ36-AH36)>=TIME(0,10,0),"RETRASO >10 MIN", IF(AND((AH36-AJ36)>=TIME(0,0,0),(AH36-AJ36)<TIME(0,3,0)),"OK",IF((AH36-AJ36)>=TIME(0,3,0),"ADELANTADO"))))))) | AK36: =IF(AB36<>"",HLOOKUP(VALUE(TEXT(AH36,"h:mm:ss")),IF($C$6="Laboral",[1]Input!$A$4:$Y$227,IF($C$6="Sábado",[1]Input!$A$231:$Y$452,[1]Input!$A$456:$Y$656)),VLOOKUP($C$4,[1]Input!$AG$2:$AI$99,3,0)+IF(AD$5="Ida",0,1),1),"") -> #N/A | AL36: =IF(AB37<>AB36,AVERAGEIF(AB$9:AB36,AB36,AK$9:AK36),"") | AM36: =IFERROR(IF(AB37<>AB36,AVERAGEIF(AB$9:AB36,AB36,AT$9:AT36),""),"") | AN36: =IFERROR(IF(AB37<>AB36,AVERAGEIF(AB$9:AB36,AB36,AU$9:AU36),""),"") | AO36: {=IFERROR(IF(AB37<>AB36,_xlfn.STDEV.P(IF(AB$9:AB36=AB36,AU$9:AU36)),""),"")} | AP36: {=IFERROR(IF(AB37<>AB36,_xlfn.STDEV.P(IF(AB$9:AB36=AB36,AT$9:AT36)),""),"")} | AQ36: =IFERROR(IF(AB36<>AB37,MAX((((AN36*24*60)/2)*(1+POWER((((AO36*24*60) / (AN36*24*60) )),2))) + ((AN36*24*60 )*-0.1 + (AL36*0.015)) +1,(((AN36*24*60)/2)*(1+POWER((((AO36*24*60) / (AN36*24*60 ))),2)))),""),"") | AR36: =IF(AND(AP36<>"",AM36<>""),IF(AB36<>AB37,((AM36*24*60) / 2 ) * (1 + POWER(((AP36*24*60) / (AM36*24*60)),2)),""),"") | AS36: =IF(AR36<>"",MAX(AQ36,AR36),"") | AT36: =IF(AJ36<>"H. Sale Real",IF(AND(AJ37<>"",LEFT(AD37,2)<>"NC"),IF(AND(AJ36<>"",LEFT(AD36,2)<>"NC",AJ36<>"H. Sale Real"),IF(AJ37-AJ36<0.208333333333333,AJ37-AJ36,""),IF(AND(AJ35<>"",LEFT(AD35,2)<>"NC",AJ35<>"H. Sale Real"),IF(AJ37-AJ35<0.208333333333333,AJ37-AJ35,""),IF(AND(AJ34<>"",LEFT(AD34,2)<>"NC",AJ34<>"H. Sale Real"),IF(AJ37-AJ34<0.208333333333333,AJ37-AJ34,""),IF(AND(AJ33<>"",LEFT(AD33,2)<>"NC",AJ33<>"H. Sale Real"),IF(AJ37-AJ33<0.208333333333333,AJ37-AJ33,""),IF(AND(AJ32<>"",LEFT(AD32,2)<>"NC",AJ32<>"H. Sale Real"),IF(AJ37-AJ32<0.208333333333333,AJ37-AJ32,""),""))))),""),"") | AU36: =IF(AH36<>"H. Sale Real",IF(AND(AH37<>"",LEFT(AD37,2)<>"NC"),IF(AND(AH36<>"",LEFT(AD36,2)<>"NC",AH36<>"H. Sale Real"),IF(AH37-AH36<0.208333333333333,AH37-AH36,""),IF(AND(AH35<>"",LEFT(AD35,2)<>"NC",AH35<>"H. Sale Real"),IF(AH37-AH35<0.208333333333333,AH37-AH35,""),IF(AND(AH34<>"",LEFT(AD34,2)<>"NC",AH34<>"H. Sale Real"),IF(AH37-AH34<0.208333333333333,AH37-AH34,""),IF(AND(AH33<>"",LEFT(AD33,2)<>"NC",AH33<>"H. Sale Real"),IF(AH37-AH33<0.208333333333333,AH37-AH33,""),IF(AND(AH32<>"",LEFT(AD32,2)<>"NC",AH32<>"H. Sale Real"),IF(AH37-AH32<0.208333333333333,AH37-AH32,""),""))))),""),"") | AX36: {=IF(AH36<>"",IF(AND(AX34:AX35<>"IE",AQ36<>0,AS36<>""),IF(IFERROR((AQ36/AS36),0) <=1,IFERROR(AQ36/AS36,""),1),""),"")} | BC36: 24 | BD36: =COUNTIFS($A:$A,$BC36,$C:$C,$BC$11) -> 0 | BE36: =BD36-COUNTIFS($A:$A,$BC36,$C:$C,$BC$11,$H:$H,"") -> 0 | BF36: =IFERROR((BE36/BD36),"") | BG36: =_xlfn.XLOOKUP(BC36,$A:$A,$R:$R,"0",0,-1) -> 0 | BH36: =_xlfn.XLOOKUP(BC36,$A:$A,$P:$P,"0",0,-1) -> 0 | BI36: =_xlfn.XLOOKUP(BC36,$A:$A,$W:$W,"",0,-1) | BL36: 24 | BM36: =COUNTIFS($AB:$AB,$BL36,$AD:$AD,$BL$11) -> 0 | BN36: =BM36-COUNTIFS($AB:$AB,$BL36,$AD:$AD,$BL$11,$AI:$AI,"") -> 0 | BO36: =IFERROR((BN36/BM36),"") | BP36: =_xlfn.XLOOKUP(BL36,$AB:$AB,$AS:$AS,"0",0,-1) -> 0 | BQ36: =_xlfn.XLOOKUP(BL36,$AB:$AB,$AQ:$AQ,"0",0,-1) -> 0 | BR36: =_xlfn.XLOOKUP(BL36,$AB:$AB,$AX:$AX,"",0,-1)
A37: =HOUR(G37)+1 -> 1 | D37: =IFERROR( IF(AND(OR(Planilla!B37="C",Planilla!B37="c"), VLOOKUP(E37,[1]Diccionario!B:N,13,0)="C"), "OK",IF(AND(OR(Planilla!B37="C",Planilla!B37="c"), OR(VLOOKUP(E37,[1]Diccionario!B:N,13,0)="B", VLOOKUP(E37,[1]Diccionario!B:N,13,0)="A")), "DEFICIT",IF( AND(OR(Planilla!B37="B", Planilla!B37="BPAL"), VLOOKUP(E37,[1]Diccionario!B:N,13,0)="B"), "OK",IF(AND(OR(Planilla!B37="B", Planilla!B37="BPAL"), VLOOKUP(E37,[1]Diccionario!B:N,13,0)="A"), "DEFICIT",IF(AND(OR(Planilla!B37="B", Planilla!B37="BPAL"), VLOOKUP(E37,[1]Diccionario!B:N,13,0)="C"), "SOBREOFERTA",IF(AND(Planilla!B37="A", VLOOKUP(E37,[1]Diccionario!B:N,13,0)="A"), "OK",IF( AND(Planilla!B37="A", OR(VLOOKUP(E37,[1]Diccionario!B:N,13,0)="B", VLOOKUP(E37,[1]Diccionario!B:N,13,0)="C")), "SOBREOFERTA","" ))))))),"") | F37: =+IF(G37="","",INT(G37*48+1.00001)) | H37: =IF(I37="","",IF(AND((I37-G37)>=TIME(0,0,0),(I37-G37)<TIME(0,3,0)),"OK",IF(AND((I37-G37)>=TIME(0,3,0),(I37-G37)<TIME(0,5,0)),"RETRASO DE 3-5 MIN",IF(AND((I37-G37)>=TIME(0,5,0),(I37-G37)<TIME(0,10,0)),"RETRASO DE 5-10 MIN",IF((I37-G37)>=TIME(0,10,0),"RETRASO >10 MIN", IF(AND((G37-I37)>=TIME(0,0,0),(G37-I37)<TIME(0,3,0)),"OK",IF((G37-I37)>=TIME(0,3,0),"ADELANTADO"))))))) | J37: =IF(A37<>"",HLOOKUP(VALUE(TEXT(G37,"h:mm:ss")),IF($C$6="Laboral",[1]Input!$A$4:$Y$227,IF($C$6="Sábado",[1]Input!$A$231:$Y$452,[1]Input!$A$456:$Y$656)),VLOOKUP($C$4,[1]Input!$AG$2:$AI$99,3,0)+IF(C$5="Ida",0,1),1),"") -> #N/A | K37: =IF(A38<>A37,AVERAGEIF(A$9:A37,A37,J$13:J37),"") | L37: =IFERROR(IF(A38<>A37,AVERAGEIF(A$9:A37,A37,S$13:S37),""),"") | M37: =IFERROR(IF(A38<>A37,AVERAGEIF(A$9:A37,A37,T$8:T37),""),"") | N37: {=IFERROR(IF(A38<>A37,_xlfn.STDEV.P(IF(A$9:A37=A37,T$7:T37)),""),"")} | O37: {=IFERROR(IF(A38<>A37,_xlfn.STDEV.P(IF(A$9:A37=A37,S$7:S37)),""),"")} | P37: =IFERROR(IF(A37<>A38,MAX((((M37*24*60)/2)*(1+POWER((((N37*24*60) / (M37*24*60) )),2))) + ((M37*24*60 )*-0.1 + (K37*0.015)) +1,(((M37*24*60)/2)*(1+POWER((((N37*24*60) / (M37*24*60 ))),2)))),""),"") | Q37: =IF(AND(O37<>"",L37<>""),IF(A37<>A38,((L37*24*60) / 2 ) * (1 + POWER(((O37*24*60) / (L37*24*60)),2)),""),"") | R37: =IF(Q37<>"",MAX(P37,Q37),"") | S37: =IF(I37<>"H. Sale Real",IF(AND(I38<>"",LEFT(C38,2)<>"NC"),IF(AND(I37<>"",LEFT(C37,2)<>"NC",I37<>"H. Sale Real"),IF(I38-I37<0.208333333333333,I38-I37,""),IF(AND(I36<>"",LEFT(C36,2)<>"NC",I36<>"H. Sale Real"),IF(I38-I36<0.208333333333333,I38-I36,""),IF(AND(I35<>"",LEFT(C35,2)<>"NC",I35<>"H. Sale Real"),IF(I38-I35<0.208333333333333,I38-I35,""),IF(AND(I34<>"",LEFT(C34,2)<>"NC",I34<>"H. Sale Real"),IF(I38-I34<0.208333333333333,I38-I34,""),IF(AND(I33<>"",LEFT(C33,2)<>"NC",I33<>"H. Sale Real"),IF(I38-I33<0.208333333333333,I38-I33,""),""))))),""),"") | T37: =IF(G37<>"H. Sale Real",IF(AND(G38<>"",LEFT(C38,2)<>"NC"),IF(AND(G37<>"",LEFT(C37,2)<>"NC",G37<>"H. Sale Real"),IF(G38-G37<0.208333333333333,G38-G37,""),IF(AND(G36<>"",LEFT(C36,2)<>"NC",G36<>"H. Sale Real"),IF(G38-G36<0.208333333333333,G38-G36,""),IF(AND(G35<>"",LEFT(C35,2)<>"NC",G35<>"H. Sale Real"),IF(G38-G35<0.208333333333333,G38-G35,""),IF(AND(G34<>"",LEFT(C34,2)<>"NC",G34<>"H. Sale Real"),IF(G38-G34<0.208333333333333,G38-G34,""),IF(AND(G33<>"",LEFT(C33,2)<>"NC",G33<>"H. Sale Real"),IF(G38-G33<0.208333333333333,G38-G33,""),""))))),""),"") | W37: =IF(G37<>"",IF(AND(W36<>"IE",P37<>0,R37<>""),IF(IFERROR((P37/R37),0) <=1,IFERROR(P37/R37,""),1),""),"") | AB37: =HOUR(AH37)+1 -> 1 | AE37: =IFERROR( IF(AND(OR(AC37="C",AC37="c"), VLOOKUP(AF37,[1]Diccionario!B:N,13,0)="C"), "OK",IF(AND(OR(AC37="C",AC37="c"), OR(VLOOKUP(AF37,[1]Diccionario!B:N,13,0)="B", VLOOKUP(AF37,[1]Diccionario!B:N,13,0)="A")), "DEFICIT",IF( AND(OR(AC37="B", AC37="BPAL"), VLOOKUP(AF37,[1]Diccionario!B:N,13,0)="B"), "OK",IF(AND(OR(AC37="B", AC37="BPAL"), VLOOKUP(AF37,[1]Diccionario!B:N,13,0)="A"), "DEFICIT",IF(AND(OR(AC37="B", AC37="BPAL"), VLOOKUP(AF37,[1]Diccionario!B:N,13,0)="C"), "SOBREOFERTA",IF(AND(AC37="A", VLOOKUP(AF37,[1]Diccionario!B:N,13,0)="A"), "OK",IF( AND(AC37="A", OR(VLOOKUP(AF37,[1]Diccionario!B:N,13,0)="B", VLOOKUP(AF37,[1]Diccionario!B:N,13,0)="C")), "SOBREOFERTA","" ))))))),"") | AI37: =IF(AJ37="","",IF(AND((AJ37-AH37)>=TIME(0,0,0),(AJ37-AH37)<TIME(0,3,0)),"OK",IF(AND((AJ37-AH37)>=TIME(0,3,0),(AJ37-AH37)<TIME(0,5,0)),"RETRASO DE 3-5 MIN",IF(AND((AJ37-AH37)>=TIME(0,5,0),(AJ37-AH37)<TIME(0,10,0)),"RETRASO DE 5-10 MIN",IF((AJ37-AH37)>=TIME(0,10,0),"RETRASO >10 MIN", IF(AND((AH37-AJ37)>=TIME(0,0,0),(AH37-AJ37)<TIME(0,3,0)),"OK",IF((AH37-AJ37)>=TIME(0,3,0),"ADELANTADO"))))))) | AK37: =IF(AB37<>"",HLOOKUP(VALUE(TEXT(AH37,"h:mm:ss")),IF($C$6="Laboral",[1]Input!$A$4:$Y$227,IF($C$6="Sábado",[1]Input!$A$231:$Y$452,[1]Input!$A$456:$Y$656)),VLOOKUP($C$4,[1]Input!$AG$2:$AI$99,3,0)+IF(AD$5="Ida",0,1),1),"") -> #N/A | AL37: =IF(AB38<>AB37,AVERAGEIF(AB$9:AB37,AB37,AK$9:AK37),"") | AM37: =IFERROR(IF(AB38<>AB37,AVERAGEIF(AB$9:AB37,AB37,AT$9:AT37),""),"") | AN37: =IFERROR(IF(AB38<>AB37,AVERAGEIF(AB$9:AB37,AB37,AU$9:AU37),""),"") | AO37: {=IFERROR(IF(AB38<>AB37,_xlfn.STDEV.P(IF(AB$9:AB37=AB37,AU$9:AU37)),""),"")} | AP37: {=IFERROR(IF(AB38<>AB37,_xlfn.STDEV.P(IF(AB$9:AB37=AB37,AT$9:AT37)),""),"")} | AQ37: =IFERROR(IF(AB37<>AB38,MAX((((AN37*24*60)/2)*(1+POWER((((AO37*24*60) / (AN37*24*60) )),2))) + ((AN37*24*60 )*-0.1 + (AL37*0.015)) +1,(((AN37*24*60)/2)*(1+POWER((((AO37*24*60) / (AN37*24*60 ))),2)))),""),"") | AR37: =IF(AND(AP37<>"",AM37<>""),IF(AB37<>AB38,((AM37*24*60) / 2 ) * (1 + POWER(((AP37*24*60) / (AM37*24*60)),2)),""),"") | AS37: =IF(AR37<>"",MAX(AQ37,AR37),"") | AT37: =IF(AJ37<>"H. Sale Real",IF(AND(AJ38<>"",LEFT(AD38,2)<>"NC"),IF(AND(AJ37<>"",LEFT(AD37,2)<>"NC",AJ37<>"H. Sale Real"),IF(AJ38-AJ37<0.208333333333333,AJ38-AJ37,""),IF(AND(AJ36<>"",LEFT(AD36,2)<>"NC",AJ36<>"H. Sale Real"),IF(AJ38-AJ36<0.208333333333333,AJ38-AJ36,""),IF(AND(AJ35<>"",LEFT(AD35,2)<>"NC",AJ35<>"H. Sale Real"),IF(AJ38-AJ35<0.208333333333333,AJ38-AJ35,""),IF(AND(AJ34<>"",LEFT(AD34,2)<>"NC",AJ34<>"H. Sale Real"),IF(AJ38-AJ34<0.208333333333333,AJ38-AJ34,""),IF(AND(AJ33<>"",LEFT(AD33,2)<>"NC",AJ33<>"H. Sale Real"),IF(AJ38-AJ33<0.208333333333333,AJ38-AJ33,""),""))))),""),"") | AU37: =IF(AH37<>"H. Sale Real",IF(AND(AH38<>"",LEFT(AD38,2)<>"NC"),IF(AND(AH37<>"",LEFT(AD37,2)<>"NC",AH37<>"H. Sale Real"),IF(AH38-AH37<0.208333333333333,AH38-AH37,""),IF(AND(AH36<>"",LEFT(AD36,2)<>"NC",AH36<>"H. Sale Real"),IF(AH38-AH36<0.208333333333333,AH38-AH36,""),IF(AND(AH35<>"",LEFT(AD35,2)<>"NC",AH35<>"H. Sale Real"),IF(AH38-AH35<0.208333333333333,AH38-AH35,""),IF(AND(AH34<>"",LEFT(AD34,2)<>"NC",AH34<>"H. Sale Real"),IF(AH38-AH34<0.208333333333333,AH38-AH34,""),IF(AND(AH33<>"",LEFT(AD33,2)<>"NC",AH33<>"H. Sale Real"),IF(AH38-AH33<0.208333333333333,AH38-AH33,""),""))))),""),"") | AX37: {=IF(AH37<>"",IF(AND(AX35:AX36<>"IE",AQ37<>0,AS37<>""),IF(IFERROR((AQ37/AS37),0) <=1,IFERROR(AQ37/AS37,""),1),""),"")}
A38: =HOUR(G38)+1 -> 1 | D38: =IFERROR( IF(AND(OR(Planilla!B38="C",Planilla!B38="c"), VLOOKUP(E38,[1]Diccionario!B:N,13,0)="C"), "OK",IF(AND(OR(Planilla!B38="C",Planilla!B38="c"), OR(VLOOKUP(E38,[1]Diccionario!B:N,13,0)="B", VLOOKUP(E38,[1]Diccionario!B:N,13,0)="A")), "DEFICIT",IF( AND(OR(Planilla!B38="B", Planilla!B38="BPAL"), VLOOKUP(E38,[1]Diccionario!B:N,13,0)="B"), "OK",IF(AND(OR(Planilla!B38="B", Planilla!B38="BPAL"), VLOOKUP(E38,[1]Diccionario!B:N,13,0)="A"), "DEFICIT",IF(AND(OR(Planilla!B38="B", Planilla!B38="BPAL"), VLOOKUP(E38,[1]Diccionario!B:N,13,0)="C"), "SOBREOFERTA",IF(AND(Planilla!B38="A", VLOOKUP(E38,[1]Diccionario!B:N,13,0)="A"), "OK",IF( AND(Planilla!B38="A", OR(VLOOKUP(E38,[1]Diccionario!B:N,13,0)="B", VLOOKUP(E38,[1]Diccionario!B:N,13,0)="C")), "SOBREOFERTA","" ))))))),"") | F38: =+IF(G38="","",INT(G38*48+1.00001)) | H38: =IF(I38="","",IF(AND((I38-G38)>=TIME(0,0,0),(I38-G38)<TIME(0,3,0)),"OK",IF(AND((I38-G38)>=TIME(0,3,0),(I38-G38)<TIME(0,5,0)),"RETRASO DE 3-5 MIN",IF(AND((I38-G38)>=TIME(0,5,0),(I38-G38)<TIME(0,10,0)),"RETRASO DE 5-10 MIN",IF((I38-G38)>=TIME(0,10,0),"RETRASO >10 MIN", IF(AND((G38-I38)>=TIME(0,0,0),(G38-I38)<TIME(0,3,0)),"OK",IF((G38-I38)>=TIME(0,3,0),"ADELANTADO"))))))) | J38: =IF(A38<>"",HLOOKUP(VALUE(TEXT(G38,"h:mm:ss")),IF($C$6="Laboral",[1]Input!$A$4:$Y$227,IF($C$6="Sábado",[1]Input!$A$231:$Y$452,[1]Input!$A$456:$Y$656)),VLOOKUP($C$4,[1]Input!$AG$2:$AI$99,3,0)+IF(C$5="Ida",0,1),1),"") -> #N/A | K38: =IF(A39<>A38,AVERAGEIF(A$9:A38,A38,J$13:J38),"") | L38: =IFERROR(IF(A39<>A38,AVERAGEIF(A$9:A38,A38,S$13:S38),""),"") | M38: =IFERROR(IF(A39<>A38,AVERAGEIF(A$9:A38,A38,T$8:T38),""),"") | N38: {=IFERROR(IF(A39<>A38,_xlfn.STDEV.P(IF(A$9:A38=A38,T$7:T38)),""),"")} | O38: {=IFERROR(IF(A39<>A38,_xlfn.STDEV.P(IF(A$9:A38=A38,S$7:S38)),""),"")} | P38: =IFERROR(IF(A38<>A39,MAX((((M38*24*60)/2)*(1+POWER((((N38*24*60) / (M38*24*60) )),2))) + ((M38*24*60 )*-0.1 + (K38*0.015)) +1,(((M38*24*60)/2)*(1+POWER((((N38*24*60) / (M38*24*60 ))),2)))),""),"") | Q38: =IF(AND(O38<>"",L38<>""),IF(A38<>A39,((L38*24*60) / 2 ) * (1 + POWER(((O38*24*60) / (L38*24*60)),2)),""),"") | R38: =IF(Q38<>"",MAX(P38,Q38),"") | S38: =IF(I38<>"H. Sale Real",IF(AND(I39<>"",LEFT(C39,2)<>"NC"),IF(AND(I38<>"",LEFT(C38,2)<>"NC",I38<>"H. Sale Real"),IF(I39-I38<0.208333333333333,I39-I38,""),IF(AND(I37<>"",LEFT(C37,2)<>"NC",I37<>"H. Sale Real"),IF(I39-I37<0.208333333333333,I39-I37,""),IF(AND(I36<>"",LEFT(C36,2)<>"NC",I36<>"H. Sale Real"),IF(I39-I36<0.208333333333333,I39-I36,""),IF(AND(I35<>"",LEFT(C35,2)<>"NC",I35<>"H. Sale Real"),IF(I39-I35<0.208333333333333,I39-I35,""),IF(AND(I34<>"",LEFT(C34,2)<>"NC",I34<>"H. Sale Real"),IF(I39-I34<0.208333333333333,I39-I34,""),""))))),""),"") | T38: =IF(G38<>"H. Sale Real",IF(AND(G39<>"",LEFT(C39,2)<>"NC"),IF(AND(G38<>"",LEFT(C38,2)<>"NC",G38<>"H. Sale Real"),IF(G39-G38<0.208333333333333,G39-G38,""),IF(AND(G37<>"",LEFT(C37,2)<>"NC",G37<>"H. Sale Real"),IF(G39-G37<0.208333333333333,G39-G37,""),IF(AND(G36<>"",LEFT(C36,2)<>"NC",G36<>"H. Sale Real"),IF(G39-G36<0.208333333333333,G39-G36,""),IF(AND(G35<>"",LEFT(C35,2)<>"NC",G35<>"H. Sale Real"),IF(G39-G35<0.208333333333333,G39-G35,""),IF(AND(G34<>"",LEFT(C34,2)<>"NC",G34<>"H. Sale Real"),IF(G39-G34<0.208333333333333,G39-G34,""),""))))),""),"") | W38: =IF(G38<>"",IF(AND(W37<>"IE",P38<>0,R38<>""),IF(IFERROR((P38/R38),0) <=1,IFERROR(P38/R38,""),1),""),"") | AB38: =HOUR(AH38)+1 -> 1 | AE38: =IFERROR( IF(AND(OR(AC38="C",AC38="c"), VLOOKUP(AF38,[1]Diccionario!B:N,13,0)="C"), "OK",IF(AND(OR(AC38="C",AC38="c"), OR(VLOOKUP(AF38,[1]Diccionario!B:N,13,0)="B", VLOOKUP(AF38,[1]Diccionario!B:N,13,0)="A")), "DEFICIT",IF( AND(OR(AC38="B", AC38="BPAL"), VLOOKUP(AF38,[1]Diccionario!B:N,13,0)="B"), "OK",IF(AND(OR(AC38="B", AC38="BPAL"), VLOOKUP(AF38,[1]Diccionario!B:N,13,0)="A"), "DEFICIT",IF(AND(OR(AC38="B", AC38="BPAL"), VLOOKUP(AF38,[1]Diccionario!B:N,13,0)="C"), "SOBREOFERTA",IF(AND(AC38="A", VLOOKUP(AF38,[1]Diccionario!B:N,13,0)="A"), "OK",IF( AND(AC38="A", OR(VLOOKUP(AF38,[1]Diccionario!B:N,13,0)="B", VLOOKUP(AF38,[1]Diccionario!B:N,13,0)="C")), "SOBREOFERTA","" ))))))),"") | AI38: =IF(AJ38="","",IF(AND((AJ38-AH38)>=TIME(0,0,0),(AJ38-AH38)<TIME(0,3,0)),"OK",IF(AND((AJ38-AH38)>=TIME(0,3,0),(AJ38-AH38)<TIME(0,5,0)),"RETRASO DE 3-5 MIN",IF(AND((AJ38-AH38)>=TIME(0,5,0),(AJ38-AH38)<TIME(0,10,0)),"RETRASO DE 5-10 MIN",IF((AJ38-AH38)>=TIME(0,10,0),"RETRASO >10 MIN", IF(AND((AH38-AJ38)>=TIME(0,0,0),(AH38-AJ38)<TIME(0,3,0)),"OK",IF((AH38-AJ38)>=TIME(0,3,0),"ADELANTADO"))))))) | AK38: =IF(AB38<>"",HLOOKUP(VALUE(TEXT(AH38,"h:mm:ss")),IF($C$6="Laboral",[1]Input!$A$4:$Y$227,IF($C$6="Sábado",[1]Input!$A$231:$Y$452,[1]Input!$A$456:$Y$656)),VLOOKUP($C$4,[1]Input!$AG$2:$AI$99,3,0)+IF(AD$5="Ida",0,1),1),"") -> #N/A | AL38: =IF(AB39<>AB38,AVERAGEIF(AB$9:AB38,AB38,AK$9:AK38),"") | AM38: =IFERROR(IF(AB39<>AB38,AVERAGEIF(AB$9:AB38,AB38,AT$9:AT38),""),"") | AN38: =IFERROR(IF(AB39<>AB38,AVERAGEIF(AB$9:AB38,AB38,AU$9:AU38),""),"") | AO38: {=IFERROR(IF(AB39<>AB38,_xlfn.STDEV.P(IF(AB$9:AB38=AB38,AU$9:AU38)),""),"")} | AP38: {=IFERROR(IF(AB39<>AB38,_xlfn.STDEV.P(IF(AB$9:AB38=AB38,AT$9:AT38)),""),"")} | AQ38: =IFERROR(IF(AB38<>AB39,MAX((((AN38*24*60)/2)*(1+POWER((((AO38*24*60) / (AN38*24*60) )),2))) + ((AN38*24*60 )*-0.1 + (AL38*0.015)) +1,(((AN38*24*60)/2)*(1+POWER((((AO38*24*60) / (AN38*24*60 ))),2)))),""),"") | AR38: =IF(AND(AP38<>"",AM38<>""),IF(AB38<>AB39,((AM38*24*60) / 2 ) * (1 + POWER(((AP38*24*60) / (AM38*24*60)),2)),""),"") | AS38: =IF(AR38<>"",MAX(AQ38,AR38),"") | AT38: =IF(AJ38<>"H. Sale Real",IF(AND(AJ39<>"",LEFT(AD39,2)<>"NC"),IF(AND(AJ38<>"",LEFT(AD38,2)<>"NC",AJ38<>"H. Sale Real"),IF(AJ39-AJ38<0.208333333333333,AJ39-AJ38,""),IF(AND(AJ37<>"",LEFT(AD37,2)<>"NC",AJ37<>"H. Sale Real"),IF(AJ39-AJ37<0.208333333333333,AJ39-AJ37,""),IF(AND(AJ36<>"",LEFT(AD36,2)<>"NC",AJ36<>"H. Sale Real"),IF(AJ39-AJ36<0.208333333333333,AJ39-AJ36,""),IF(AND(AJ35<>"",LEFT(AD35,2)<>"NC",AJ35<>"H. Sale Real"),IF(AJ39-AJ35<0.208333333333333,AJ39-AJ35,""),IF(AND(AJ34<>"",LEFT(AD34,2)<>"NC",AJ34<>"H. Sale Real"),IF(AJ39-AJ34<0.208333333333333,AJ39-AJ34,""),""))))),""),"") | AU38: =IF(AH38<>"H. Sale Real",IF(AND(AH39<>"",LEFT(AD39,2)<>"NC"),IF(AND(AH38<>"",LEFT(AD38,2)<>"NC",AH38<>"H. Sale Real"),IF(AH39-AH38<0.208333333333333,AH39-AH38,""),IF(AND(AH37<>"",LEFT(AD37,2)<>"NC",AH37<>"H. Sale Real"),IF(AH39-AH37<0.208333333333333,AH39-AH37,""),IF(AND(AH36<>"",LEFT(AD36,2)<>"NC",AH36<>"H. Sale Real"),IF(AH39-AH36<0.208333333333333,AH39-AH36,""),IF(AND(AH35<>"",LEFT(AD35,2)<>"NC",AH35<>"H. Sale Real"),IF(AH39-AH35<0.208333333333333,AH39-AH35,""),IF(AND(AH34<>"",LEFT(AD34,2)<>"NC",AH34<>"H. Sale Real"),IF(AH39-AH34<0.208333333333333,AH39-AH34,""),""))))),""),"") | AX38: {=IF(AH38<>"",IF(AND(AX36:AX37<>"IE",AQ38<>0,AS38<>""),IF(IFERROR((AQ38/AS38),0) <=1,IFERROR(AQ38/AS38,""),1),""),"")}
A39: =HOUR(G39)+1 -> 1 | D39: =IFERROR( IF(AND(OR(Planilla!B39="C",Planilla!B39="c"), VLOOKUP(E39,[1]Diccionario!B:N,13,0)="C"), "OK",IF(AND(OR(Planilla!B39="C",Planilla!B39="c"), OR(VLOOKUP(E39,[1]Diccionario!B:N,13,0)="B", VLOOKUP(E39,[1]Diccionario!B:N,13,0)="A")), "DEFICIT",IF( AND(OR(Planilla!B39="B", Planilla!B39="BPAL"), VLOOKUP(E39,[1]Diccionario!B:N,13,0)="B"), "OK",IF(AND(OR(Planilla!B39="B", Planilla!B39="BPAL"), VLOOKUP(E39,[1]Diccionario!B:N,13,0)="A"), "DEFICIT",IF(AND(OR(Planilla!B39="B", Planilla!B39="BPAL"), VLOOKUP(E39,[1]Diccionario!B:N,13,0)="C"), "SOBREOFERTA",IF(AND(Planilla!B39="A", VLOOKUP(E39,[1]Diccionario!B:N,13,0)="A"), "OK",IF( AND(Planilla!B39="A", OR(VLOOKUP(E39,[1]Diccionario!B:N,13,0)="B", VLOOKUP(E39,[1]Diccionario!B:N,13,0)="C")), "SOBREOFERTA","" ))))))),"") | F39: =+IF(G39="","",INT(G39*48+1.00001)) | H39: =IF(I39="","",IF(AND((I39-G39)>=TIME(0,0,0),(I39-G39)<TIME(0,3,0)),"OK",IF(AND((I39-G39)>=TIME(0,3,0),(I39-G39)<TIME(0,5,0)),"RETRASO DE 3-5 MIN",IF(AND((I39-G39)>=TIME(0,5,0),(I39-G39)<TIME(0,10,0)),"RETRASO DE 5-10 MIN",IF((I39-G39)>=TIME(0,10,0),"RETRASO >10 MIN", IF(AND((G39-I39)>=TIME(0,0,0),(G39-I39)<TIME(0,3,0)),"OK",IF((G39-I39)>=TIME(0,3,0),"ADELANTADO"))))))) | J39: =IF(A39<>"",HLOOKUP(VALUE(TEXT(G39,"h:mm:ss")),IF($C$6="Laboral",[1]Input!$A$4:$Y$227,IF($C$6="Sábado",[1]Input!$A$231:$Y$452,[1]Input!$A$456:$Y$656)),VLOOKUP($C$4,[1]Input!$AG$2:$AI$99,3,0)+IF(C$5="Ida",0,1),1),"") -> #N/A | K39: =IF(A40<>A39,AVERAGEIF(A$9:A39,A39,J$13:J39),"") | L39: =IFERROR(IF(A40<>A39,AVERAGEIF(A$9:A39,A39,S$13:S39),""),"") | M39: =IFERROR(IF(A40<>A39,AVERAGEIF(A$9:A39,A39,T$8:T39),""),"") | N39: {=IFERROR(IF(A40<>A39,_xlfn.STDEV.P(IF(A$9:A39=A39,T$7:T39)),""),"")} | O39: {=IFERROR(IF(A40<>A39,_xlfn.STDEV.P(IF(A$9:A39=A39,S$7:S39)),""),"")} | P39: =IFERROR(IF(A39<>A40,MAX((((M39*24*60)/2)*(1+POWER((((N39*24*60) / (M39*24*60) )),2))) + ((M39*24*60 )*-0.1 + (K39*0.015)) +1,(((M39*24*60)/2)*(1+POWER((((N39*24*60) / (M39*24*60 ))),2)))),""),"") | Q39: =IF(AND(O39<>"",L39<>""),IF(A39<>A40,((L39*24*60) / 2 ) * (1 + POWER(((O39*24*60) / (L39*24*60)),2)),""),"") | R39: =IF(Q39<>"",MAX(P39,Q39),"") | S39: =IF(I39<>"H. Sale Real",IF(AND(I40<>"",LEFT(C40,2)<>"NC"),IF(AND(I39<>"",LEFT(C39,2)<>"NC",I39<>"H. Sale Real"),IF(I40-I39<0.208333333333333,I40-I39,""),IF(AND(I38<>"",LEFT(C38,2)<>"NC",I38<>"H. Sale Real"),IF(I40-I38<0.208333333333333,I40-I38,""),IF(AND(I37<>"",LEFT(C37,2)<>"NC",I37<>"H. Sale Real"),IF(I40-I37<0.208333333333333,I40-I37,""),IF(AND(I36<>"",LEFT(C36,2)<>"NC",I36<>"H. Sale Real"),IF(I40-I36<0.208333333333333,I40-I36,""),IF(AND(I35<>"",LEFT(C35,2)<>"NC",I35<>"H. Sale Real"),IF(I40-I35<0.208333333333333,I40-I35,""),""))))),""),"") | T39: =IF(G39<>"H. Sale Real",IF(AND(G40<>"",LEFT(C40,2)<>"NC"),IF(AND(G39<>"",LEFT(C39,2)<>"NC",G39<>"H. Sale Real"),IF(G40-G39<0.208333333333333,G40-G39,""),IF(AND(G38<>"",LEFT(C38,2)<>"NC",G38<>"H. Sale Real"),IF(G40-G38<0.208333333333333,G40-G38,""),IF(AND(G37<>"",LEFT(C37,2)<>"NC",G37<>"H. Sale Real"),IF(G40-G37<0.208333333333333,G40-G37,""),IF(AND(G36<>"",LEFT(C36,2)<>"NC",G36<>"H. Sale Real"),IF(G40-G36<0.208333333333333,G40-G36,""),IF(AND(G35<>"",LEFT(C35,2)<>"NC",G35<>"H. Sale Real"),IF(G40-G35<0.208333333333333,G40-G35,""),""))))),""),"") | W39: =IF(G39<>"",IF(AND(W38<>"IE",P39<>0,R39<>""),IF(IFERROR((P39/R39),0) <=1,IFERROR(P39/R39,""),1),""),"") | AB39: =HOUR(AH39)+1 -> 1 | AE39: =IFERROR( IF(AND(OR(AC39="C",AC39="c"), VLOOKUP(AF39,[1]Diccionario!B:N,13,0)="C"), "OK",IF(AND(OR(AC39="C",AC39="c"), OR(VLOOKUP(AF39,[1]Diccionario!B:N,13,0)="B", VLOOKUP(AF39,[1]Diccionario!B:N,13,0)="A")), "DEFICIT",IF( AND(OR(AC39="B", AC39="BPAL"), VLOOKUP(AF39,[1]Diccionario!B:N,13,0)="B"), "OK",IF(AND(OR(AC39="B", AC39="BPAL"), VLOOKUP(AF39,[1]Diccionario!B:N,13,0)="A"), "DEFICIT",IF(AND(OR(AC39="B", AC39="BPAL"), VLOOKUP(AF39,[1]Diccionario!B:N,13,0)="C"), "SOBREOFERTA",IF(AND(AC39="A", VLOOKUP(AF39,[1]Diccionario!B:N,13,0)="A"), "OK",IF( AND(AC39="A", OR(VLOOKUP(AF39,[1]Diccionario!B:N,13,0)="B", VLOOKUP(AF39,[1]Diccionario!B:N,13,0)="C")), "SOBREOFERTA","" ))))))),"") | AI39: =IF(AJ39="","",IF(AND((AJ39-AH39)>=TIME(0,0,0),(AJ39-AH39)<TIME(0,3,0)),"OK",IF(AND((AJ39-AH39)>=TIME(0,3,0),(AJ39-AH39)<TIME(0,5,0)),"RETRASO DE 3-5 MIN",IF(AND((AJ39-AH39)>=TIME(0,5,0),(AJ39-AH39)<TIME(0,10,0)),"RETRASO DE 5-10 MIN",IF((AJ39-AH39)>=TIME(0,10,0),"RETRASO >10 MIN", IF(AND((AH39-AJ39)>=TIME(0,0,0),(AH39-AJ39)<TIME(0,3,0)),"OK",IF((AH39-AJ39)>=TIME(0,3,0),"ADELANTADO"))))))) | AK39: =IF(AB39<>"",HLOOKUP(VALUE(TEXT(AH39,"h:mm:ss")),IF($C$6="Laboral",[1]Input!$A$4:$Y$227,IF($C$6="Sábado",[1]Input!$A$231:$Y$452,[1]Input!$A$456:$Y$656)),VLOOKUP($C$4,[1]Input!$AG$2:$AI$99,3,0)+IF(AD$5="Ida",0,1),1),"") -> #N/A | AL39: =IF(AB40<>AB39,AVERAGEIF(AB$9:AB39,AB39,AK$9:AK39),"") | AM39: =IFERROR(IF(AB40<>AB39,AVERAGEIF(AB$9:AB39,AB39,AT$9:AT39),""),"") | AN39: =IFERROR(IF(AB40<>AB39,AVERAGEIF(AB$9:AB39,AB39,AU$9:AU39),""),"") | AO39: {=IFERROR(IF(AB40<>AB39,_xlfn.STDEV.P(IF(AB$9:AB39=AB39,AU$9:AU39)),""),"")} | AP39: {=IFERROR(IF(AB40<>AB39,_xlfn.STDEV.P(IF(AB$9:AB39=AB39,AT$9:AT39)),""),"")} | AQ39: =IFERROR(IF(AB39<>AB40,MAX((((AN39*24*60)/2)*(1+POWER((((AO39*24*60) / (AN39*24*60) )),2))) + ((AN39*24*60 )*-0.1 + (AL39*0.015)) +1,(((AN39*24*60)/2)*(1+POWER((((AO39*24*60) / (AN39*24*60 ))),2)))),""),"") | AR39: =IF(AND(AP39<>"",AM39<>""),IF(AB39<>AB40,((AM39*24*60) / 2 ) * (1 + POWER(((AP39*24*60) / (AM39*24*60)),2)),""),"") | AS39: =IF(AR39<>"",MAX(AQ39,AR39),"") | AT39: =IF(AJ39<>"H. Sale Real",IF(AND(AJ40<>"",LEFT(AD40,2)<>"NC"),IF(AND(AJ39<>"",LEFT(AD39,2)<>"NC",AJ39<>"H. Sale Real"),IF(AJ40-AJ39<0.208333333333333,AJ40-AJ39,""),IF(AND(AJ38<>"",LEFT(AD38,2)<>"NC",AJ38<>"H. Sale Real"),IF(AJ40-AJ38<0.208333333333333,AJ40-AJ38,""),IF(AND(AJ37<>"",LEFT(AD37,2)<>"NC",AJ37<>"H. Sale Real"),IF(AJ40-AJ37<0.208333333333333,AJ40-AJ37,""),IF(AND(AJ36<>"",LEFT(AD36,2)<>"NC",AJ36<>"H. Sale Real"),IF(AJ40-AJ36<0.208333333333333,AJ40-AJ36,""),IF(AND(AJ35<>"",LEFT(AD35,2)<>"NC",AJ35<>"H. Sale Real"),IF(AJ40-AJ35<0.208333333333333,AJ40-AJ35,""),""))))),""),"") | AU39: =IF(AH39<>"H. Sale Real",IF(AND(AH40<>"",LEFT(AD40,2)<>"NC"),IF(AND(AH39<>"",LEFT(AD39,2)<>"NC",AH39<>"H. Sale Real"),IF(AH40-AH39<0.208333333333333,AH40-AH39,""),IF(AND(AH38<>"",LEFT(AD38,2)<>"NC",AH38<>"H. Sale Real"),IF(AH40-AH38<0.208333333333333,AH40-AH38,""),IF(AND(AH37<>"",LEFT(AD37,2)<>"NC",AH37<>"H. Sale Real"),IF(AH40-AH37<0.208333333333333,AH40-AH37,""),IF(AND(AH36<>"",LEFT(AD36,2)<>"NC",AH36<>"H. Sale Real"),IF(AH40-AH36<0.208333333333333,AH40-AH36,""),IF(AND(AH35<>"",LEFT(AD35,2)<>"NC",AH35<>"H. Sale Real"),IF(AH40-AH35<0.208333333333333,AH40-AH35,""),""))))),""),"") | AX39: {=IF(AH39<>"",IF(AND(AX37:AX38<>"IE",AQ39<>0,AS39<>""),IF(IFERROR((AQ39/AS39),0) <=1,IFERROR(AQ39/AS39,""),1),""),"")} | BD39: Teórico | BE39: Real | BF39: ICF-P | BG39: TE Obs | BH39: TE Ideal | BI39: IE | BM39: Teórico | BN39: Real | BO39: ICF-P | BP39: TE Obs | BQ39: TE Ideal | BR39: IE
A40: =HOUR(G40)+1 -> 1 | D40: =IFERROR( IF(AND(OR(Planilla!B40="C",Planilla!B40="c"), VLOOKUP(E40,[1]Diccionario!B:N,13,0)="C"), "OK",IF(AND(OR(Planilla!B40="C",Planilla!B40="c"), OR(VLOOKUP(E40,[1]Diccionario!B:N,13,0)="B", VLOOKUP(E40,[1]Diccionario!B:N,13,0)="A")), "DEFICIT",IF( AND(OR(Planilla!B40="B", Planilla!B40="BPAL"), VLOOKUP(E40,[1]Diccionario!B:N,13,0)="B"), "OK",IF(AND(OR(Planilla!B40="B", Planilla!B40="BPAL"), VLOOKUP(E40,[1]Diccionario!B:N,13,0)="A"), "DEFICIT",IF(AND(OR(Planilla!B40="B", Planilla!B40="BPAL"), VLOOKUP(E40,[1]Diccionario!B:N,13,0)="C"), "SOBREOFERTA",IF(AND(Planilla!B40="A", VLOOKUP(E40,[1]Diccionario!B:N,13,0)="A"), "OK",IF( AND(Planilla!B40="A", OR(VLOOKUP(E40,[1]Diccionario!B:N,13,0)="B", VLOOKUP(E40,[1]Diccionario!B:N,13,0)="C")), "SOBREOFERTA","" ))))))),"") | F40: =+IF(G40="","",INT(G40*48+1.00001)) | H40: =IF(I40="","",IF(AND((I40-G40)>=TIME(0,0,0),(I40-G40)<TIME(0,3,0)),"OK",IF(AND((I40-G40)>=TIME(0,3,0),(I40-G40)<TIME(0,5,0)),"RETRASO DE 3-5 MIN",IF(AND((I40-G40)>=TIME(0,5,0),(I40-G40)<TIME(0,10,0)),"RETRASO DE 5-10 MIN",IF((I40-G40)>=TIME(0,10,0),"RETRASO >10 MIN", IF(AND((G40-I40)>=TIME(0,0,0),(G40-I40)<TIME(0,3,0)),"OK",IF((G40-I40)>=TIME(0,3,0),"ADELANTADO"))))))) | J40: =IF(A40<>"",HLOOKUP(VALUE(TEXT(G40,"h:mm:ss")),IF($C$6="Laboral",[1]Input!$A$4:$Y$227,IF($C$6="Sábado",[1]Input!$A$231:$Y$452,[1]Input!$A$456:$Y$656)),VLOOKUP($C$4,[1]Input!$AG$2:$AI$99,3,0)+IF(C$5="Ida",0,1),1),"") -> #N/A | K40: =IF(A41<>A40,AVERAGEIF(A$9:A40,A40,J$13:J40),"") | L40: =IFERROR(IF(A41<>A40,AVERAGEIF(A$9:A40,A40,S$13:S40),""),"") | M40: =IFERROR(IF(A41<>A40,AVERAGEIF(A$9:A40,A40,T$8:T40),""),"") | N40: {=IFERROR(IF(A41<>A40,_xlfn.STDEV.P(IF(A$9:A40=A40,T$7:T40)),""),"")} | O40: {=IFERROR(IF(A41<>A40,_xlfn.STDEV.P(IF(A$9:A40=A40,S$7:S40)),""),"")} | P40: =IFERROR(IF(A40<>A41,MAX((((M40*24*60)/2)*(1+POWER((((N40*24*60) / (M40*24*60) )),2))) + ((M40*24*60 )*-0.1 + (K40*0.015)) +1,(((M40*24*60)/2)*(1+POWER((((N40*24*60) / (M40*24*60 ))),2)))),""),"") | Q40: =IF(AND(O40<>"",L40<>""),IF(A40<>A41,((L40*24*60) / 2 ) * (1 + POWER(((O40*24*60) / (L40*24*60)),2)),""),"") | R40: =IF(Q40<>"",MAX(P40,Q40),"") | S40: =IF(I40<>"H. Sale Real",IF(AND(I41<>"",LEFT(C41,2)<>"NC"),IF(AND(I40<>"",LEFT(C40,2)<>"NC",I40<>"H. Sale Real"),IF(I41-I40<0.208333333333333,I41-I40,""),IF(AND(I39<>"",LEFT(C39,2)<>"NC",I39<>"H. Sale Real"),IF(I41-I39<0.208333333333333,I41-I39,""),IF(AND(I38<>"",LEFT(C38,2)<>"NC",I38<>"H. Sale Real"),IF(I41-I38<0.208333333333333,I41-I38,""),IF(AND(I37<>"",LEFT(C37,2)<>"NC",I37<>"H. Sale Real"),IF(I41-I37<0.208333333333333,I41-I37,""),IF(AND(I36<>"",LEFT(C36,2)<>"NC",I36<>"H. Sale Real"),IF(I41-I36<0.208333333333333,I41-I36,""),""))))),""),"") | T40: =IF(G40<>"H. Sale Real",IF(AND(G41<>"",LEFT(C41,2)<>"NC"),IF(AND(G40<>"",LEFT(C40,2)<>"NC",G40<>"H. Sale Real"),IF(G41-G40<0.208333333333333,G41-G40,""),IF(AND(G39<>"",LEFT(C39,2)<>"NC",G39<>"H. Sale Real"),IF(G41-G39<0.208333333333333,G41-G39,""),IF(AND(G38<>"",LEFT(C38,2)<>"NC",G38<>"H. Sale Real"),IF(G41-G38<0.208333333333333,G41-G38,""),IF(AND(G37<>"",LEFT(C37,2)<>"NC",G37<>"H. Sale Real"),IF(G41-G37<0.208333333333333,G41-G37,""),IF(AND(G36<>"",LEFT(C36,2)<>"NC",G36<>"H. Sale Real"),IF(G41-G36<0.208333333333333,G41-G36,""),""))))),""),"") | W40: =IF(G40<>"",IF(AND(W39<>"IE",P40<>0,R40<>""),IF(IFERROR((P40/R40),0) <=1,IFERROR(P40/R40,""),1),""),"") | AB40: =HOUR(AH40)+1 -> 1 | AE40: =IFERROR( IF(AND(OR(AC40="C",AC40="c"), VLOOKUP(AF40,[1]Diccionario!B:N,13,0)="C"), "OK",IF(AND(OR(AC40="C",AC40="c"), OR(VLOOKUP(AF40,[1]Diccionario!B:N,13,0)="B", VLOOKUP(AF40,[1]Diccionario!B:N,13,0)="A")), "DEFICIT",IF( AND(OR(AC40="B", AC40="BPAL"), VLOOKUP(AF40,[1]Diccionario!B:N,13,0)="B"), "OK",IF(AND(OR(AC40="B", AC40="BPAL"), VLOOKUP(AF40,[1]Diccionario!B:N,13,0)="A"), "DEFICIT",IF(AND(OR(AC40="B", AC40="BPAL"), VLOOKUP(AF40,[1]Diccionario!B:N,13,0)="C"), "SOBREOFERTA",IF(AND(AC40="A", VLOOKUP(AF40,[1]Diccionario!B:N,13,0)="A"), "OK",IF( AND(AC40="A", OR(VLOOKUP(AF40,[1]Diccionario!B:N,13,0)="B", VLOOKUP(AF40,[1]Diccionario!B:N,13,0)="C")), "SOBREOFERTA","" ))))))),"") | AI40: =IF(AJ40="","",IF(AND((AJ40-AH40)>=TIME(0,0,0),(AJ40-AH40)<TIME(0,3,0)),"OK",IF(AND((AJ40-AH40)>=TIME(0,3,0),(AJ40-AH40)<TIME(0,5,0)),"RETRASO DE 3-5 MIN",IF(AND((AJ40-AH40)>=TIME(0,5,0),(AJ40-AH40)<TIME(0,10,0)),"RETRASO DE 5-10 MIN",IF((AJ40-AH40)>=TIME(0,10,0),"RETRASO >10 MIN", IF(AND((AH40-AJ40)>=TIME(0,0,0),(AH40-AJ40)<TIME(0,3,0)),"OK",IF((AH40-AJ40)>=TIME(0,3,0),"ADELANTADO"))))))) | AK40: =IF(AB40<>"",HLOOKUP(VALUE(TEXT(AH40,"h:mm:ss")),IF($C$6="Laboral",[1]Input!$A$4:$Y$227,IF($C$6="Sábado",[1]Input!$A$231:$Y$452,[1]Input!$A$456:$Y$656)),VLOOKUP($C$4,[1]Input!$AG$2:$AI$99,3,0)+IF(AD$5="Ida",0,1),1),"") -> #N/A | AL40: =IF(AB41<>AB40,AVERAGEIF(AB$9:AB40,AB40,AK$9:AK40),"") | AM40: =IFERROR(IF(AB41<>AB40,AVERAGEIF(AB$9:AB40,AB40,AT$9:AT40),""),"") | AN40: =IFERROR(IF(AB41<>AB40,AVERAGEIF(AB$9:AB40,AB40,AU$9:AU40),""),"") | AO40: {=IFERROR(IF(AB41<>AB40,_xlfn.STDEV.P(IF(AB$9:AB40=AB40,AU$9:AU40)),""),"")} | AP40: {=IFERROR(IF(AB41<>AB40,_xlfn.STDEV.P(IF(AB$9:AB40=AB40,AT$9:AT40)),""),"")} | AQ40: =IFERROR(IF(AB40<>AB41,MAX((((AN40*24*60)/2)*(1+POWER((((AO40*24*60) / (AN40*24*60) )),2))) + ((AN40*24*60 )*-0.1 + (AL40*0.015)) +1,(((AN40*24*60)/2)*(1+POWER((((AO40*24*60) / (AN40*24*60 ))),2)))),""),"") | AR40: =IF(AND(AP40<>"",AM40<>""),IF(AB40<>AB41,((AM40*24*60) / 2 ) * (1 + POWER(((AP40*24*60) / (AM40*24*60)),2)),""),"") | AS40: =IF(AR40<>"",MAX(AQ40,AR40),"") | AT40: =IF(AJ40<>"H. Sale Real",IF(AND(AJ41<>"",LEFT(AD41,2)<>"NC"),IF(AND(AJ40<>"",LEFT(AD40,2)<>"NC",AJ40<>"H. Sale Real"),IF(AJ41-AJ40<0.208333333333333,AJ41-AJ40,""),IF(AND(AJ39<>"",LEFT(AD39,2)<>"NC",AJ39<>"H. Sale Real"),IF(AJ41-AJ39<0.208333333333333,AJ41-AJ39,""),IF(AND(AJ38<>"",LEFT(AD38,2)<>"NC",AJ38<>"H. Sale Real"),IF(AJ41-AJ38<0.208333333333333,AJ41-AJ38,""),IF(AND(AJ37<>"",LEFT(AD37,2)<>"NC",AJ37<>"H. Sale Real"),IF(AJ41-AJ37<0.208333333333333,AJ41-AJ37,""),IF(AND(AJ36<>"",LEFT(AD36,2)<>"NC",AJ36<>"H. Sale Real"),IF(AJ41-AJ36<0.208333333333333,AJ41-AJ36,""),""))))),""),"") | AU40: =IF(AH40<>"H. Sale Real",IF(AND(AH41<>"",LEFT(AD41,2)<>"NC"),IF(AND(AH40<>"",LEFT(AD40,2)<>"NC",AH40<>"H. Sale Real"),IF(AH41-AH40<0.208333333333333,AH41-AH40,""),IF(AND(AH39<>"",LEFT(AD39,2)<>"NC",AH39<>"H. Sale Real"),IF(AH41-AH39<0.208333333333333,AH41-AH39,""),IF(AND(AH38<>"",LEFT(AD38,2)<>"NC",AH38<>"H. Sale Real"),IF(AH41-AH38<0.208333333333333,AH41-AH38,""),IF(AND(AH37<>"",LEFT(AD37,2)<>"NC",AH37<>"H. Sale Real"),IF(AH41-AH37<0.208333333333333,AH41-AH37,""),IF(AND(AH36<>"",LEFT(AD36,2)<>"NC",AH36<>"H. Sale Real"),IF(AH41-AH36<0.208333333333333,AH41-AH36,""),""))))),""),"") | AX40: {=IF(AH40<>"",IF(AND(AX38:AX39<>"IE",AQ40<>0,AS40<>""),IF(IFERROR((AQ40/AS40),0) <=1,IFERROR(AQ40/AS40,""),1),""),"")} | BC40: ICF-P Día | BD40: =SUM(BD13:BD36) -> 0 | BE40: =SUM(BE13:BE36) -> 0 | BF40: =BE40/BD40 -> #DIV/0! | BG40: =SUM(BG13:BG36) -> 0 | BH40: {=SUMPRODUCT((BG13:BG36<>"")*(BH13:BH36))} -> #VALUE! | BI40: =IF(BH40/BG40 > 1, 1,BH40/BG40) -> #VALUE! | BL40: ICF-P Día | BM40: =SUM(BM13:BM36) -> 0 | BN40: =SUM(BN13:BN36) -> 0 | BO40: =BN40/BM40 -> #DIV/0! | BP40: =SUM(BP13:BP36) -> 0 | BQ40: {=SUMPRODUCT((BP13:BP36<>"")*(BQ13:BQ36))} -> #VALUE! | BR40: =IF(BQ40/BP40 > 1, 1,BQ40/BP40) -> #VALUE!
A41: =HOUR(G41)+1 -> 1 | D41: =IFERROR( IF(AND(OR(Planilla!B41="C",Planilla!B41="c"), VLOOKUP(E41,[1]Diccionario!B:N,13,0)="C"), "OK",IF(AND(OR(Planilla!B41="C",Planilla!B41="c"), OR(VLOOKUP(E41,[1]Diccionario!B:N,13,0)="B", VLOOKUP(E41,[1]Diccionario!B:N,13,0)="A")), "DEFICIT",IF( AND(OR(Planilla!B41="B", Planilla!B41="BPAL"), VLOOKUP(E41,[1]Diccionario!B:N,13,0)="B"), "OK",IF(AND(OR(Planilla!B41="B", Planilla!B41="BPAL"), VLOOKUP(E41,[1]Diccionario!B:N,13,0)="A"), "DEFICIT",IF(AND(OR(Planilla!B41="B", Planilla!B41="BPAL"), VLOOKUP(E41,[1]Diccionario!B:N,13,0)="C"), "SOBREOFERTA",IF(AND(Planilla!B41="A", VLOOKUP(E41,[1]Diccionario!B:N,13,0)="A"), "OK",IF( AND(Planilla!B41="A", OR(VLOOKUP(E41,[1]Diccionario!B:N,13,0)="B", VLOOKUP(E41,[1]Diccionario!B:N,13,0)="C")), "SOBREOFERTA","" ))))))),"") | F41: =+IF(G41="","",INT(G41*48+1.00001)) | H41: =IF(I41="","",IF(AND((I41-G41)>=TIME(0,0,0),(I41-G41)<TIME(0,3,0)),"OK",IF(AND((I41-G41)>=TIME(0,3,0),(I41-G41)<TIME(0,5,0)),"RETRASO DE 3-5 MIN",IF(AND((I41-G41)>=TIME(0,5,0),(I41-G41)<TIME(0,10,0)),"RETRASO DE 5-10 MIN",IF((I41-G41)>=TIME(0,10,0),"RETRASO >10 MIN", IF(AND((G41-I41)>=TIME(0,0,0),(G41-I41)<TIME(0,3,0)),"OK",IF((G41-I41)>=TIME(0,3,0),"ADELANTADO"))))))) | J41: =IF(A41<>"",HLOOKUP(VALUE(TEXT(G41,"h:mm:ss")),IF($C$6="Laboral",[1]Input!$A$4:$Y$227,IF($C$6="Sábado",[1]Input!$A$231:$Y$452,[1]Input!$A$456:$Y$656)),VLOOKUP($C$4,[1]Input!$AG$2:$AI$99,3,0)+IF(C$5="Ida",0,1),1),"") -> #N/A | K41: =IF(A42<>A41,AVERAGEIF(A$9:A41,A41,J$13:J41),"") | L41: =IFERROR(IF(A42<>A41,AVERAGEIF(A$9:A41,A41,S$13:S41),""),"") | M41: =IFERROR(IF(A42<>A41,AVERAGEIF(A$9:A41,A41,T$8:T41),""),"") | N41: {=IFERROR(IF(A42<>A41,_xlfn.STDEV.P(IF(A$9:A41=A41,T$7:T41)),""),"")} | O41: {=IFERROR(IF(A42<>A41,_xlfn.STDEV.P(IF(A$9:A41=A41,S$7:S41)),""),"")} | P41: =IFERROR(IF(A41<>A42,MAX((((M41*24*60)/2)*(1+POWER((((N41*24*60) / (M41*24*60) )),2))) + ((M41*24*60 )*-0.1 + (K41*0.015)) +1,(((M41*24*60)/2)*(1+POWER((((N41*24*60) / (M41*24*60 ))),2)))),""),"") | Q41: =IF(AND(O41<>"",L41<>""),IF(A41<>A42,((L41*24*60) / 2 ) * (1 + POWER(((O41*24*60) / (L41*24*60)),2)),""),"") | R41: =IF(Q41<>"",MAX(P41,Q41),"") | S41: =IF(I41<>"H. Sale Real",IF(AND(I42<>"",LEFT(C42,2)<>"NC"),IF(AND(I41<>"",LEFT(C41,2)<>"NC",I41<>"H. Sale Real"),IF(I42-I41<0.208333333333333,I42-I41,""),IF(AND(I40<>"",LEFT(C40,2)<>"NC",I40<>"H. Sale Real"),IF(I42-I40<0.208333333333333,I42-I40,""),IF(AND(I39<>"",LEFT(C39,2)<>"NC",I39<>"H. Sale Real"),IF(I42-I39<0.208333333333333,I42-I39,""),IF(AND(I38<>"",LEFT(C38,2)<>"NC",I38<>"H. Sale Real"),IF(I42-I38<0.208333333333333,I42-I38,""),IF(AND(I37<>"",LEFT(C37,2)<>"NC",I37<>"H. Sale Real"),IF(I42-I37<0.208333333333333,I42-I37,""),""))))),""),"") | T41: =IF(G41<>"H. Sale Real",IF(AND(G42<>"",LEFT(C42,2)<>"NC"),IF(AND(G41<>"",LEFT(C41,2)<>"NC",G41<>"H. Sale Real"),IF(G42-G41<0.208333333333333,G42-G41,""),IF(AND(G40<>"",LEFT(C40,2)<>"NC",G40<>"H. Sale Real"),IF(G42-G40<0.208333333333333,G42-G40,""),IF(AND(G39<>"",LEFT(C39,2)<>"NC",G39<>"H. Sale Real"),IF(G42-G39<0.208333333333333,G42-G39,""),IF(AND(G38<>"",LEFT(C38,2)<>"NC",G38<>"H. Sale Real"),IF(G42-G38<0.208333333333333,G42-G38,""),IF(AND(G37<>"",LEFT(C37,2)<>"NC",G37<>"H. Sale Real"),IF(G42-G37<0.208333333333333,G42-G37,""),""))))),""),"") | W41: =IF(G41<>"",IF(AND(W40<>"IE",P41<>0,R41<>""),IF(IFERROR((P41/R41),0) <=1,IFERROR(P41/R41,""),1),""),"") | AB41: =HOUR(AH41)+1 -> 1 | AE41: =IFERROR( IF(AND(OR(AC41="C",AC41="c"), VLOOKUP(AF41,[1]Diccionario!B:N,13,0)="C"), "OK",IF(AND(OR(AC41="C",AC41="c"), OR(VLOOKUP(AF41,[1]Diccionario!B:N,13,0)="B", VLOOKUP(AF41,[1]Diccionario!B:N,13,0)="A")), "DEFICIT",IF( AND(OR(AC41="B", AC41="BPAL"), VLOOKUP(AF41,[1]Diccionario!B:N,13,0)="B"), "OK",IF(AND(OR(AC41="B", AC41="BPAL"), VLOOKUP(AF41,[1]Diccionario!B:N,13,0)="A"), "DEFICIT",IF(AND(OR(AC41="B", AC41="BPAL"), VLOOKUP(AF41,[1]Diccionario!B:N,13,0)="C"), "SOBREOFERTA",IF(AND(AC41="A", VLOOKUP(AF41,[1]Diccionario!B:N,13,0)="A"), "OK",IF( AND(AC41="A", OR(VLOOKUP(AF41,[1]Diccionario!B:N,13,0)="B", VLOOKUP(AF41,[1]Diccionario!B:N,13,0)="C")), "SOBREOFERTA","" ))))))),"") | AI41: =IF(AJ41="","",IF(AND((AJ41-AH41)>=TIME(0,0,0),(AJ41-AH41)<TIME(0,3,0)),"OK",IF(AND((AJ41-AH41)>=TIME(0,3,0),(AJ41-AH41)<TIME(0,5,0)),"RETRASO DE 3-5 MIN",IF(AND((AJ41-AH41)>=TIME(0,5,0),(AJ41-AH41)<TIME(0,10,0)),"RETRASO DE 5-10 MIN",IF((AJ41-AH41)>=TIME(0,10,0),"RETRASO >10 MIN", IF(AND((AH41-AJ41)>=TIME(0,0,0),(AH41-AJ41)<TIME(0,3,0)),"OK",IF((AH41-AJ41)>=TIME(0,3,0),"ADELANTADO"))))))) | AK41: =IF(AB41<>"",HLOOKUP(VALUE(TEXT(AH41,"h:mm:ss")),IF($C$6="Laboral",[1]Input!$A$4:$Y$227,IF($C$6="Sábado",[1]Input!$A$231:$Y$452,[1]Input!$A$456:$Y$656)),VLOOKUP($C$4,[1]Input!$AG$2:$AI$99,3,0)+IF(AD$5="Ida",0,1),1),"") -> #N/A | AL41: =IF(AB42<>AB41,AVERAGEIF(AB$9:AB41,AB41,AK$9:AK41),"") | AM41: =IFERROR(IF(AB42<>AB41,AVERAGEIF(AB$9:AB41,AB41,AT$9:AT41),""),"") | AN41: =IFERROR(IF(AB42<>AB41,AVERAGEIF(AB$9:AB41,AB41,AU$9:AU41),""),"") | AO41: {=IFERROR(IF(AB42<>AB41,_xlfn.STDEV.P(IF(AB$9:AB41=AB41,AU$9:AU41)),""),"")} | AP41: {=IFERROR(IF(AB42<>AB41,_xlfn.STDEV.P(IF(AB$9:AB41=AB41,AT$9:AT41)),""),"")} | AQ41: =IFERROR(IF(AB41<>AB42,MAX((((AN41*24*60)/2)*(1+POWER((((AO41*24*60) / (AN41*24*60) )),2))) + ((AN41*24*60 )*-0.1 + (AL41*0.015)) +1,(((AN41*24*60)/2)*(1+POWER((((AO41*24*60) / (AN41*24*60 ))),2)))),""),"") | AR41: =IF(AND(AP41<>"",AM41<>""),IF(AB41<>AB42,((AM41*24*60) / 2 ) * (1 + POWER(((AP41*24*60) / (AM41*24*60)),2)),""),"") | AS41: =IF(AR41<>"",MAX(AQ41,AR41),"") | AT41: =IF(AJ41<>"H. Sale Real",IF(AND(AJ42<>"",LEFT(AD42,2)<>"NC"),IF(AND(AJ41<>"",LEFT(AD41,2)<>"NC",AJ41<>"H. Sale Real"),IF(AJ42-AJ41<0.208333333333333,AJ42-AJ41,""),IF(AND(AJ40<>"",LEFT(AD40,2)<>"NC",AJ40<>"H. Sale Real"),IF(AJ42-AJ40<0.208333333333333,AJ42-AJ40,""),IF(AND(AJ39<>"",LEFT(AD39,2)<>"NC",AJ39<>"H. Sale Real"),IF(AJ42-AJ39<0.208333333333333,AJ42-AJ39,""),IF(AND(AJ38<>"",LEFT(AD38,2)<>"NC",AJ38<>"H. Sale Real"),IF(AJ42-AJ38<0.208333333333333,AJ42-AJ38,""),IF(AND(AJ37<>"",LEFT(AD37,2)<>"NC",AJ37<>"H. Sale Real"),IF(AJ42-AJ37<0.208333333333333,AJ42-AJ37,""),""))))),""),"") | AU41: =IF(AH41<>"H. Sale Real",IF(AND(AH42<>"",LEFT(AD42,2)<>"NC"),IF(AND(AH41<>"",LEFT(AD41,2)<>"NC",AH41<>"H. Sale Real"),IF(AH42-AH41<0.208333333333333,AH42-AH41,""),IF(AND(AH40<>"",LEFT(AD40,2)<>"NC",AH40<>"H. Sale Real"),IF(AH42-AH40<0.208333333333333,AH42-AH40,""),IF(AND(AH39<>"",LEFT(AD39,2)<>"NC",AH39<>"H. Sale Real"),IF(AH42-AH39<0.208333333333333,AH42-AH39,""),IF(AND(AH38<>"",LEFT(AD38,2)<>"NC",AH38<>"H. Sale Real"),IF(AH42-AH38<0.208333333333333,AH42-AH38,""),IF(AND(AH37<>"",LEFT(AD37,2)<>"NC",AH37<>"H. Sale Real"),IF(AH42-AH37<0.208333333333333,AH42-AH37,""),""))))),""),"") | AX41: {=IF(AH41<>"",IF(AND(AX39:AX40<>"IE",AQ41<>0,AS41<>""),IF(IFERROR((AQ41/AS41),0) <=1,IFERROR(AQ41/AS41,""),1),""),"")}
A42: =HOUR(G42)+1 -> 1 | D42: =IFERROR( IF(AND(OR(Planilla!B42="C",Planilla!B42="c"), VLOOKUP(E42,[1]Diccionario!B:N,13,0)="C"), "OK",IF(AND(OR(Planilla!B42="C",Planilla!B42="c"), OR(VLOOKUP(E42,[1]Diccionario!B:N,13,0)="B", VLOOKUP(E42,[1]Diccionario!B:N,13,0)="A")), "DEFICIT",IF( AND(OR(Planilla!B42="B", Planilla!B42="BPAL"), VLOOKUP(E42,[1]Diccionario!B:N,13,0)="B"), "OK",IF(AND(OR(Planilla!B42="B", Planilla!B42="BPAL"), VLOOKUP(E42,[1]Diccionario!B:N,13,0)="A"), "DEFICIT",IF(AND(OR(Planilla!B42="B", Planilla!B42="BPAL"), VLOOKUP(E42,[1]Diccionario!B:N,13,0)="C"), "SOBREOFERTA",IF(AND(Planilla!B42="A", VLOOKUP(E42,[1]Diccionario!B:N,13,0)="A"), "OK",IF( AND(Planilla!B42="A", OR(VLOOKUP(E42,[1]Diccionario!B:N,13,0)="B", VLOOKUP(E42,[1]Diccionario!B:N,13,0)="C")), "SOBREOFERTA","" ))))))),"") | F42: =+IF(G42="","",INT(G42*48+1.00001)) | H42: =IF(I42="","",IF(AND((I42-G42)>=TIME(0,0,0),(I42-G42)<TIME(0,3,0)),"OK",IF(AND((I42-G42)>=TIME(0,3,0),(I42-G42)<TIME(0,5,0)),"RETRASO DE 3-5 MIN",IF(AND((I42-G42)>=TIME(0,5,0),(I42-G42)<TIME(0,10,0)),"RETRASO DE 5-10 MIN",IF((I42-G42)>=TIME(0,10,0),"RETRASO >10 MIN", IF(AND((G42-I42)>=TIME(0,0,0),(G42-I42)<TIME(0,3,0)),"OK",IF((G42-I42)>=TIME(0,3,0),"ADELANTADO"))))))) | J42: =IF(A42<>"",HLOOKUP(VALUE(TEXT(G42,"h:mm:ss")),IF($C$6="Laboral",[1]Input!$A$4:$Y$227,IF($C$6="Sábado",[1]Input!$A$231:$Y$452,[1]Input!$A$456:$Y$656)),VLOOKUP($C$4,[1]Input!$AG$2:$AI$99,3,0)+IF(C$5="Ida",0,1),1),"") -> #N/A | K42: =IF(A43<>A42,AVERAGEIF(A$9:A42,A42,J$13:J42),"") | L42: =IFERROR(IF(A43<>A42,AVERAGEIF(A$9:A42,A42,S$13:S42),""),"") | M42: =IFERROR(IF(A43<>A42,AVERAGEIF(A$9:A42,A42,T$8:T42),""),"") | N42: {=IFERROR(IF(A43<>A42,_xlfn.STDEV.P(IF(A$9:A42=A42,T$7:T42)),""),"")} | O42: {=IFERROR(IF(A43<>A42,_xlfn.STDEV.P(IF(A$9:A42=A42,S$7:S42)),""),"")} | P42: =IFERROR(IF(A42<>A43,MAX((((M42*24*60)/2)*(1+POWER((((N42*24*60) / (M42*24*60) )),2))) + ((M42*24*60 )*-0.1 + (K42*0.015)) +1,(((M42*24*60)/2)*(1+POWER((((N42*24*60) / (M42*24*60 ))),2)))),""),"") | Q42: =IF(AND(O42<>"",L42<>""),IF(A42<>A43,((L42*24*60) / 2 ) * (1 + POWER(((O42*24*60) / (L42*24*60)),2)),""),"") | R42: =IF(Q42<>"",MAX(P42,Q42),"") | S42: =IF(I42<>"H. Sale Real",IF(AND(I43<>"",LEFT(C43,2)<>"NC"),IF(AND(I42<>"",LEFT(C42,2)<>"NC",I42<>"H. Sale Real"),IF(I43-I42<0.208333333333333,I43-I42,""),IF(AND(I41<>"",LEFT(C41,2)<>"NC",I41<>"H. Sale Real"),IF(I43-I41<0.208333333333333,I43-I41,""),IF(AND(I40<>"",LEFT(C40,2)<>"NC",I40<>"H. Sale Real"),IF(I43-I40<0.208333333333333,I43-I40,""),IF(AND(I39<>"",LEFT(C39,2)<>"NC",I39<>"H. Sale Real"),IF(I43-I39<0.208333333333333,I43-I39,""),IF(AND(I38<>"",LEFT(C38,2)<>"NC",I38<>"H. Sale Real"),IF(I43-I38<0.208333333333333,I43-I38,""),""))))),""),"") | T42: =IF(G42<>"H. Sale Real",IF(AND(G43<>"",LEFT(C43,2)<>"NC"),IF(AND(G42<>"",LEFT(C42,2)<>"NC",G42<>"H. Sale Real"),IF(G43-G42<0.208333333333333,G43-G42,""),IF(AND(G41<>"",LEFT(C41,2)<>"NC",G41<>"H. Sale Real"),IF(G43-G41<0.208333333333333,G43-G41,""),IF(AND(G40<>"",LEFT(C40,2)<>"NC",G40<>"H. Sale Real"),IF(G43-G40<0.208333333333333,G43-G40,""),IF(AND(G39<>"",LEFT(C39,2)<>"NC",G39<>"H. Sale Real"),IF(G43-G39<0.208333333333333,G43-G39,""),IF(AND(G38<>"",LEFT(C38,2)<>"NC",G38<>"H. Sale Real"),IF(G43-G38<0.208333333333333,G43-G38,""),""))))),""),"") | W42: =IF(G42<>"",IF(AND(W41<>"IE",P42<>0,R42<>""),IF(IFERROR((P42/R42),0) <=1,IFERROR(P42/R42,""),1),""),"") | AB42: =HOUR(AH42)+1 -> 1 | AE42: =IFERROR( IF(AND(OR(AC42="C",AC42="c"), VLOOKUP(AF42,[1]Diccionario!B:N,13,0)="C"), "OK",IF(AND(OR(AC42="C",AC42="c"), OR(VLOOKUP(AF42,[1]Diccionario!B:N,13,0)="B", VLOOKUP(AF42,[1]Diccionario!B:N,13,0)="A")), "DEFICIT",IF( AND(OR(AC42="B", AC42="BPAL"), VLOOKUP(AF42,[1]Diccionario!B:N,13,0)="B"), "OK",IF(AND(OR(AC42="B", AC42="BPAL"), VLOOKUP(AF42,[1]Diccionario!B:N,13,0)="A"), "DEFICIT",IF(AND(OR(AC42="B", AC42="BPAL"), VLOOKUP(AF42,[1]Diccionario!B:N,13,0)="C"), "SOBREOFERTA",IF(AND(AC42="A", VLOOKUP(AF42,[1]Diccionario!B:N,13,0)="A"), "OK",IF( AND(AC42="A", OR(VLOOKUP(AF42,[1]Diccionario!B:N,13,0)="B", VLOOKUP(AF42,[1]Diccionario!B:N,13,0)="C")), "SOBREOFERTA","" ))))))),"") | AI42: =IF(AJ42="","",IF(AND((AJ42-AH42)>=TIME(0,0,0),(AJ42-AH42)<TIME(0,3,0)),"OK",IF(AND((AJ42-AH42)>=TIME(0,3,0),(AJ42-AH42)<TIME(0,5,0)),"RETRASO DE 3-5 MIN",IF(AND((AJ42-AH42)>=TIME(0,5,0),(AJ42-AH42)<TIME(0,10,0)),"RETRASO DE 5-10 MIN",IF((AJ42-AH42)>=TIME(0,10,0),"RETRASO >10 MIN", IF(AND((AH42-AJ42)>=TIME(0,0,0),(AH42-AJ42)<TIME(0,3,0)),"OK",IF((AH42-AJ42)>=TIME(0,3,0),"ADELANTADO"))))))) | AK42: =IF(AB42<>"",HLOOKUP(VALUE(TEXT(AH42,"h:mm:ss")),IF($C$6="Laboral",[1]Input!$A$4:$Y$227,IF($C$6="Sábado",[1]Input!$A$231:$Y$452,[1]Input!$A$456:$Y$656)),VLOOKUP($C$4,[1]Input!$AG$2:$AI$99,3,0)+IF(AD$5="Ida",0,1),1),"") -> #N/A | AL42: =IF(AB43<>AB42,AVERAGEIF(AB$9:AB42,AB42,AK$9:AK42),"") | AM42: =IFERROR(IF(AB43<>AB42,AVERAGEIF(AB$9:AB42,AB42,AT$9:AT42),""),"") | AN42: =IFERROR(IF(AB43<>AB42,AVERAGEIF(AB$9:AB42,AB42,AU$9:AU42),""),"") | AO42: {=IFERROR(IF(AB43<>AB42,_xlfn.STDEV.P(IF(AB$9:AB42=AB42,AU$9:AU42)),""),"")} | AP42: {=IFERROR(IF(AB43<>AB42,_xlfn.STDEV.P(IF(AB$9:AB42=AB42,AT$9:AT42)),""),"")} | AQ42: =IFERROR(IF(AB42<>AB43,MAX((((AN42*24*60)/2)*(1+POWER((((AO42*24*60) / (AN42*24*60) )),2))) + ((AN42*24*60 )*-0.1 + (AL42*0.015)) +1,(((AN42*24*60)/2)*(1+POWER((((AO42*24*60) / (AN42*24*60 ))),2)))),""),"") | AR42: =IF(AND(AP42<>"",AM42<>""),IF(AB42<>AB43,((AM42*24*60) / 2 ) * (1 + POWER(((AP42*24*60) / (AM42*24*60)),2)),""),"") | AS42: =IF(AR42<>"",MAX(AQ42,AR42),"") | AT42: =IF(AJ42<>"H. Sale Real",IF(AND(AJ43<>"",LEFT(AD43,2)<>"NC"),IF(AND(AJ42<>"",LEFT(AD42,2)<>"NC",AJ42<>"H. Sale Real"),IF(AJ43-AJ42<0.208333333333333,AJ43-AJ42,""),IF(AND(AJ41<>"",LEFT(AD41,2)<>"NC",AJ41<>"H. Sale Real"),IF(AJ43-AJ41<0.208333333333333,AJ43-AJ41,""),IF(AND(AJ40<>"",LEFT(AD40,2)<>"NC",AJ40<>"H. Sale Real"),IF(AJ43-AJ40<0.208333333333333,AJ43-AJ40,""),IF(AND(AJ39<>"",LEFT(AD39,2)<>"NC",AJ39<>"H. Sale Real"),IF(AJ43-AJ39<0.208333333333333,AJ43-AJ39,""),IF(AND(AJ38<>"",LEFT(AD38,2)<>"NC",AJ38<>"H. Sale Real"),IF(AJ43-AJ38<0.208333333333333,AJ43-AJ38,""),""))))),""),"") | AU42: =IF(AH42<>"H. Sale Real",IF(AND(AH43<>"",LEFT(AD43,2)<>"NC"),IF(AND(AH42<>"",LEFT(AD42,2)<>"NC",AH42<>"H. Sale Real"),IF(AH43-AH42<0.208333333333333,AH43-AH42,""),IF(AND(AH41<>"",LEFT(AD41,2)<>"NC",AH41<>"H. Sale Real"),IF(AH43-AH41<0.208333333333333,AH43-AH41,""),IF(AND(AH40<>"",LEFT(AD40,2)<>"NC",AH40<>"H. Sale Real"),IF(AH43-AH40<0.208333333333333,AH43-AH40,""),IF(AND(AH39<>"",LEFT(AD39,2)<>"NC",AH39<>"H. Sale Real"),IF(AH43-AH39<0.208333333333333,AH43-AH39,""),IF(AND(AH38<>"",LEFT(AD38,2)<>"NC",AH38<>"H. Sale Real"),IF(AH43-AH38<0.208333333333333,AH43-AH38,""),""))))),""),"") | AX42: {=IF(AH42<>"",IF(AND(AX40:AX41<>"IE",AQ42<>0,AS42<>""),IF(IFERROR((AQ42/AS42),0) <=1,IFERROR(AQ42/AS42,""),1),""),"")}
A43: =HOUR(G43)+1 -> 1 | D43: =IFERROR( IF(AND(OR(Planilla!B43="C",Planilla!B43="c"), VLOOKUP(E43,[1]Diccionario!B:N,13,0)="C"), "OK",IF(AND(OR(Planilla!B43="C",Planilla!B43="c"), OR(VLOOKUP(E43,[1]Diccionario!B:N,13,0)="B", VLOOKUP(E43,[1]Diccionario!B:N,13,0)="A")), "DEFICIT",IF( AND(OR(Planilla!B43="B", Planilla!B43="BPAL"), VLOOKUP(E43,[1]Diccionario!B:N,13,0)="B"), "OK",IF(AND(OR(Planilla!B43="B", Planilla!B43="BPAL"), VLOOKUP(E43,[1]Diccionario!B:N,13,0)="A"), "DEFICIT",IF(AND(OR(Planilla!B43="B", Planilla!B43="BPAL"), VLOOKUP(E43,[1]Diccionario!B:N,13,0)="C"), "SOBREOFERTA",IF(AND(Planilla!B43="A", VLOOKUP(E43,[1]Diccionario!B:N,13,0)="A"), "OK",IF( AND(Planilla!B43="A", OR(VLOOKUP(E43,[1]Diccionario!B:N,13,0)="B", VLOOKUP(E43,[1]Diccionario!B:N,13,0)="C")), "SOBREOFERTA","" ))))))),"") | F43: =+IF(G43="","",INT(G43*48+1.00001)) | H43: =IF(I43="","",IF(AND((I43-G43)>=TIME(0,0,0),(I43-G43)<TIME(0,3,0)),"OK",IF(AND((I43-G43)>=TIME(0,3,0),(I43-G43)<TIME(0,5,0)),"RETRASO DE 3-5 MIN",IF(AND((I43-G43)>=TIME(0,5,0),(I43-G43)<TIME(0,10,0)),"RETRASO DE 5-10 MIN",IF((I43-G43)>=TIME(0,10,0),"RETRASO >10 MIN", IF(AND((G43-I43)>=TIME(0,0,0),(G43-I43)<TIME(0,3,0)),"OK",IF((G43-I43)>=TIME(0,3,0),"ADELANTADO"))))))) | J43: =IF(A43<>"",HLOOKUP(VALUE(TEXT(G43,"h:mm:ss")),IF($C$6="Laboral",[1]Input!$A$4:$Y$227,IF($C$6="Sábado",[1]Input!$A$231:$Y$452,[1]Input!$A$456:$Y$656)),VLOOKUP($C$4,[1]Input!$AG$2:$AI$99,3,0)+IF(C$5="Ida",0,1),1),"") -> #N/A | K43: =IF(A44<>A43,AVERAGEIF(A$9:A43,A43,J$13:J43),"") | L43: =IFERROR(IF(A44<>A43,AVERAGEIF(A$9:A43,A43,S$13:S43),""),"") | M43: =IFERROR(IF(A44<>A43,AVERAGEIF(A$9:A43,A43,T$8:T43),""),"") | N43: {=IFERROR(IF(A44<>A43,_xlfn.STDEV.P(IF(A$9:A43=A43,T$7:T43)),""),"")} | O43: {=IFERROR(IF(A44<>A43,_xlfn.STDEV.P(IF(A$9:A43=A43,S$7:S43)),""),"")} | P43: =IFERROR(IF(A43<>A44,MAX((((M43*24*60)/2)*(1+POWER((((N43*24*60) / (M43*24*60) )),2))) + ((M43*24*60 )*-0.1 + (K43*0.015)) +1,(((M43*24*60)/2)*(1+POWER((((N43*24*60) / (M43*24*60 ))),2)))),""),"") | Q43: =IF(AND(O43<>"",L43<>""),IF(A43<>A44,((L43*24*60) / 2 ) * (1 + POWER(((O43*24*60) / (L43*24*60)),2)),""),"") | R43: =IF(Q43<>"",MAX(P43,Q43),"") | S43: =IF(I43<>"H. Sale Real",IF(AND(I44<>"",LEFT(C44,2)<>"NC"),IF(AND(I43<>"",LEFT(C43,2)<>"NC",I43<>"H. Sale Real"),IF(I44-I43<0.208333333333333,I44-I43,""),IF(AND(I42<>"",LEFT(C42,2)<>"NC",I42<>"H. Sale Real"),IF(I44-I42<0.208333333333333,I44-I42,""),IF(AND(I41<>"",LEFT(C41,2)<>"NC",I41<>"H. Sale Real"),IF(I44-I41<0.208333333333333,I44-I41,""),IF(AND(I40<>"",LEFT(C40,2)<>"NC",I40<>"H. Sale Real"),IF(I44-I40<0.208333333333333,I44-I40,""),IF(AND(I39<>"",LEFT(C39,2)<>"NC",I39<>"H. Sale Real"),IF(I44-I39<0.208333333333333,I44-I39,""),""))))),""),"") | T43: =IF(G43<>"H. Sale Real",IF(AND(G44<>"",LEFT(C44,2)<>"NC"),IF(AND(G43<>"",LEFT(C43,2)<>"NC",G43<>"H. Sale Real"),IF(G44-G43<0.208333333333333,G44-G43,""),IF(AND(G42<>"",LEFT(C42,2)<>"NC",G42<>"H. Sale Real"),IF(G44-G42<0.208333333333333,G44-G42,""),IF(AND(G41<>"",LEFT(C41,2)<>"NC",G41<>"H. Sale Real"),IF(G44-G41<0.208333333333333,G44-G41,""),IF(AND(G40<>"",LEFT(C40,2)<>"NC",G40<>"H. Sale Real"),IF(G44-G40<0.208333333333333,G44-G40,""),IF(AND(G39<>"",LEFT(C39,2)<>"NC",G39<>"H. Sale Real"),IF(G44-G39<0.208333333333333,G44-G39,""),""))))),""),"") | W43: =IF(G43<>"",IF(AND(W42<>"IE",P43<>0,R43<>""),IF(IFERROR((P43/R43),0) <=1,IFERROR(P43/R43,""),1),""),"") | AB43: =HOUR(AH43)+1 -> 1 | AE43: =IFERROR( IF(AND(OR(AC43="C",AC43="c"), VLOOKUP(AF43,[1]Diccionario!B:N,13,0)="C"), "OK",IF(AND(OR(AC43="C",AC43="c"), OR(VLOOKUP(AF43,[1]Diccionario!B:N,13,0)="B", VLOOKUP(AF43,[1]Diccionario!B:N,13,0)="A")), "DEFICIT",IF( AND(OR(AC43="B", AC43="BPAL"), VLOOKUP(AF43,[1]Diccionario!B:N,13,0)="B"), "OK",IF(AND(OR(AC43="B", AC43="BPAL"), VLOOKUP(AF43,[1]Diccionario!B:N,13,0)="A"), "DEFICIT",IF(AND(OR(AC43="B", AC43="BPAL"), VLOOKUP(AF43,[1]Diccionario!B:N,13,0)="C"), "SOBREOFERTA",IF(AND(AC43="A", VLOOKUP(AF43,[1]Diccionario!B:N,13,0)="A"), "OK",IF( AND(AC43="A", OR(VLOOKUP(AF43,[1]Diccionario!B:N,13,0)="B", VLOOKUP(AF43,[1]Diccionario!B:N,13,0)="C")), "SOBREOFERTA","" ))))))),"") | AI43: =IF(AJ43="","",IF(AND((AJ43-AH43)>=TIME(0,0,0),(AJ43-AH43)<TIME(0,3,0)),"OK",IF(AND((AJ43-AH43)>=TIME(0,3,0),(AJ43-AH43)<TIME(0,5,0)),"RETRASO DE 3-5 MIN",IF(AND((AJ43-AH43)>=TIME(0,5,0),(AJ43-AH43)<TIME(0,10,0)),"RETRASO DE 5-10 MIN",IF((AJ43-AH43)>=TIME(0,10,0),"RETRASO >10 MIN", IF(AND((AH43-AJ43)>=TIME(0,0,0),(AH43-AJ43)<TIME(0,3,0)),"OK",IF((AH43-AJ43)>=TIME(0,3,0),"ADELANTADO"))))))) | AK43: =IF(AB43<>"",HLOOKUP(VALUE(TEXT(AH43,"h:mm:ss")),IF($C$6="Laboral",[1]Input!$A$4:$Y$227,IF($C$6="Sábado",[1]Input!$A$231:$Y$452,[1]Input!$A$456:$Y$656)),VLOOKUP($C$4,[1]Input!$AG$2:$AI$99,3,0)+IF(AD$5="Ida",0,1),1),"") -> #N/A | AL43: =IF(AB44<>AB43,AVERAGEIF(AB$9:AB43,AB43,AK$9:AK43),"") | AM43: =IFERROR(IF(AB44<>AB43,AVERAGEIF(AB$9:AB43,AB43,AT$9:AT43),""),"") | AN43: =IFERROR(IF(AB44<>AB43,AVERAGEIF(AB$9:AB43,AB43,AU$9:AU43),""),"") | AO43: {=IFERROR(IF(AB44<>AB43,_xlfn.STDEV.P(IF(AB$9:AB43=AB43,AU$9:AU43)),""),"")} | AP43: {=IFERROR(IF(AB44<>AB43,_xlfn.STDEV.P(IF(AB$9:AB43=AB43,AT$9:AT43)),""),"")} | AQ43: =IFERROR(IF(AB43<>AB44,MAX((((AN43*24*60)/2)*(1+POWER((((AO43*24*60) / (AN43*24*60) )),2))) + ((AN43*24*60 )*-0.1 + (AL43*0.015)) +1,(((AN43*24*60)/2)*(1+POWER((((AO43*24*60) / (AN43*24*60 ))),2)))),""),"") | AR43: =IF(AND(AP43<>"",AM43<>""),IF(AB43<>AB44,((AM43*24*60) / 2 ) * (1 + POWER(((AP43*24*60) / (AM43*24*60)),2)),""),"") | AS43: =IF(AR43<>"",MAX(AQ43,AR43),"") | AT43: =IF(AJ43<>"H. Sale Real",IF(AND(AJ44<>"",LEFT(AD44,2)<>"NC"),IF(AND(AJ43<>"",LEFT(AD43,2)<>"NC",AJ43<>"H. Sale Real"),IF(AJ44-AJ43<0.208333333333333,AJ44-AJ43,""),IF(AND(AJ42<>"",LEFT(AD42,2)<>"NC",AJ42<>"H. Sale Real"),IF(AJ44-AJ42<0.208333333333333,AJ44-AJ42,""),IF(AND(AJ41<>"",LEFT(AD41,2)<>"NC",AJ41<>"H. Sale Real"),IF(AJ44-AJ41<0.208333333333333,AJ44-AJ41,""),IF(AND(AJ40<>"",LEFT(AD40,2)<>"NC",AJ40<>"H. Sale Real"),IF(AJ44-AJ40<0.208333333333333,AJ44-AJ40,""),IF(AND(AJ39<>"",LEFT(AD39,2)<>"NC",AJ39<>"H. Sale Real"),IF(AJ44-AJ39<0.208333333333333,AJ44-AJ39,""),""))))),""),"") | AU43: =IF(AH43<>"H. Sale Real",IF(AND(AH44<>"",LEFT(AD44,2)<>"NC"),IF(AND(AH43<>"",LEFT(AD43,2)<>"NC",AH43<>"H. Sale Real"),IF(AH44-AH43<0.208333333333333,AH44-AH43,""),IF(AND(AH42<>"",LEFT(AD42,2)<>"NC",AH42<>"H. Sale Real"),IF(AH44-AH42<0.208333333333333,AH44-AH42,""),IF(AND(AH41<>"",LEFT(AD41,2)<>"NC",AH41<>"H. Sale Real"),IF(AH44-AH41<0.208333333333333,AH44-AH41,""),IF(AND(AH40<>"",LEFT(AD40,2)<>"NC",AH40<>"H. Sale Real"),IF(AH44-AH40<0.208333333333333,AH44-AH40,""),IF(AND(AH39<>"",LEFT(AD39,2)<>"NC",AH39<>"H. Sale Real"),IF(AH44-AH39<0.208333333333333,AH44-AH39,""),""))))),""),"") | AX43: {=IF(AH43<>"",IF(AND(AX41:AX42<>"IE",AQ43<>0,AS43<>""),IF(IFERROR((AQ43/AS43),0) <=1,IFERROR(AQ43/AS43,""),1),""),"")}
A44: =HOUR(G44)+1 -> 1 | D44: =IFERROR( IF(AND(OR(Planilla!B44="C",Planilla!B44="c"), VLOOKUP(E44,[1]Diccionario!B:N,13,0)="C"), "OK",IF(AND(OR(Planilla!B44="C",Planilla!B44="c"), OR(VLOOKUP(E44,[1]Diccionario!B:N,13,0)="B", VLOOKUP(E44,[1]Diccionario!B:N,13,0)="A")), "DEFICIT",IF( AND(OR(Planilla!B44="B", Planilla!B44="BPAL"), VLOOKUP(E44,[1]Diccionario!B:N,13,0)="B"), "OK",IF(AND(OR(Planilla!B44="B", Planilla!B44="BPAL"), VLOOKUP(E44,[1]Diccionario!B:N,13,0)="A"), "DEFICIT",IF(AND(OR(Planilla!B44="B", Planilla!B44="BPAL"), VLOOKUP(E44,[1]Diccionario!B:N,13,0)="C"), "SOBREOFERTA",IF(AND(Planilla!B44="A", VLOOKUP(E44,[1]Diccionario!B:N,13,0)="A"), "OK",IF( AND(Planilla!B44="A", OR(VLOOKUP(E44,[1]Diccionario!B:N,13,0)="B", VLOOKUP(E44,[1]Diccionario!B:N,13,0)="C")), "SOBREOFERTA","" ))))))),"") | F44: =+IF(G44="","",INT(G44*48+1.00001)) | H44: =IF(I44="","",IF(AND((I44-G44)>=TIME(0,0,0),(I44-G44)<TIME(0,3,0)),"OK",IF(AND((I44-G44)>=TIME(0,3,0),(I44-G44)<TIME(0,5,0)),"RETRASO DE 3-5 MIN",IF(AND((I44-G44)>=TIME(0,5,0),(I44-G44)<TIME(0,10,0)),"RETRASO DE 5-10 MIN",IF((I44-G44)>=TIME(0,10,0),"RETRASO >10 MIN", IF(AND((G44-I44)>=TIME(0,0,0),(G44-I44)<TIME(0,3,0)),"OK",IF((G44-I44)>=TIME(0,3,0),"ADELANTADO"))))))) | J44: =IF(A44<>"",HLOOKUP(VALUE(TEXT(G44,"h:mm:ss")),IF($C$6="Laboral",[1]Input!$A$4:$Y$227,IF($C$6="Sábado",[1]Input!$A$231:$Y$452,[1]Input!$A$456:$Y$656)),VLOOKUP($C$4,[1]Input!$AG$2:$AI$99,3,0)+IF(C$5="Ida",0,1),1),"") -> #N/A | K44: =IF(A45<>A44,AVERAGEIF(A$9:A44,A44,J$13:J44),"") | L44: =IFERROR(IF(A45<>A44,AVERAGEIF(A$9:A44,A44,S$13:S44),""),"") | M44: =IFERROR(IF(A45<>A44,AVERAGEIF(A$9:A44,A44,T$8:T44),""),"") | N44: {=IFERROR(IF(A45<>A44,_xlfn.STDEV.P(IF(A$9:A44=A44,T$7:T44)),""),"")} | O44: {=IFERROR(IF(A45<>A44,_xlfn.STDEV.P(IF(A$9:A44=A44,S$7:S44)),""),"")} | P44: =IFERROR(IF(A44<>A45,MAX((((M44*24*60)/2)*(1+POWER((((N44*24*60) / (M44*24*60) )),2))) + ((M44*24*60 )*-0.1 + (K44*0.015)) +1,(((M44*24*60)/2)*(1+POWER((((N44*24*60) / (M44*24*60 ))),2)))),""),"") | Q44: =IF(AND(O44<>"",L44<>""),IF(A44<>A45,((L44*24*60) / 2 ) * (1 + POWER(((O44*24*60) / (L44*24*60)),2)),""),"") | R44: =IF(Q44<>"",MAX(P44,Q44),"") | S44: =IF(I44<>"H. Sale Real",IF(AND(I45<>"",LEFT(C45,2)<>"NC"),IF(AND(I44<>"",LEFT(C44,2)<>"NC",I44<>"H. Sale Real"),IF(I45-I44<0.208333333333333,I45-I44,""),IF(AND(I43<>"",LEFT(C43,2)<>"NC",I43<>"H. Sale Real"),IF(I45-I43<0.208333333333333,I45-I43,""),IF(AND(I42<>"",LEFT(C42,2)<>"NC",I42<>"H. Sale Real"),IF(I45-I42<0.208333333333333,I45-I42,""),IF(AND(I41<>"",LEFT(C41,2)<>"NC",I41<>"H. Sale Real"),IF(I45-I41<0.208333333333333,I45-I41,""),IF(AND(I40<>"",LEFT(C40,2)<>"NC",I40<>"H. Sale Real"),IF(I45-I40<0.208333333333333,I45-I40,""),""))))),""),"") | T44: =IF(G44<>"H. Sale Real",IF(AND(G45<>"",LEFT(C45,2)<>"NC"),IF(AND(G44<>"",LEFT(C44,2)<>"NC",G44<>"H. Sale Real"),IF(G45-G44<0.208333333333333,G45-G44,""),IF(AND(G43<>"",LEFT(C43,2)<>"NC",G43<>"H. Sale Real"),IF(G45-G43<0.208333333333333,G45-G43,""),IF(AND(G42<>"",LEFT(C42,2)<>"NC",G42<>"H. Sale Real"),IF(G45-G42<0.208333333333333,G45-G42,""),IF(AND(G41<>"",LEFT(C41,2)<>"NC",G41<>"H. Sale Real"),IF(G45-G41<0.208333333333333,G45-G41,""),IF(AND(G40<>"",LEFT(C40,2)<>"NC",G40<>"H. Sale Real"),IF(G45-G40<0.208333333333333,G45-G40,""),""))))),""),"") | W44: =IF(G44<>"",IF(AND(W43<>"IE",P44<>0,R44<>""),IF(IFERROR((P44/R44),0) <=1,IFERROR(P44/R44,""),1),""),"") | AB44: =HOUR(AH44)+1 -> 1 | AE44: =IFERROR( IF(AND(OR(AC44="C",AC44="c"), VLOOKUP(AF44,[1]Diccionario!B:N,13,0)="C"), "OK",IF(AND(OR(AC44="C",AC44="c"), OR(VLOOKUP(AF44,[1]Diccionario!B:N,13,0)="B", VLOOKUP(AF44,[1]Diccionario!B:N,13,0)="A")), "DEFICIT",IF( AND(OR(AC44="B", AC44="BPAL"), VLOOKUP(AF44,[1]Diccionario!B:N,13,0)="B"), "OK",IF(AND(OR(AC44="B", AC44="BPAL"), VLOOKUP(AF44,[1]Diccionario!B:N,13,0)="A"), "DEFICIT",IF(AND(OR(AC44="B", AC44="BPAL"), VLOOKUP(AF44,[1]Diccionario!B:N,13,0)="C"), "SOBREOFERTA",IF(AND(AC44="A", VLOOKUP(AF44,[1]Diccionario!B:N,13,0)="A"), "OK",IF( AND(AC44="A", OR(VLOOKUP(AF44,[1]Diccionario!B:N,13,0)="B", VLOOKUP(AF44,[1]Diccionario!B:N,13,0)="C")), "SOBREOFERTA","" ))))))),"") | AI44: =IF(AJ44="","",IF(AND((AJ44-AH44)>=TIME(0,0,0),(AJ44-AH44)<TIME(0,3,0)),"OK",IF(AND((AJ44-AH44)>=TIME(0,3,0),(AJ44-AH44)<TIME(0,5,0)),"RETRASO DE 3-5 MIN",IF(AND((AJ44-AH44)>=TIME(0,5,0),(AJ44-AH44)<TIME(0,10,0)),"RETRASO DE 5-10 MIN",IF((AJ44-AH44)>=TIME(0,10,0),"RETRASO >10 MIN", IF(AND((AH44-AJ44)>=TIME(0,0,0),(AH44-AJ44)<TIME(0,3,0)),"OK",IF((AH44-AJ44)>=TIME(0,3,0),"ADELANTADO"))))))) | AK44: =IF(AB44<>"",HLOOKUP(VALUE(TEXT(AH44,"h:mm:ss")),IF($C$6="Laboral",[1]Input!$A$4:$Y$227,IF($C$6="Sábado",[1]Input!$A$231:$Y$452,[1]Input!$A$456:$Y$656)),VLOOKUP($C$4,[1]Input!$AG$2:$AI$99,3,0)+IF(AD$5="Ida",0,1),1),"") -> #N/A | AL44: =IF(AB45<>AB44,AVERAGEIF(AB$9:AB44,AB44,AK$9:AK44),"") | AM44: =IFERROR(IF(AB45<>AB44,AVERAGEIF(AB$9:AB44,AB44,AT$9:AT44),""),"") | AN44: =IFERROR(IF(AB45<>AB44,AVERAGEIF(AB$9:AB44,AB44,AU$9:AU44),""),"") | AO44: {=IFERROR(IF(AB45<>AB44,_xlfn.STDEV.P(IF(AB$9:AB44=AB44,AU$9:AU44)),""),"")} | AP44: {=IFERROR(IF(AB45<>AB44,_xlfn.STDEV.P(IF(AB$9:AB44=AB44,AT$9:AT44)),""),"")} | AQ44: =IFERROR(IF(AB44<>AB45,MAX((((AN44*24*60)/2)*(1+POWER((((AO44*24*60) / (AN44*24*60) )),2))) + ((AN44*24*60 )*-0.1 + (AL44*0.015)) +1,(((AN44*24*60)/2)*(1+POWER((((AO44*24*60) / (AN44*24*60 ))),2)))),""),"") | AR44: =IF(AND(AP44<>"",AM44<>""),IF(AB44<>AB45,((AM44*24*60) / 2 ) * (1 + POWER(((AP44*24*60) / (AM44*24*60)),2)),""),"") | AS44: =IF(AR44<>"",MAX(AQ44,AR44),"") | AT44: =IF(AJ44<>"H. Sale Real",IF(AND(AJ45<>"",LEFT(AD45,2)<>"NC"),IF(AND(AJ44<>"",LEFT(AD44,2)<>"NC",AJ44<>"H. Sale Real"),IF(AJ45-AJ44<0.208333333333333,AJ45-AJ44,""),IF(AND(AJ43<>"",LEFT(AD43,2)<>"NC",AJ43<>"H. Sale Real"),IF(AJ45-AJ43<0.208333333333333,AJ45-AJ43,""),IF(AND(AJ42<>"",LEFT(AD42,2)<>"NC",AJ42<>"H. Sale Real"),IF(AJ45-AJ42<0.208333333333333,AJ45-AJ42,""),IF(AND(AJ41<>"",LEFT(AD41,2)<>"NC",AJ41<>"H. Sale Real"),IF(AJ45-AJ41<0.208333333333333,AJ45-AJ41,""),IF(AND(AJ40<>"",LEFT(AD40,2)<>"NC",AJ40<>"H. Sale Real"),IF(AJ45-AJ40<0.208333333333333,AJ45-AJ40,""),""))))),""),"") | AU44: =IF(AH44<>"H. Sale Real",IF(AND(AH45<>"",LEFT(AD45,2)<>"NC"),IF(AND(AH44<>"",LEFT(AD44,2)<>"NC",AH44<>"H. Sale Real"),IF(AH45-AH44<0.208333333333333,AH45-AH44,""),IF(AND(AH43<>"",LEFT(AD43,2)<>"NC",AH43<>"H. Sale Real"),IF(AH45-AH43<0.208333333333333,AH45-AH43,""),IF(AND(AH42<>"",LEFT(AD42,2)<>"NC",AH42<>"H. Sale Real"),IF(AH45-AH42<0.208333333333333,AH45-AH42,""),IF(AND(AH41<>"",LEFT(AD41,2)<>"NC",AH41<>"H. Sale Real"),IF(AH45-AH41<0.208333333333333,AH45-AH41,""),IF(AND(AH40<>"",LEFT(AD40,2)<>"NC",AH40<>"H. Sale Real"),IF(AH45-AH40<0.208333333333333,AH45-AH40,""),""))))),""),"") | AX44: {=IF(AH44<>"",IF(AND(AX42:AX43<>"IE",AQ44<>0,AS44<>""),IF(IFERROR((AQ44/AS44),0) <=1,IFERROR(AQ44/AS44,""),1),""),"")}
A45: =HOUR(G45)+1 -> 1 | D45: =IFERROR( IF(AND(OR(Planilla!B45="C",Planilla!B45="c"), VLOOKUP(E45,[1]Diccionario!B:N,13,0)="C"), "OK",IF(AND(OR(Planilla!B45="C",Planilla!B45="c"), OR(VLOOKUP(E45,[1]Diccionario!B:N,13,0)="B", VLOOKUP(E45,[1]Diccionario!B:N,13,0)="A")), "DEFICIT",IF( AND(OR(Planilla!B45="B", Planilla!B45="BPAL"), VLOOKUP(E45,[1]Diccionario!B:N,13,0)="B"), "OK",IF(AND(OR(Planilla!B45="B", Planilla!B45="BPAL"), VLOOKUP(E45,[1]Diccionario!B:N,13,0)="A"), "DEFICIT",IF(AND(OR(Planilla!B45="B", Planilla!B45="BPAL"), VLOOKUP(E45,[1]Diccionario!B:N,13,0)="C"), "SOBREOFERTA",IF(AND(Planilla!B45="A", VLOOKUP(E45,[1]Diccionario!B:N,13,0)="A"), "OK",IF( AND(Planilla!B45="A", OR(VLOOKUP(E45,[1]Diccionario!B:N,13,0)="B", VLOOKUP(E45,[1]Diccionario!B:N,13,0)="C")), "SOBREOFERTA","" ))))))),"") | F45: =+IF(G45="","",INT(G45*48+1.00001)) | H45: =IF(I45="","",IF(AND((I45-G45)>=TIME(0,0,0),(I45-G45)<TIME(0,3,0)),"OK",IF(AND((I45-G45)>=TIME(0,3,0),(I45-G45)<TIME(0,5,0)),"RETRASO DE 3-5 MIN",IF(AND((I45-G45)>=TIME(0,5,0),(I45-G45)<TIME(0,10,0)),"RETRASO DE 5-10 MIN",IF((I45-G45)>=TIME(0,10,0),"RETRASO >10 MIN", IF(AND((G45-I45)>=TIME(0,0,0),(G45-I45)<TIME(0,3,0)),"OK",IF((G45-I45)>=TIME(0,3,0),"ADELANTADO"))))))) | J45: =IF(A45<>"",HLOOKUP(VALUE(TEXT(G45,"h:mm:ss")),IF($C$6="Laboral",[1]Input!$A$4:$Y$227,IF($C$6="Sábado",[1]Input!$A$231:$Y$452,[1]Input!$A$456:$Y$656)),VLOOKUP($C$4,[1]Input!$AG$2:$AI$99,3,0)+IF(C$5="Ida",0,1),1),"") -> #N/A | K45: =IF(A46<>A45,AVERAGEIF(A$9:A45,A45,J$13:J45),"") | L45: =IFERROR(IF(A46<>A45,AVERAGEIF(A$9:A45,A45,S$13:S45),""),"") | M45: =IFERROR(IF(A46<>A45,AVERAGEIF(A$9:A45,A45,T$8:T45),""),"") | N45: {=IFERROR(IF(A46<>A45,_xlfn.STDEV.P(IF(A$9:A45=A45,T$7:T45)),""),"")} | O45: {=IFERROR(IF(A46<>A45,_xlfn.STDEV.P(IF(A$9:A45=A45,S$7:S45)),""),"")} | P45: =IFERROR(IF(A45<>A46,MAX((((M45*24*60)/2)*(1+POWER((((N45*24*60) / (M45*24*60) )),2))) + ((M45*24*60 )*-0.1 + (K45*0.015)) +1,(((M45*24*60)/2)*(1+POWER((((N45*24*60) / (M45*24*60 ))),2)))),""),"") | Q45: =IF(AND(O45<>"",L45<>""),IF(A45<>A46,((L45*24*60) / 2 ) * (1 + POWER(((O45*24*60) / (L45*24*60)),2)),""),"") | R45: =IF(Q45<>"",MAX(P45,Q45),"") | S45: =IF(I45<>"H. Sale Real",IF(AND(I46<>"",LEFT(C46,2)<>"NC"),IF(AND(I45<>"",LEFT(C45,2)<>"NC",I45<>"H. Sale Real"),IF(I46-I45<0.208333333333333,I46-I45,""),IF(AND(I44<>"",LEFT(C44,2)<>"NC",I44<>"H. Sale Real"),IF(I46-I44<0.208333333333333,I46-I44,""),IF(AND(I43<>"",LEFT(C43,2)<>"NC",I43<>"H. Sale Real"),IF(I46-I43<0.208333333333333,I46-I43,""),IF(AND(I42<>"",LEFT(C42,2)<>"NC",I42<>"H. Sale Real"),IF(I46-I42<0.208333333333333,I46-I42,""),IF(AND(I41<>"",LEFT(C41,2)<>"NC",I41<>"H. Sale Real"),IF(I46-I41<0.208333333333333,I46-I41,""),""))))),""),"") | T45: =IF(G45<>"H. Sale Real",IF(AND(G46<>"",LEFT(C46,2)<>"NC"),IF(AND(G45<>"",LEFT(C45,2)<>"NC",G45<>"H. Sale Real"),IF(G46-G45<0.208333333333333,G46-G45,""),IF(AND(G44<>"",LEFT(C44,2)<>"NC",G44<>"H. Sale Real"),IF(G46-G44<0.208333333333333,G46-G44,""),IF(AND(G43<>"",LEFT(C43,2)<>"NC",G43<>"H. Sale Real"),IF(G46-G43<0.208333333333333,G46-G43,""),IF(AND(G42<>"",LEFT(C42,2)<>"NC",G42<>"H. Sale Real"),IF(G46-G42<0.208333333333333,G46-G42,""),IF(AND(G41<>"",LEFT(C41,2)<>"NC",G41<>"H. Sale Real"),IF(G46-G41<0.208333333333333,G46-G41,""),""))))),""),"") | W45: =IF(G45<>"",IF(AND(W44<>"IE",P45<>0,R45<>""),IF(IFERROR((P45/R45),0) <=1,IFERROR(P45/R45,""),1),""),"") | AB45: =HOUR(AH45)+1 -> 1 | AE45: =IFERROR( IF(AND(OR(AC45="C",AC45="c"), VLOOKUP(AF45,[1]Diccionario!B:N,13,0)="C"), "OK",IF(AND(OR(AC45="C",AC45="c"), OR(VLOOKUP(AF45,[1]Diccionario!B:N,13,0)="B", VLOOKUP(AF45,[1]Diccionario!B:N,13,0)="A")), "DEFICIT",IF( AND(OR(AC45="B", AC45="BPAL"), VLOOKUP(AF45,[1]Diccionario!B:N,13,0)="B"), "OK",IF(AND(OR(AC45="B", AC45="BPAL"), VLOOKUP(AF45,[1]Diccionario!B:N,13,0)="A"), "DEFICIT",IF(AND(OR(AC45="B", AC45="BPAL"), VLOOKUP(AF45,[1]Diccionario!B:N,13,0)="C"), "SOBREOFERTA",IF(AND(AC45="A", VLOOKUP(AF45,[1]Diccionario!B:N,13,0)="A"), "OK",IF( AND(AC45="A", OR(VLOOKUP(AF45,[1]Diccionario!B:N,13,0)="B", VLOOKUP(AF45,[1]Diccionario!B:N,13,0)="C")), "SOBREOFERTA","" ))))))),"") | AI45: =IF(AJ45="","",IF(AND((AJ45-AH45)>=TIME(0,0,0),(AJ45-AH45)<TIME(0,3,0)),"OK",IF(AND((AJ45-AH45)>=TIME(0,3,0),(AJ45-AH45)<TIME(0,5,0)),"RETRASO DE 3-5 MIN",IF(AND((AJ45-AH45)>=TIME(0,5,0),(AJ45-AH45)<TIME(0,10,0)),"RETRASO DE 5-10 MIN",IF((AJ45-AH45)>=TIME(0,10,0),"RETRASO >10 MIN", IF(AND((AH45-AJ45)>=TIME(0,0,0),(AH45-AJ45)<TIME(0,3,0)),"OK",IF((AH45-AJ45)>=TIME(0,3,0),"ADELANTADO"))))))) | AK45: =IF(AB45<>"",HLOOKUP(VALUE(TEXT(AH45,"h:mm:ss")),IF($C$6="Laboral",[1]Input!$A$4:$Y$227,IF($C$6="Sábado",[1]Input!$A$231:$Y$452,[1]Input!$A$456:$Y$656)),VLOOKUP($C$4,[1]Input!$AG$2:$AI$99,3,0)+IF(AD$5="Ida",0,1),1),"") -> #N/A | AL45: =IF(AB46<>AB45,AVERAGEIF(AB$9:AB45,AB45,AK$9:AK45),"") | AM45: =IFERROR(IF(AB46<>AB45,AVERAGEIF(AB$9:AB45,AB45,AT$9:AT45),""),"") | AN45: =IFERROR(IF(AB46<>AB45,AVERAGEIF(AB$9:AB45,AB45,AU$9:AU45),""),"") | AO45: {=IFERROR(IF(AB46<>AB45,_xlfn.STDEV.P(IF(AB$9:AB45=AB45,AU$9:AU45)),""),"")} | AP45: {=IFERROR(IF(AB46<>AB45,_xlfn.STDEV.P(IF(AB$9:AB45=AB45,AT$9:AT45)),""),"")} | AQ45: =IFERROR(IF(AB45<>AB46,MAX((((AN45*24*60)/2)*(1+POWER((((AO45*24*60) / (AN45*24*60) )),2))) + ((AN45*24*60 )*-0.1 + (AL45*0.015)) +1,(((AN45*24*60)/2)*(1+POWER((((AO45*24*60) / (AN45*24*60 ))),2)))),""),"") | AR45: =IF(AND(AP45<>"",AM45<>""),IF(AB45<>AB46,((AM45*24*60) / 2 ) * (1 + POWER(((AP45*24*60) / (AM45*24*60)),2)),""),"") | AS45: =IF(AR45<>"",MAX(AQ45,AR45),"") | AT45: =IF(AJ45<>"H. Sale Real",IF(AND(AJ46<>"",LEFT(AD46,2)<>"NC"),IF(AND(AJ45<>"",LEFT(AD45,2)<>"NC",AJ45<>"H. Sale Real"),IF(AJ46-AJ45<0.208333333333333,AJ46-AJ45,""),IF(AND(AJ44<>"",LEFT(AD44,2)<>"NC",AJ44<>"H. Sale Real"),IF(AJ46-AJ44<0.208333333333333,AJ46-AJ44,""),IF(AND(AJ43<>"",LEFT(AD43,2)<>"NC",AJ43<>"H. Sale Real"),IF(AJ46-AJ43<0.208333333333333,AJ46-AJ43,""),IF(AND(AJ42<>"",LEFT(AD42,2)<>"NC",AJ42<>"H. Sale Real"),IF(AJ46-AJ42<0.208333333333333,AJ46-AJ42,""),IF(AND(AJ41<>"",LEFT(AD41,2)<>"NC",AJ41<>"H. Sale Real"),IF(AJ46-AJ41<0.208333333333333,AJ46-AJ41,""),""))))),""),"") | AU45: =IF(AH45<>"H. Sale Real",IF(AND(AH46<>"",LEFT(AD46,2)<>"NC"),IF(AND(AH45<>"",LEFT(AD45,2)<>"NC",AH45<>"H. Sale Real"),IF(AH46-AH45<0.208333333333333,AH46-AH45,""),IF(AND(AH44<>"",LEFT(AD44,2)<>"NC",AH44<>"H. Sale Real"),IF(AH46-AH44<0.208333333333333,AH46-AH44,""),IF(AND(AH43<>"",LEFT(AD43,2)<>"NC",AH43<>"H. Sale Real"),IF(AH46-AH43<0.208333333333333,AH46-AH43,""),IF(AND(AH42<>"",LEFT(AD42,2)<>"NC",AH42<>"H. Sale Real"),IF(AH46-AH42<0.208333333333333,AH46-AH42,""),IF(AND(AH41<>"",LEFT(AD41,2)<>"NC",AH41<>"H. Sale Real"),IF(AH46-AH41<0.208333333333333,AH46-AH41,""),""))))),""),"") | AX45: {=IF(AH45<>"",IF(AND(AX43:AX44<>"IE",AQ45<>0,AS45<>""),IF(IFERROR((AQ45/AS45),0) <=1,IFERROR(AQ45/AS45,""),1),""),"")}
A46: =HOUR(G46)+1 -> 1 | D46: =IFERROR( IF(AND(OR(Planilla!B46="C",Planilla!B46="c"), VLOOKUP(E46,[1]Diccionario!B:N,13,0)="C"), "OK",IF(AND(OR(Planilla!B46="C",Planilla!B46="c"), OR(VLOOKUP(E46,[1]Diccionario!B:N,13,0)="B", VLOOKUP(E46,[1]Diccionario!B:N,13,0)="A")), "DEFICIT",IF( AND(OR(Planilla!B46="B", Planilla!B46="BPAL"), VLOOKUP(E46,[1]Diccionario!B:N,13,0)="B"), "OK",IF(AND(OR(Planilla!B46="B", Planilla!B46="BPAL"), VLOOKUP(E46,[1]Diccionario!B:N,13,0)="A"), "DEFICIT",IF(AND(OR(Planilla!B46="B", Planilla!B46="BPAL"), VLOOKUP(E46,[1]Diccionario!B:N,13,0)="C"), "SOBREOFERTA",IF(AND(Planilla!B46="A", VLOOKUP(E46,[1]Diccionario!B:N,13,0)="A"), "OK",IF( AND(Planilla!B46="A", OR(VLOOKUP(E46,[1]Diccionario!B:N,13,0)="B", VLOOKUP(E46,[1]Diccionario!B:N,13,0)="C")), "SOBREOFERTA","" ))))))),"") | F46: =+IF(G46="","",INT(G46*48+1.00001)) | H46: =IF(I46="","",IF(AND((I46-G46)>=TIME(0,0,0),(I46-G46)<TIME(0,3,0)),"OK",IF(AND((I46-G46)>=TIME(0,3,0),(I46-G46)<TIME(0,5,0)),"RETRASO DE 3-5 MIN",IF(AND((I46-G46)>=TIME(0,5,0),(I46-G46)<TIME(0,10,0)),"RETRASO DE 5-10 MIN",IF((I46-G46)>=TIME(0,10,0),"RETRASO >10 MIN", IF(AND((G46-I46)>=TIME(0,0,0),(G46-I46)<TIME(0,3,0)),"OK",IF((G46-I46)>=TIME(0,3,0),"ADELANTADO"))))))) | J46: =IF(A46<>"",HLOOKUP(VALUE(TEXT(G46,"h:mm:ss")),IF($C$6="Laboral",[1]Input!$A$4:$Y$227,IF($C$6="Sábado",[1]Input!$A$231:$Y$452,[1]Input!$A$456:$Y$656)),VLOOKUP($C$4,[1]Input!$AG$2:$AI$99,3,0)+IF(C$5="Ida",0,1),1),"") -> #N/A | K46: =IF(A47<>A46,AVERAGEIF(A$9:A46,A46,J$13:J46),"") | L46: =IFERROR(IF(A47<>A46,AVERAGEIF(A$9:A46,A46,S$13:S46),""),"") | M46: =IFERROR(IF(A47<>A46,AVERAGEIF(A$9:A46,A46,T$8:T46),""),"") | N46: {=IFERROR(IF(A47<>A46,_xlfn.STDEV.P(IF(A$9:A46=A46,T$7:T46)),""),"")} | O46: {=IFERROR(IF(A47<>A46,_xlfn.STDEV.P(IF(A$9:A46=A46,S$7:S46)),""),"")} | P46: =IFERROR(IF(A46<>A47,MAX((((M46*24*60)/2)*(1+POWER((((N46*24*60) / (M46*24*60) )),2))) + ((M46*24*60 )*-0.1 + (K46*0.015)) +1,(((M46*24*60)/2)*(1+POWER((((N46*24*60) / (M46*24*60 ))),2)))),""),"") | Q46: =IF(AND(O46<>"",L46<>""),IF(A46<>A47,((L46*24*60) / 2 ) * (1 + POWER(((O46*24*60) / (L46*24*60)),2)),""),"") | R46: =IF(Q46<>"",MAX(P46,Q46),"") | S46: =IF(I46<>"H. Sale Real",IF(AND(I47<>"",LEFT(C47,2)<>"NC"),IF(AND(I46<>"",LEFT(C46,2)<>"NC",I46<>"H. Sale Real"),IF(I47-I46<0.208333333333333,I47-I46,""),IF(AND(I45<>"",LEFT(C45,2)<>"NC",I45<>"H. Sale Real"),IF(I47-I45<0.208333333333333,I47-I45,""),IF(AND(I44<>"",LEFT(C44,2)<>"NC",I44<>"H. Sale Real"),IF(I47-I44<0.208333333333333,I47-I44,""),IF(AND(I43<>"",LEFT(C43,2)<>"NC",I43<>"H. Sale Real"),IF(I47-I43<0.208333333333333,I47-I43,""),IF(AND(I42<>"",LEFT(C42,2)<>"NC",I42<>"H. Sale Real"),IF(I47-I42<0.208333333333333,I47-I42,""),""))))),""),"") | T46: =IF(G46<>"H. Sale Real",IF(AND(G47<>"",LEFT(C47,2)<>"NC"),IF(AND(G46<>"",LEFT(C46,2)<>"NC",G46<>"H. Sale Real"),IF(G47-G46<0.208333333333333,G47-G46,""),IF(AND(G45<>"",LEFT(C45,2)<>"NC",G45<>"H. Sale Real"),IF(G47-G45<0.208333333333333,G47-G45,""),IF(AND(G44<>"",LEFT(C44,2)<>"NC",G44<>"H. Sale Real"),IF(G47-G44<0.208333333333333,G47-G44,""),IF(AND(G43<>"",LEFT(C43,2)<>"NC",G43<>"H. Sale Real"),IF(G47-G43<0.208333333333333,G47-G43,""),IF(AND(G42<>"",LEFT(C42,2)<>"NC",G42<>"H. Sale Real"),IF(G47-G42<0.208333333333333,G47-G42,""),""))))),""),"") | W46: =IF(G46<>"",IF(AND(W45<>"IE",P46<>0,R46<>""),IF(IFERROR((P46/R46),0) <=1,IFERROR(P46/R46,""),1),""),"") | AB46: =HOUR(AH46)+1 -> 1 | AE46: =IFERROR( IF(AND(OR(AC46="C",AC46="c"), VLOOKUP(AF46,[1]Diccionario!B:N,13,0)="C"), "OK",IF(AND(OR(AC46="C",AC46="c"), OR(VLOOKUP(AF46,[1]Diccionario!B:N,13,0)="B", VLOOKUP(AF46,[1]Diccionario!B:N,13,0)="A")), "DEFICIT",IF( AND(OR(AC46="B", AC46="BPAL"), VLOOKUP(AF46,[1]Diccionario!B:N,13,0)="B"), "OK",IF(AND(OR(AC46="B", AC46="BPAL"), VLOOKUP(AF46,[1]Diccionario!B:N,13,0)="A"), "DEFICIT",IF(AND(OR(AC46="B", AC46="BPAL"), VLOOKUP(AF46,[1]Diccionario!B:N,13,0)="C"), "SOBREOFERTA",IF(AND(AC46="A", VLOOKUP(AF46,[1]Diccionario!B:N,13,0)="A"), "OK",IF( AND(AC46="A", OR(VLOOKUP(AF46,[1]Diccionario!B:N,13,0)="B", VLOOKUP(AF46,[1]Diccionario!B:N,13,0)="C")), "SOBREOFERTA","" ))))))),"") | AI46: =IF(AJ46="","",IF(AND((AJ46-AH46)>=TIME(0,0,0),(AJ46-AH46)<TIME(0,3,0)),"OK",IF(AND((AJ46-AH46)>=TIME(0,3,0),(AJ46-AH46)<TIME(0,5,0)),"RETRASO DE 3-5 MIN",IF(AND((AJ46-AH46)>=TIME(0,5,0),(AJ46-AH46)<TIME(0,10,0)),"RETRASO DE 5-10 MIN",IF((AJ46-AH46)>=TIME(0,10,0),"RETRASO >10 MIN", IF(AND((AH46-AJ46)>=TIME(0,0,0),(AH46-AJ46)<TIME(0,3,0)),"OK",IF((AH46-AJ46)>=TIME(0,3,0),"ADELANTADO"))))))) | AK46: =IF(AB46<>"",HLOOKUP(VALUE(TEXT(AH46,"h:mm:ss")),IF($C$6="Laboral",[1]Input!$A$4:$Y$227,IF($C$6="Sábado",[1]Input!$A$231:$Y$452,[1]Input!$A$456:$Y$656)),VLOOKUP($C$4,[1]Input!$AG$2:$AI$99,3,0)+IF(AD$5="Ida",0,1),1),"") -> #N/A | AL46: =IF(AB47<>AB46,AVERAGEIF(AB$9:AB46,AB46,AK$9:AK46),"") | AM46: =IFERROR(IF(AB47<>AB46,AVERAGEIF(AB$9:AB46,AB46,AT$9:AT46),""),"") | AN46: =IFERROR(IF(AB47<>AB46,AVERAGEIF(AB$9:AB46,AB46,AU$9:AU46),""),"") | AO46: {=IFERROR(IF(AB47<>AB46,_xlfn.STDEV.P(IF(AB$9:AB46=AB46,AU$9:AU46)),""),"")} | AP46: {=IFERROR(IF(AB47<>AB46,_xlfn.STDEV.P(IF(AB$9:AB46=AB46,AT$9:AT46)),""),"")} | AQ46: =IFERROR(IF(AB46<>AB47,MAX((((AN46*24*60)/2)*(1+POWER((((AO46*24*60) / (AN46*24*60) )),2))) + ((AN46*24*60 )*-0.1 + (AL46*0.015)) +1,(((AN46*24*60)/2)*(1+POWER((((AO46*24*60) / (AN46*24*60 ))),2)))),""),"") | AR46: =IF(AND(AP46<>"",AM46<>""),IF(AB46<>AB47,((AM46*24*60) / 2 ) * (1 + POWER(((AP46*24*60) / (AM46*24*60)),2)),""),"") | AS46: =IF(AR46<>"",MAX(AQ46,AR46),"") | AT46: =IF(AJ46<>"H. Sale Real",IF(AND(AJ47<>"",LEFT(AD47,2)<>"NC"),IF(AND(AJ46<>"",LEFT(AD46,2)<>"NC",AJ46<>"H. Sale Real"),IF(AJ47-AJ46<0.208333333333333,AJ47-AJ46,""),IF(AND(AJ45<>"",LEFT(AD45,2)<>"NC",AJ45<>"H. Sale Real"),IF(AJ47-AJ45<0.208333333333333,AJ47-AJ45,""),IF(AND(AJ44<>"",LEFT(AD44,2)<>"NC",AJ44<>"H. Sale Real"),IF(AJ47-AJ44<0.208333333333333,AJ47-AJ44,""),IF(AND(AJ43<>"",LEFT(AD43,2)<>"NC",AJ43<>"H. Sale Real"),IF(AJ47-AJ43<0.208333333333333,AJ47-AJ43,""),IF(AND(AJ42<>"",LEFT(AD42,2)<>"NC",AJ42<>"H. Sale Real"),IF(AJ47-AJ42<0.208333333333333,AJ47-AJ42,""),""))))),""),"") | AU46: =IF(AH46<>"H. Sale Real",IF(AND(AH47<>"",LEFT(AD47,2)<>"NC"),IF(AND(AH46<>"",LEFT(AD46,2)<>"NC",AH46<>"H. Sale Real"),IF(AH47-AH46<0.208333333333333,AH47-AH46,""),IF(AND(AH45<>"",LEFT(AD45,2)<>"NC",AH45<>"H. Sale Real"),IF(AH47-AH45<0.208333333333333,AH47-AH45,""),IF(AND(AH44<>"",LEFT(AD44,2)<>"NC",AH44<>"H. Sale Real"),IF(AH47-AH44<0.208333333333333,AH47-AH44,""),IF(AND(AH43<>"",LEFT(AD43,2)<>"NC",AH43<>"H. Sale Real"),IF(AH47-AH43<0.208333333333333,AH47-AH43,""),IF(AND(AH42<>"",LEFT(AD42,2)<>"NC",AH42<>"H. Sale Real"),IF(AH47-AH42<0.208333333333333,AH47-AH42,""),""))))),""),"") | AX46: {=IF(AH46<>"",IF(AND(AX44:AX45<>"IE",AQ46<>0,AS46<>""),IF(IFERROR((AQ46/AS46),0) <=1,IFERROR(AQ46/AS46,""),1),""),"")}
A47: =HOUR(G47)+1 -> 1 | D47: =IFERROR( IF(AND(OR(Planilla!B47="C",Planilla!B47="c"), VLOOKUP(E47,[1]Diccionario!B:N,13,0)="C"), "OK",IF(AND(OR(Planilla!B47="C",Planilla!B47="c"), OR(VLOOKUP(E47,[1]Diccionario!B:N,13,0)="B", VLOOKUP(E47,[1]Diccionario!B:N,13,0)="A")), "DEFICIT",IF( AND(OR(Planilla!B47="B", Planilla!B47="BPAL"), VLOOKUP(E47,[1]Diccionario!B:N,13,0)="B"), "OK",IF(AND(OR(Planilla!B47="B", Planilla!B47="BPAL"), VLOOKUP(E47,[1]Diccionario!B:N,13,0)="A"), "DEFICIT",IF(AND(OR(Planilla!B47="B", Planilla!B47="BPAL"), VLOOKUP(E47,[1]Diccionario!B:N,13,0)="C"), "SOBREOFERTA",IF(AND(Planilla!B47="A", VLOOKUP(E47,[1]Diccionario!B:N,13,0)="A"), "OK",IF( AND(Planilla!B47="A", OR(VLOOKUP(E47,[1]Diccionario!B:N,13,0)="B", VLOOKUP(E47,[1]Diccionario!B:N,13,0)="C")), "SOBREOFERTA","" ))))))),"") | F47: =+IF(G47="","",INT(G47*48+1.00001)) | H47: =IF(I47="","",IF(AND((I47-G47)>=TIME(0,0,0),(I47-G47)<TIME(0,3,0)),"OK",IF(AND((I47-G47)>=TIME(0,3,0),(I47-G47)<TIME(0,5,0)),"RETRASO DE 3-5 MIN",IF(AND((I47-G47)>=TIME(0,5,0),(I47-G47)<TIME(0,10,0)),"RETRASO DE 5-10 MIN",IF((I47-G47)>=TIME(0,10,0),"RETRASO >10 MIN", IF(AND((G47-I47)>=TIME(0,0,0),(G47-I47)<TIME(0,3,0)),"OK",IF((G47-I47)>=TIME(0,3,0),"ADELANTADO"))))))) | J47: =IF(A47<>"",HLOOKUP(VALUE(TEXT(G47,"h:mm:ss")),IF($C$6="Laboral",[1]Input!$A$4:$Y$227,IF($C$6="Sábado",[1]Input!$A$231:$Y$452,[1]Input!$A$456:$Y$656)),VLOOKUP($C$4,[1]Input!$AG$2:$AI$99,3,0)+IF(C$5="Ida",0,1),1),"") -> #N/A | K47: =IF(A48<>A47,AVERAGEIF(A$9:A47,A47,J$13:J47),"") | L47: =IFERROR(IF(A48<>A47,AVERAGEIF(A$9:A47,A47,S$13:S47),""),"") | M47: =IFERROR(IF(A48<>A47,AVERAGEIF(A$9:A47,A47,T$8:T47),""),"") | N47: {=IFERROR(IF(A48<>A47,_xlfn.STDEV.P(IF(A$9:A47=A47,T$7:T47)),""),"")} | O47: {=IFERROR(IF(A48<>A47,_xlfn.STDEV.P(IF(A$9:A47=A47,S$7:S47)),""),"")} | P47: =IFERROR(IF(A47<>A48,MAX((((M47*24*60)/2)*(1+POWER((((N47*24*60) / (M47*24*60) )),2))) + ((M47*24*60 )*-0.1 + (K47*0.015)) +1,(((M47*24*60)/2)*(1+POWER((((N47*24*60) / (M47*24*60 ))),2)))),""),"") | Q47: =IF(AND(O47<>"",L47<>""),IF(A47<>A48,((L47*24*60) / 2 ) * (1 + POWER(((O47*24*60) / (L47*24*60)),2)),""),"") | R47: =IF(Q47<>"",MAX(P47,Q47),"") | S47: =IF(I47<>"H. Sale Real",IF(AND(I48<>"",LEFT(C48,2)<>"NC"),IF(AND(I47<>"",LEFT(C47,2)<>"NC",I47<>"H. Sale Real"),IF(I48-I47<0.208333333333333,I48-I47,""),IF(AND(I46<>"",LEFT(C46,2)<>"NC",I46<>"H. Sale Real"),IF(I48-I46<0.208333333333333,I48-I46,""),IF(AND(I45<>"",LEFT(C45,2)<>"NC",I45<>"H. Sale Real"),IF(I48-I45<0.208333333333333,I48-I45,""),IF(AND(I44<>"",LEFT(C44,2)<>"NC",I44<>"H. Sale Real"),IF(I48-I44<0.208333333333333,I48-I44,""),IF(AND(I43<>"",LEFT(C43,2)<>"NC",I43<>"H. Sale Real"),IF(I48-I43<0.208333333333333,I48-I43,""),""))))),""),"") | T47: =IF(G47<>"H. Sale Real",IF(AND(G48<>"",LEFT(C48,2)<>"NC"),IF(AND(G47<>"",LEFT(C47,2)<>"NC",G47<>"H. Sale Real"),IF(G48-G47<0.208333333333333,G48-G47,""),IF(AND(G46<>"",LEFT(C46,2)<>"NC",G46<>"H. Sale Real"),IF(G48-G46<0.208333333333333,G48-G46,""),IF(AND(G45<>"",LEFT(C45,2)<>"NC",G45<>"H. Sale Real"),IF(G48-G45<0.208333333333333,G48-G45,""),IF(AND(G44<>"",LEFT(C44,2)<>"NC",G44<>"H. Sale Real"),IF(G48-G44<0.208333333333333,G48-G44,""),IF(AND(G43<>"",LEFT(C43,2)<>"NC",G43<>"H. Sale Real"),IF(G48-G43<0.208333333333333,G48-G43,""),""))))),""),"") | W47: =IF(G47<>"",IF(AND(W46<>"IE",P47<>0,R47<>""),IF(IFERROR((P47/R47),0) <=1,IFERROR(P47/R47,""),1),""),"") | AB47: =HOUR(AH47)+1 -> 1 | AE47: =IFERROR( IF(AND(OR(AC47="C",AC47="c"), VLOOKUP(AF47,[1]Diccionario!B:N,13,0)="C"), "OK",IF(AND(OR(AC47="C",AC47="c"), OR(VLOOKUP(AF47,[1]Diccionario!B:N,13,0)="B", VLOOKUP(AF47,[1]Diccionario!B:N,13,0)="A")), "DEFICIT",IF( AND(OR(AC47="B", AC47="BPAL"), VLOOKUP(AF47,[1]Diccionario!B:N,13,0)="B"), "OK",IF(AND(OR(AC47="B", AC47="BPAL"), VLOOKUP(AF47,[1]Diccionario!B:N,13,0)="A"), "DEFICIT",IF(AND(OR(AC47="B", AC47="BPAL"), VLOOKUP(AF47,[1]Diccionario!B:N,13,0)="C"), "SOBREOFERTA",IF(AND(AC47="A", VLOOKUP(AF47,[1]Diccionario!B:N,13,0)="A"), "OK",IF( AND(AC47="A", OR(VLOOKUP(AF47,[1]Diccionario!B:N,13,0)="B", VLOOKUP(AF47,[1]Diccionario!B:N,13,0)="C")), "SOBREOFERTA","" ))))))),"") | AI47: =IF(AJ47="","",IF(AND((AJ47-AH47)>=TIME(0,0,0),(AJ47-AH47)<TIME(0,3,0)),"OK",IF(AND((AJ47-AH47)>=TIME(0,3,0),(AJ47-AH47)<TIME(0,5,0)),"RETRASO DE 3-5 MIN",IF(AND((AJ47-AH47)>=TIME(0,5,0),(AJ47-AH47)<TIME(0,10,0)),"RETRASO DE 5-10 MIN",IF((AJ47-AH47)>=TIME(0,10,0),"RETRASO >10 MIN", IF(AND((AH47-AJ47)>=TIME(0,0,0),(AH47-AJ47)<TIME(0,3,0)),"OK",IF((AH47-AJ47)>=TIME(0,3,0),"ADELANTADO"))))))) | AK47: =IF(AB47<>"",HLOOKUP(VALUE(TEXT(AH47,"h:mm:ss")),IF($C$6="Laboral",[1]Input!$A$4:$Y$227,IF($C$6="Sábado",[1]Input!$A$231:$Y$452,[1]Input!$A$456:$Y$656)),VLOOKUP($C$4,[1]Input!$AG$2:$AI$99,3,0)+IF(AD$5="Ida",0,1),1),"") -> #N/A | AL47: =IF(AB48<>AB47,AVERAGEIF(AB$9:AB47,AB47,AK$9:AK47),"") | AM47: =IFERROR(IF(AB48<>AB47,AVERAGEIF(AB$9:AB47,AB47,AT$9:AT47),""),"") | AN47: =IFERROR(IF(AB48<>AB47,AVERAGEIF(AB$9:AB47,AB47,AU$9:AU47),""),"") | AO47: {=IFERROR(IF(AB48<>AB47,_xlfn.STDEV.P(IF(AB$9:AB47=AB47,AU$9:AU47)),""),"")} | AP47: {=IFERROR(IF(AB48<>AB47,_xlfn.STDEV.P(IF(AB$9:AB47=AB47,AT$9:AT47)),""),"")} | AQ47: =IFERROR(IF(AB47<>AB48,MAX((((AN47*24*60)/2)*(1+POWER((((AO47*24*60) / (AN47*24*60) )),2))) + ((AN47*24*60 )*-0.1 + (AL47*0.015)) +1,(((AN47*24*60)/2)*(1+POWER((((AO47*24*60) / (AN47*24*60 ))),2)))),""),"") | AR47: =IF(AND(AP47<>"",AM47<>""),IF(AB47<>AB48,((AM47*24*60) / 2 ) * (1 + POWER(((AP47*24*60) / (AM47*24*60)),2)),""),"") | AS47: =IF(AR47<>"",MAX(AQ47,AR47),"") | AT47: =IF(AJ47<>"H. Sale Real",IF(AND(AJ48<>"",LEFT(AD48,2)<>"NC"),IF(AND(AJ47<>"",LEFT(AD47,2)<>"NC",AJ47<>"H. Sale Real"),IF(AJ48-AJ47<0.208333333333333,AJ48-AJ47,""),IF(AND(AJ46<>"",LEFT(AD46,2)<>"NC",AJ46<>"H. Sale Real"),IF(AJ48-AJ46<0.208333333333333,AJ48-AJ46,""),IF(AND(AJ45<>"",LEFT(AD45,2)<>"NC",AJ45<>"H. Sale Real"),IF(AJ48-AJ45<0.208333333333333,AJ48-AJ45,""),IF(AND(AJ44<>"",LEFT(AD44,2)<>"NC",AJ44<>"H. Sale Real"),IF(AJ48-AJ44<0.208333333333333,AJ48-AJ44,""),IF(AND(AJ43<>"",LEFT(AD43,2)<>"NC",AJ43<>"H. Sale Real"),IF(AJ48-AJ43<0.208333333333333,AJ48-AJ43,""),""))))),""),"") | AU47: =IF(AH47<>"H. Sale Real",IF(AND(AH48<>"",LEFT(AD48,2)<>"NC"),IF(AND(AH47<>"",LEFT(AD47,2)<>"NC",AH47<>"H. Sale Real"),IF(AH48-AH47<0.208333333333333,AH48-AH47,""),IF(AND(AH46<>"",LEFT(AD46,2)<>"NC",AH46<>"H. Sale Real"),IF(AH48-AH46<0.208333333333333,AH48-AH46,""),IF(AND(AH45<>"",LEFT(AD45,2)<>"NC",AH45<>"H. Sale Real"),IF(AH48-AH45<0.208333333333333,AH48-AH45,""),IF(AND(AH44<>"",LEFT(AD44,2)<>"NC",AH44<>"H. Sale Real"),IF(AH48-AH44<0.208333333333333,AH48-AH44,""),IF(AND(AH43<>"",LEFT(AD43,2)<>"NC",AH43<>"H. Sale Real"),IF(AH48-AH43<0.208333333333333,AH48-AH43,""),""))))),""),"") | AX47: {=IF(AH47<>"",IF(AND(AX45:AX46<>"IE",AQ47<>0,AS47<>""),IF(IFERROR((AQ47/AS47),0) <=1,IFERROR(AQ47/AS47,""),1),""),"")}
A48: =HOUR(G48)+1 -> 1 | D48: =IFERROR( IF(AND(OR(Planilla!B48="C",Planilla!B48="c"), VLOOKUP(E48,[1]Diccionario!B:N,13,0)="C"), "OK",IF(AND(OR(Planilla!B48="C",Planilla!B48="c"), OR(VLOOKUP(E48,[1]Diccionario!B:N,13,0)="B", VLOOKUP(E48,[1]Diccionario!B:N,13,0)="A")), "DEFICIT",IF( AND(OR(Planilla!B48="B", Planilla!B48="BPAL"), VLOOKUP(E48,[1]Diccionario!B:N,13,0)="B"), "OK",IF(AND(OR(Planilla!B48="B", Planilla!B48="BPAL"), VLOOKUP(E48,[1]Diccionario!B:N,13,0)="A"), "DEFICIT",IF(AND(OR(Planilla!B48="B", Planilla!B48="BPAL"), VLOOKUP(E48,[1]Diccionario!B:N,13,0)="C"), "SOBREOFERTA",IF(AND(Planilla!B48="A", VLOOKUP(E48,[1]Diccionario!B:N,13,0)="A"), "OK",IF( AND(Planilla!B48="A", OR(VLOOKUP(E48,[1]Diccionario!B:N,13,0)="B", VLOOKUP(E48,[1]Diccionario!B:N,13,0)="C")), "SOBREOFERTA","" ))))))),"") | F48: =+IF(G48="","",INT(G48*48+1.00001)) | H48: =IF(I48="","",IF(AND((I48-G48)>=TIME(0,0,0),(I48-G48)<TIME(0,3,0)),"OK",IF(AND((I48-G48)>=TIME(0,3,0),(I48-G48)<TIME(0,5,0)),"RETRASO DE 3-5 MIN",IF(AND((I48-G48)>=TIME(0,5,0),(I48-G48)<TIME(0,10,0)),"RETRASO DE 5-10 MIN",IF((I48-G48)>=TIME(0,10,0),"RETRASO >10 MIN", IF(AND((G48-I48)>=TIME(0,0,0),(G48-I48)<TIME(0,3,0)),"OK",IF((G48-I48)>=TIME(0,3,0),"ADELANTADO"))))))) | J48: =IF(A48<>"",HLOOKUP(VALUE(TEXT(G48,"h:mm:ss")),IF($C$6="Laboral",[1]Input!$A$4:$Y$227,IF($C$6="Sábado",[1]Input!$A$231:$Y$452,[1]Input!$A$456:$Y$656)),VLOOKUP($C$4,[1]Input!$AG$2:$AI$99,3,0)+IF(C$5="Ida",0,1),1),"") -> #N/A | K48: =IF(A49<>A48,AVERAGEIF(A$9:A48,A48,J$13:J48),"") | L48: =IFERROR(IF(A49<>A48,AVERAGEIF(A$9:A48,A48,S$13:S48),""),"") | M48: =IFERROR(IF(A49<>A48,AVERAGEIF(A$9:A48,A48,T$8:T48),""),"") | N48: {=IFERROR(IF(A49<>A48,_xlfn.STDEV.P(IF(A$9:A48=A48,T$7:T48)),""),"")} | O48: {=IFERROR(IF(A49<>A48,_xlfn.STDEV.P(IF(A$9:A48=A48,S$7:S48)),""),"")} | P48: =IFERROR(IF(A48<>A49,MAX((((M48*24*60)/2)*(1+POWER((((N48*24*60) / (M48*24*60) )),2))) + ((M48*24*60 )*-0.1 + (K48*0.015)) +1,(((M48*24*60)/2)*(1+POWER((((N48*24*60) / (M48*24*60 ))),2)))),""),"") | Q48: =IF(AND(O48<>"",L48<>""),IF(A48<>A49,((L48*24*60) / 2 ) * (1 + POWER(((O48*24*60) / (L48*24*60)),2)),""),"") | R48: =IF(Q48<>"",MAX(P48,Q48),"") | S48: =IF(I48<>"H. Sale Real",IF(AND(I49<>"",LEFT(C49,2)<>"NC"),IF(AND(I48<>"",LEFT(C48,2)<>"NC",I48<>"H. Sale Real"),IF(I49-I48<0.208333333333333,I49-I48,""),IF(AND(I47<>"",LEFT(C47,2)<>"NC",I47<>"H. Sale Real"),IF(I49-I47<0.208333333333333,I49-I47,""),IF(AND(I46<>"",LEFT(C46,2)<>"NC",I46<>"H. Sale Real"),IF(I49-I46<0.208333333333333,I49-I46,""),IF(AND(I45<>"",LEFT(C45,2)<>"NC",I45<>"H. Sale Real"),IF(I49-I45<0.208333333333333,I49-I45,""),IF(AND(I44<>"",LEFT(C44,2)<>"NC",I44<>"H. Sale Real"),IF(I49-I44<0.208333333333333,I49-I44,""),""))))),""),"") | T48: =IF(G48<>"H. Sale Real",IF(AND(G49<>"",LEFT(C49,2)<>"NC"),IF(AND(G48<>"",LEFT(C48,2)<>"NC",G48<>"H. Sale Real"),IF(G49-G48<0.208333333333333,G49-G48,""),IF(AND(G47<>"",LEFT(C47,2)<>"NC",G47<>"H. Sale Real"),IF(G49-G47<0.208333333333333,G49-G47,""),IF(AND(G46<>"",LEFT(C46,2)<>"NC",G46<>"H. Sale Real"),IF(G49-G46<0.208333333333333,G49-G46,""),IF(AND(G45<>"",LEFT(C45,2)<>"NC",G45<>"H. Sale Real"),IF(G49-G45<0.208333333333333,G49-G45,""),IF(AND(G44<>"",LEFT(C44,2)<>"NC",G44<>"H. Sale Real"),IF(G49-G44<0.208333333333333,G49-G44,""),""))))),""),"") | W48: =IF(G48<>"",IF(AND(W47<>"IE",P48<>0,R48<>""),IF(IFERROR((P48/R48),0) <=1,IFERROR(P48/R48,""),1),""),"") | AB48: =HOUR(AH48)+1 -> 1 | AE48: =IFERROR( IF(AND(OR(AC48="C",AC48="c"), VLOOKUP(AF48,[1]Diccionario!B:N,13,0)="C"), "OK",IF(AND(OR(AC48="C",AC48="c"), OR(VLOOKUP(AF48,[1]Diccionario!B:N,13,0)="B", VLOOKUP(AF48,[1]Diccionario!B:N,13,0)="A")), "DEFICIT",IF( AND(OR(AC48="B", AC48="BPAL"), VLOOKUP(AF48,[1]Diccionario!B:N,13,0)="B"), "OK",IF(AND(OR(AC48="B", AC48="BPAL"), VLOOKUP(AF48,[1]Diccionario!B:N,13,0)="A"), "DEFICIT",IF(AND(OR(AC48="B", AC48="BPAL"), VLOOKUP(AF48,[1]Diccionario!B:N,13,0)="C"), "SOBREOFERTA",IF(AND(AC48="A", VLOOKUP(AF48,[1]Diccionario!B:N,13,0)="A"), "OK",IF( AND(AC48="A", OR(VLOOKUP(AF48,[1]Diccionario!B:N,13,0)="B", VLOOKUP(AF48,[1]Diccionario!B:N,13,0)="C")), "SOBREOFERTA","" ))))))),"") | AI48: =IF(AJ48="","",IF(AND((AJ48-AH48)>=TIME(0,0,0),(AJ48-AH48)<TIME(0,3,0)),"OK",IF(AND((AJ48-AH48)>=TIME(0,3,0),(AJ48-AH48)<TIME(0,5,0)),"RETRASO DE 3-5 MIN",IF(AND((AJ48-AH48)>=TIME(0,5,0),(AJ48-AH48)<TIME(0,10,0)),"RETRASO DE 5-10 MIN",IF((AJ48-AH48)>=TIME(0,10,0),"RETRASO >10 MIN", IF(AND((AH48-AJ48)>=TIME(0,0,0),(AH48-AJ48)<TIME(0,3,0)),"OK",IF((AH48-AJ48)>=TIME(0,3,0),"ADELANTADO"))))))) | AK48: =IF(AB48<>"",HLOOKUP(VALUE(TEXT(AH48,"h:mm:ss")),IF($C$6="Laboral",[1]Input!$A$4:$Y$227,IF($C$6="Sábado",[1]Input!$A$231:$Y$452,[1]Input!$A$456:$Y$656)),VLOOKUP($C$4,[1]Input!$AG$2:$AI$99,3,0)+IF(AD$5="Ida",0,1),1),"") -> #N/A | AL48: =IF(AB49<>AB48,AVERAGEIF(AB$9:AB48,AB48,AK$9:AK48),"") | AM48: =IFERROR(IF(AB49<>AB48,AVERAGEIF(AB$9:AB48,AB48,AT$9:AT48),""),"") | AN48: =IFERROR(IF(AB49<>AB48,AVERAGEIF(AB$9:AB48,AB48,AU$9:AU48),""),"") | AO48: {=IFERROR(IF(AB49<>AB48,_xlfn.STDEV.P(IF(AB$9:AB48=AB48,AU$9:AU48)),""),"")} | AP48: {=IFERROR(IF(AB49<>AB48,_xlfn.STDEV.P(IF(AB$9:AB48=AB48,AT$9:AT48)),""),"")} | AQ48: =IFERROR(IF(AB48<>AB49,MAX((((AN48*24*60)/2)*(1+POWER((((AO48*24*60) / (AN48*24*60) )),2))) + ((AN48*24*60 )*-0.1 + (AL48*0.015)) +1,(((AN48*24*60)/2)*(1+POWER((((AO48*24*60) / (AN48*24*60 ))),2)))),""),"") | AR48: =IF(AND(AP48<>"",AM48<>""),IF(AB48<>AB49,((AM48*24*60) / 2 ) * (1 + POWER(((AP48*24*60) / (AM48*24*60)),2)),""),"") | AS48: =IF(AR48<>"",MAX(AQ48,AR48),"") | AT48: =IF(AJ48<>"H. Sale Real",IF(AND(AJ49<>"",LEFT(AD49,2)<>"NC"),IF(AND(AJ48<>"",LEFT(AD48,2)<>"NC",AJ48<>"H. Sale Real"),IF(AJ49-AJ48<0.208333333333333,AJ49-AJ48,""),IF(AND(AJ47<>"",LEFT(AD47,2)<>"NC",AJ47<>"H. Sale Real"),IF(AJ49-AJ47<0.208333333333333,AJ49-AJ47,""),IF(AND(AJ46<>"",LEFT(AD46,2)<>"NC",AJ46<>"H. Sale Real"),IF(AJ49-AJ46<0.208333333333333,AJ49-AJ46,""),IF(AND(AJ45<>"",LEFT(AD45,2)<>"NC",AJ45<>"H. Sale Real"),IF(AJ49-AJ45<0.208333333333333,AJ49-AJ45,""),IF(AND(AJ44<>"",LEFT(AD44,2)<>"NC",AJ44<>"H. Sale Real"),IF(AJ49-AJ44<0.208333333333333,AJ49-AJ44,""),""))))),""),"") | AU48: =IF(AH48<>"H. Sale Real",IF(AND(AH49<>"",LEFT(AD49,2)<>"NC"),IF(AND(AH48<>"",LEFT(AD48,2)<>"NC",AH48<>"H. Sale Real"),IF(AH49-AH48<0.208333333333333,AH49-AH48,""),IF(AND(AH47<>"",LEFT(AD47,2)<>"NC",AH47<>"H. Sale Real"),IF(AH49-AH47<0.208333333333333,AH49-AH47,""),IF(AND(AH46<>"",LEFT(AD46,2)<>"NC",AH46<>"H. Sale Real"),IF(AH49-AH46<0.208333333333333,AH49-AH46,""),IF(AND(AH45<>"",LEFT(AD45,2)<>"NC",AH45<>"H. Sale Real"),IF(AH49-AH45<0.208333333333333,AH49-AH45,""),IF(AND(AH44<>"",LEFT(AD44,2)<>"NC",AH44<>"H. Sale Real"),IF(AH49-AH44<0.208333333333333,AH49-AH44,""),""))))),""),"") | AX48: {=IF(AH48<>"",IF(AND(AX46:AX47<>"IE",AQ48<>0,AS48<>""),IF(IFERROR((AQ48/AS48),0) <=1,IFERROR(AQ48/AS48,""),1),""),"")}
A49: =HOUR(G49)+1 -> 1 | D49: =IFERROR( IF(AND(OR(Planilla!B49="C",Planilla!B49="c"), VLOOKUP(E49,[1]Diccionario!B:N,13,0)="C"), "OK",IF(AND(OR(Planilla!B49="C",Planilla!B49="c"), OR(VLOOKUP(E49,[1]Diccionario!B:N,13,0)="B", VLOOKUP(E49,[1]Diccionario!B:N,13,0)="A")), "DEFICIT",IF( AND(OR(Planilla!B49="B", Planilla!B49="BPAL"), VLOOKUP(E49,[1]Diccionario!B:N,13,0)="B"), "OK",IF(AND(OR(Planilla!B49="B", Planilla!B49="BPAL"), VLOOKUP(E49,[1]Diccionario!B:N,13,0)="A"), "DEFICIT",IF(AND(OR(Planilla!B49="B", Planilla!B49="BPAL"), VLOOKUP(E49,[1]Diccionario!B:N,13,0)="C"), "SOBREOFERTA",IF(AND(Planilla!B49="A", VLOOKUP(E49,[1]Diccionario!B:N,13,0)="A"), "OK",IF( AND(Planilla!B49="A", OR(VLOOKUP(E49,[1]Diccionario!B:N,13,0)="B", VLOOKUP(E49,[1]Diccionario!B:N,13,0)="C")), "SOBREOFERTA","" ))))))),"") | F49: =+IF(G49="","",INT(G49*48+1.00001)) | H49: =IF(I49="","",IF(AND((I49-G49)>=TIME(0,0,0),(I49-G49)<TIME(0,3,0)),"OK",IF(AND((I49-G49)>=TIME(0,3,0),(I49-G49)<TIME(0,5,0)),"RETRASO DE 3-5 MIN",IF(AND((I49-G49)>=TIME(0,5,0),(I49-G49)<TIME(0,10,0)),"RETRASO DE 5-10 MIN",IF((I49-G49)>=TIME(0,10,0),"RETRASO >10 MIN", IF(AND((G49-I49)>=TIME(0,0,0),(G49-I49)<TIME(0,3,0)),"OK",IF((G49-I49)>=TIME(0,3,0),"ADELANTADO"))))))) | J49: =IF(A49<>"",HLOOKUP(VALUE(TEXT(G49,"h:mm:ss")),IF($C$6="Laboral",[1]Input!$A$4:$Y$227,IF($C$6="Sábado",[1]Input!$A$231:$Y$452,[1]Input!$A$456:$Y$656)),VLOOKUP($C$4,[1]Input!$AG$2:$AI$99,3,0)+IF(C$5="Ida",0,1),1),"") -> #N/A | K49: =IF(A50<>A49,AVERAGEIF(A$9:A49,A49,J$13:J49),"") | L49: =IFERROR(IF(A50<>A49,AVERAGEIF(A$9:A49,A49,S$13:S49),""),"") | M49: =IFERROR(IF(A50<>A49,AVERAGEIF(A$9:A49,A49,T$8:T49),""),"") | N49: {=IFERROR(IF(A50<>A49,_xlfn.STDEV.P(IF(A$9:A49=A49,T$7:T49)),""),"")} | O49: {=IFERROR(IF(A50<>A49,_xlfn.STDEV.P(IF(A$9:A49=A49,S$7:S49)),""),"")} | P49: =IFERROR(IF(A49<>A50,MAX((((M49*24*60)/2)*(1+POWER((((N49*24*60) / (M49*24*60) )),2))) + ((M49*24*60 )*-0.1 + (K49*0.015)) +1,(((M49*24*60)/2)*(1+POWER((((N49*24*60) / (M49*24*60 ))),2)))),""),"") | Q49: =IF(AND(O49<>"",L49<>""),IF(A49<>A50,((L49*24*60) / 2 ) * (1 + POWER(((O49*24*60) / (L49*24*60)),2)),""),"") | R49: =IF(Q49<>"",MAX(P49,Q49),"") | S49: =IF(I49<>"H. Sale Real",IF(AND(I50<>"",LEFT(C50,2)<>"NC"),IF(AND(I49<>"",LEFT(C49,2)<>"NC",I49<>"H. Sale Real"),IF(I50-I49<0.208333333333333,I50-I49,""),IF(AND(I48<>"",LEFT(C48,2)<>"NC",I48<>"H. Sale Real"),IF(I50-I48<0.208333333333333,I50-I48,""),IF(AND(I47<>"",LEFT(C47,2)<>"NC",I47<>"H. Sale Real"),IF(I50-I47<0.208333333333333,I50-I47,""),IF(AND(I46<>"",LEFT(C46,2)<>"NC",I46<>"H. Sale Real"),IF(I50-I46<0.208333333333333,I50-I46,""),IF(AND(I45<>"",LEFT(C45,2)<>"NC",I45<>"H. Sale Real"),IF(I50-I45<0.208333333333333,I50-I45,""),""))))),""),"") | T49: =IF(G49<>"H. Sale Real",IF(AND(G50<>"",LEFT(C50,2)<>"NC"),IF(AND(G49<>"",LEFT(C49,2)<>"NC",G49<>"H. Sale Real"),IF(G50-G49<0.208333333333333,G50-G49,""),IF(AND(G48<>"",LEFT(C48,2)<>"NC",G48<>"H. Sale Real"),IF(G50-G48<0.208333333333333,G50-G48,""),IF(AND(G47<>"",LEFT(C47,2)<>"NC",G47<>"H. Sale Real"),IF(G50-G47<0.208333333333333,G50-G47,""),IF(AND(G46<>"",LEFT(C46,2)<>"NC",G46<>"H. Sale Real"),IF(G50-G46<0.208333333333333,G50-G46,""),IF(AND(G45<>"",LEFT(C45,2)<>"NC",G45<>"H. Sale Real"),IF(G50-G45<0.208333333333333,G50-G45,""),""))))),""),"") | W49: =IF(G49<>"",IF(AND(W48<>"IE",P49<>0,R49<>""),IF(IFERROR((P49/R49),0) <=1,IFERROR(P49/R49,""),1),""),"") | AB49: =HOUR(AH49)+1 -> 1 | AE49: =IFERROR( IF(AND(OR(AC49="C",AC49="c"), VLOOKUP(AF49,[1]Diccionario!B:N,13,0)="C"), "OK",IF(AND(OR(AC49="C",AC49="c"), OR(VLOOKUP(AF49,[1]Diccionario!B:N,13,0)="B", VLOOKUP(AF49,[1]Diccionario!B:N,13,0)="A")), "DEFICIT",IF( AND(OR(AC49="B", AC49="BPAL"), VLOOKUP(AF49,[1]Diccionario!B:N,13,0)="B"), "OK",IF(AND(OR(AC49="B", AC49="BPAL"), VLOOKUP(AF49,[1]Diccionario!B:N,13,0)="A"), "DEFICIT",IF(AND(OR(AC49="B", AC49="BPAL"), VLOOKUP(AF49,[1]Diccionario!B:N,13,0)="C"), "SOBREOFERTA",IF(AND(AC49="A", VLOOKUP(AF49,[1]Diccionario!B:N,13,0)="A"), "OK",IF( AND(AC49="A", OR(VLOOKUP(AF49,[1]Diccionario!B:N,13,0)="B", VLOOKUP(AF49,[1]Diccionario!B:N,13,0)="C")), "SOBREOFERTA","" ))))))),"") | AI49: =IF(AJ49="","",IF(AND((AJ49-AH49)>=TIME(0,0,0),(AJ49-AH49)<TIME(0,3,0)),"OK",IF(AND((AJ49-AH49)>=TIME(0,3,0),(AJ49-AH49)<TIME(0,5,0)),"RETRASO DE 3-5 MIN",IF(AND((AJ49-AH49)>=TIME(0,5,0),(AJ49-AH49)<TIME(0,10,0)),"RETRASO DE 5-10 MIN",IF((AJ49-AH49)>=TIME(0,10,0),"RETRASO >10 MIN", IF(AND((AH49-AJ49)>=TIME(0,0,0),(AH49-AJ49)<TIME(0,3,0)),"OK",IF((AH49-AJ49)>=TIME(0,3,0),"ADELANTADO"))))))) | AK49: =IF(AB49<>"",HLOOKUP(VALUE(TEXT(AH49,"h:mm:ss")),IF($C$6="Laboral",[1]Input!$A$4:$Y$227,IF($C$6="Sábado",[1]Input!$A$231:$Y$452,[1]Input!$A$456:$Y$656)),VLOOKUP($C$4,[1]Input!$AG$2:$AI$99,3,0)+IF(AD$5="Ida",0,1),1),"") -> #N/A | AL49: =IF(AB50<>AB49,AVERAGEIF(AB$9:AB49,AB49,AK$9:AK49),"") | AM49: =IFERROR(IF(AB50<>AB49,AVERAGEIF(AB$9:AB49,AB49,AT$9:AT49),""),"") | AN49: =IFERROR(IF(AB50<>AB49,AVERAGEIF(AB$9:AB49,AB49,AU$9:AU49),""),"") | AO49: {=IFERROR(IF(AB50<>AB49,_xlfn.STDEV.P(IF(AB$9:AB49=AB49,AU$9:AU49)),""),"")} | AP49: {=IFERROR(IF(AB50<>AB49,_xlfn.STDEV.P(IF(AB$9:AB49=AB49,AT$9:AT49)),""),"")} | AQ49: =IFERROR(IF(AB49<>AB50,MAX((((AN49*24*60)/2)*(1+POWER((((AO49*24*60) / (AN49*24*60) )),2))) + ((AN49*24*60 )*-0.1 + (AL49*0.015)) +1,(((AN49*24*60)/2)*(1+POWER((((AO49*24*60) / (AN49*24*60 ))),2)))),""),"") | AR49: =IF(AND(AP49<>"",AM49<>""),IF(AB49<>AB50,((AM49*24*60) / 2 ) * (1 + POWER(((AP49*24*60) / (AM49*24*60)),2)),""),"") | AS49: =IF(AR49<>"",MAX(AQ49,AR49),"") | AT49: =IF(AJ49<>"H. Sale Real",IF(AND(AJ50<>"",LEFT(AD50,2)<>"NC"),IF(AND(AJ49<>"",LEFT(AD49,2)<>"NC",AJ49<>"H. Sale Real"),IF(AJ50-AJ49<0.208333333333333,AJ50-AJ49,""),IF(AND(AJ48<>"",LEFT(AD48,2)<>"NC",AJ48<>"H. Sale Real"),IF(AJ50-AJ48<0.208333333333333,AJ50-AJ48,""),IF(AND(AJ47<>"",LEFT(AD47,2)<>"NC",AJ47<>"H. Sale Real"),IF(AJ50-AJ47<0.208333333333333,AJ50-AJ47,""),IF(AND(AJ46<>"",LEFT(AD46,2)<>"NC",AJ46<>"H. Sale Real"),IF(AJ50-AJ46<0.208333333333333,AJ50-AJ46,""),IF(AND(AJ45<>"",LEFT(AD45,2)<>"NC",AJ45<>"H. Sale Real"),IF(AJ50-AJ45<0.208333333333333,AJ50-AJ45,""),""))))),""),"") | AU49: =IF(AH49<>"H. Sale Real",IF(AND(AH50<>"",LEFT(AD50,2)<>"NC"),IF(AND(AH49<>"",LEFT(AD49,2)<>"NC",AH49<>"H. Sale Real"),IF(AH50-AH49<0.208333333333333,AH50-AH49,""),IF(AND(AH48<>"",LEFT(AD48,2)<>"NC",AH48<>"H. Sale Real"),IF(AH50-AH48<0.208333333333333,AH50-AH48,""),IF(AND(AH47<>"",LEFT(AD47,2)<>"NC",AH47<>"H. Sale Real"),IF(AH50-AH47<0.208333333333333,AH50-AH47,""),IF(AND(AH46<>"",LEFT(AD46,2)<>"NC",AH46<>"H. Sale Real"),IF(AH50-AH46<0.208333333333333,AH50-AH46,""),IF(AND(AH45<>"",LEFT(AD45,2)<>"NC",AH45<>"H. Sale Real"),IF(AH50-AH45<0.208333333333333,AH50-AH45,""),""))))),""),"") | AX49: {=IF(AH49<>"",IF(AND(AX47:AX48<>"IE",AQ49<>0,AS49<>""),IF(IFERROR((AQ49/AS49),0) <=1,IFERROR(AQ49/AS49,""),1),""),"")}
A50: =HOUR(G50)+1 -> 1 | D50: =IFERROR( IF(AND(OR(Planilla!B50="C",Planilla!B50="c"), VLOOKUP(E50,[1]Diccionario!B:N,13,0)="C"), "OK",IF(AND(OR(Planilla!B50="C",Planilla!B50="c"), OR(VLOOKUP(E50,[1]Diccionario!B:N,13,0)="B", VLOOKUP(E50,[1]Diccionario!B:N,13,0)="A")), "DEFICIT",IF( AND(OR(Planilla!B50="B", Planilla!B50="BPAL"), VLOOKUP(E50,[1]Diccionario!B:N,13,0)="B"), "OK",IF(AND(OR(Planilla!B50="B", Planilla!B50="BPAL"), VLOOKUP(E50,[1]Diccionario!B:N,13,0)="A"), "DEFICIT",IF(AND(OR(Planilla!B50="B", Planilla!B50="BPAL"), VLOOKUP(E50,[1]Diccionario!B:N,13,0)="C"), "SOBREOFERTA",IF(AND(Planilla!B50="A", VLOOKUP(E50,[1]Diccionario!B:N,13,0)="A"), "OK",IF( AND(Planilla!B50="A", OR(VLOOKUP(E50,[1]Diccionario!B:N,13,0)="B", VLOOKUP(E50,[1]Diccionario!B:N,13,0)="C")), "SOBREOFERTA","" ))))))),"") | F50: =+IF(G50="","",INT(G50*48+1.00001)) | H50: =IF(I50="","",IF(AND((I50-G50)>=TIME(0,0,0),(I50-G50)<TIME(0,3,0)),"OK",IF(AND((I50-G50)>=TIME(0,3,0),(I50-G50)<TIME(0,5,0)),"RETRASO DE 3-5 MIN",IF(AND((I50-G50)>=TIME(0,5,0),(I50-G50)<TIME(0,10,0)),"RETRASO DE 5-10 MIN",IF((I50-G50)>=TIME(0,10,0),"RETRASO >10 MIN", IF(AND((G50-I50)>=TIME(0,0,0),(G50-I50)<TIME(0,3,0)),"OK",IF((G50-I50)>=TIME(0,3,0),"ADELANTADO"))))))) | J50: =IF(A50<>"",HLOOKUP(VALUE(TEXT(G50,"h:mm:ss")),IF($C$6="Laboral",[1]Input!$A$4:$Y$227,IF($C$6="Sábado",[1]Input!$A$231:$Y$452,[1]Input!$A$456:$Y$656)),VLOOKUP($C$4,[1]Input!$AG$2:$AI$99,3,0)+IF(C$5="Ida",0,1),1),"") -> #N/A | K50: =IF(A51<>A50,AVERAGEIF(A$9:A50,A50,J$13:J50),"") | L50: =IFERROR(IF(A51<>A50,AVERAGEIF(A$9:A50,A50,S$13:S50),""),"") | M50: =IFERROR(IF(A51<>A50,AVERAGEIF(A$9:A50,A50,T$8:T50),""),"") | N50: {=IFERROR(IF(A51<>A50,_xlfn.STDEV.P(IF(A$9:A50=A50,T$7:T50)),""),"")} | O50: {=IFERROR(IF(A51<>A50,_xlfn.STDEV.P(IF(A$9:A50=A50,S$7:S50)),""),"")} | P50: =IFERROR(IF(A50<>A51,MAX((((M50*24*60)/2)*(1+POWER((((N50*24*60) / (M50*24*60) )),2))) + ((M50*24*60 )*-0.1 + (K50*0.015)) +1,(((M50*24*60)/2)*(1+POWER((((N50*24*60) / (M50*24*60 ))),2)))),""),"") | Q50: =IF(AND(O50<>"",L50<>""),IF(A50<>A51,((L50*24*60) / 2 ) * (1 + POWER(((O50*24*60) / (L50*24*60)),2)),""),"") | R50: =IF(Q50<>"",MAX(P50,Q50),"") | S50: =IF(I50<>"H. Sale Real",IF(AND(I51<>"",LEFT(C51,2)<>"NC"),IF(AND(I50<>"",LEFT(C50,2)<>"NC",I50<>"H. Sale Real"),IF(I51-I50<0.208333333333333,I51-I50,""),IF(AND(I49<>"",LEFT(C49,2)<>"NC",I49<>"H. Sale Real"),IF(I51-I49<0.208333333333333,I51-I49,""),IF(AND(I48<>"",LEFT(C48,2)<>"NC",I48<>"H. Sale Real"),IF(I51-I48<0.208333333333333,I51-I48,""),IF(AND(I47<>"",LEFT(C47,2)<>"NC",I47<>"H. Sale Real"),IF(I51-I47<0.208333333333333,I51-I47,""),IF(AND(I46<>"",LEFT(C46,2)<>"NC",I46<>"H. Sale Real"),IF(I51-I46<0.208333333333333,I51-I46,""),""))))),""),"") | T50: =IF(G50<>"H. Sale Real",IF(AND(G51<>"",LEFT(C51,2)<>"NC"),IF(AND(G50<>"",LEFT(C50,2)<>"NC",G50<>"H. Sale Real"),IF(G51-G50<0.208333333333333,G51-G50,""),IF(AND(G49<>"",LEFT(C49,2)<>"NC",G49<>"H. Sale Real"),IF(G51-G49<0.208333333333333,G51-G49,""),IF(AND(G48<>"",LEFT(C48,2)<>"NC",G48<>"H. Sale Real"),IF(G51-G48<0.208333333333333,G51-G48,""),IF(AND(G47<>"",LEFT(C47,2)<>"NC",G47<>"H. Sale Real"),IF(G51-G47<0.208333333333333,G51-G47,""),IF(AND(G46<>"",LEFT(C46,2)<>"NC",G46<>"H. Sale Real"),IF(G51-G46<0.208333333333333,G51-G46,""),""))))),""),"") | W50: =IF(G50<>"",IF(AND(W49<>"IE",P50<>0,R50<>""),IF(IFERROR((P50/R50),0) <=1,IFERROR(P50/R50,""),1),""),"") | AB50: =HOUR(AH50)+1 -> 1 | AE50: =IFERROR( IF(AND(OR(AC50="C",AC50="c"), VLOOKUP(AF50,[1]Diccionario!B:N,13,0)="C"), "OK",IF(AND(OR(AC50="C",AC50="c"), OR(VLOOKUP(AF50,[1]Diccionario!B:N,13,0)="B", VLOOKUP(AF50,[1]Diccionario!B:N,13,0)="A")), "DEFICIT",IF( AND(OR(AC50="B", AC50="BPAL"), VLOOKUP(AF50,[1]Diccionario!B:N,13,0)="B"), "OK",IF(AND(OR(AC50="B", AC50="BPAL"), VLOOKUP(AF50,[1]Diccionario!B:N,13,0)="A"), "DEFICIT",IF(AND(OR(AC50="B", AC50="BPAL"), VLOOKUP(AF50,[1]Diccionario!B:N,13,0)="C"), "SOBREOFERTA",IF(AND(AC50="A", VLOOKUP(AF50,[1]Diccionario!B:N,13,0)="A"), "OK",IF( AND(AC50="A", OR(VLOOKUP(AF50,[1]Diccionario!B:N,13,0)="B", VLOOKUP(AF50,[1]Diccionario!B:N,13,0)="C")), "SOBREOFERTA","" ))))))),"") | AI50: =IF(AJ50="","",IF(AND((AJ50-AH50)>=TIME(0,0,0),(AJ50-AH50)<TIME(0,3,0)),"OK",IF(AND((AJ50-AH50)>=TIME(0,3,0),(AJ50-AH50)<TIME(0,5,0)),"RETRASO DE 3-5 MIN",IF(AND((AJ50-AH50)>=TIME(0,5,0),(AJ50-AH50)<TIME(0,10,0)),"RETRASO DE 5-10 MIN",IF((AJ50-AH50)>=TIME(0,10,0),"RETRASO >10 MIN", IF(AND((AH50-AJ50)>=TIME(0,0,0),(AH50-AJ50)<TIME(0,3,0)),"OK",IF((AH50-AJ50)>=TIME(0,3,0),"ADELANTADO"))))))) | AK50: =IF(AB50<>"",HLOOKUP(VALUE(TEXT(AH50,"h:mm:ss")),IF($C$6="Laboral",[1]Input!$A$4:$Y$227,IF($C$6="Sábado",[1]Input!$A$231:$Y$452,[1]Input!$A$456:$Y$656)),VLOOKUP($C$4,[1]Input!$AG$2:$AI$99,3,0)+IF(AD$5="Ida",0,1),1),"") -> #N/A | AL50: =IF(AB51<>AB50,AVERAGEIF(AB$9:AB50,AB50,AK$9:AK50),"") | AM50: =IFERROR(IF(AB51<>AB50,AVERAGEIF(AB$9:AB50,AB50,AT$9:AT50),""),"") | AN50: =IFERROR(IF(AB51<>AB50,AVERAGEIF(AB$9:AB50,AB50,AU$9:AU50),""),"") | AO50: {=IFERROR(IF(AB51<>AB50,_xlfn.STDEV.P(IF(AB$9:AB50=AB50,AU$9:AU50)),""),"")} | AP50: {=IFERROR(IF(AB51<>AB50,_xlfn.STDEV.P(IF(AB$9:AB50=AB50,AT$9:AT50)),""),"")} | AQ50: =IFERROR(IF(AB50<>AB51,MAX((((AN50*24*60)/2)*(1+POWER((((AO50*24*60) / (AN50*24*60) )),2))) + ((AN50*24*60 )*-0.1 + (AL50*0.015)) +1,(((AN50*24*60)/2)*(1+POWER((((AO50*24*60) / (AN50*24*60 ))),2)))),""),"") | AR50: =IF(AND(AP50<>"",AM50<>""),IF(AB50<>AB51,((AM50*24*60) / 2 ) * (1 + POWER(((AP50*24*60) / (AM50*24*60)),2)),""),"") | AS50: =IF(AR50<>"",MAX(AQ50,AR50),"") | AT50: =IF(AJ50<>"H. Sale Real",IF(AND(AJ51<>"",LEFT(AD51,2)<>"NC"),IF(AND(AJ50<>"",LEFT(AD50,2)<>"NC",AJ50<>"H. Sale Real"),IF(AJ51-AJ50<0.208333333333333,AJ51-AJ50,""),IF(AND(AJ49<>"",LEFT(AD49,2)<>"NC",AJ49<>"H. Sale Real"),IF(AJ51-AJ49<0.208333333333333,AJ51-AJ49,""),IF(AND(AJ48<>"",LEFT(AD48,2)<>"NC",AJ48<>"H. Sale Real"),IF(AJ51-AJ48<0.208333333333333,AJ51-AJ48,""),IF(AND(AJ47<>"",LEFT(AD47,2)<>"NC",AJ47<>"H. Sale Real"),IF(AJ51-AJ47<0.208333333333333,AJ51-AJ47,""),IF(AND(AJ46<>"",LEFT(AD46,2)<>"NC",AJ46<>"H. Sale Real"),IF(AJ51-AJ46<0.208333333333333,AJ51-AJ46,""),""))))),""),"") | AU50: =IF(AH50<>"H. Sale Real",IF(AND(AH51<>"",LEFT(AD51,2)<>"NC"),IF(AND(AH50<>"",LEFT(AD50,2)<>"NC",AH50<>"H. Sale Real"),IF(AH51-AH50<0.208333333333333,AH51-AH50,""),IF(AND(AH49<>"",LEFT(AD49,2)<>"NC",AH49<>"H. Sale Real"),IF(AH51-AH49<0.208333333333333,AH51-AH49,""),IF(AND(AH48<>"",LEFT(AD48,2)<>"NC",AH48<>"H. Sale Real"),IF(AH51-AH48<0.208333333333333,AH51-AH48,""),IF(AND(AH47<>"",LEFT(AD47,2)<>"NC",AH47<>"H. Sale Real"),IF(AH51-AH47<0.208333333333333,AH51-AH47,""),IF(AND(AH46<>"",LEFT(AD46,2)<>"NC",AH46<>"H. Sale Real"),IF(AH51-AH46<0.208333333333333,AH51-AH46,""),""))))),""),"") | AX50: {=IF(AH50<>"",IF(AND(AX48:AX49<>"IE",AQ50<>0,AS50<>""),IF(IFERROR((AQ50/AS50),0) <=1,IFERROR(AQ50/AS50,""),1),""),"")}
