Workbook

Sheet Planilla
EW1: Diccio | EX1: N° Interno | EY1: N° Chasis | EZ1: N Motor | FA1: Marca chasis | FB1: Modelo Chasis | FC1: Marca Carrocería | FD1: Modelo Carrocería | FE1: Año | FF1: Tipo de Bus | FG1: Nombre Terminal Asignado | FH1: Dirección Terminal | FI1: Comuna | FJ1: Tipo de bus | FM1: 3003 / SFWZ-16| | FN1: SFWZ-16| | FO1: SFWZ-16 | FP1: =VLOOKUP(FO1,EX:FF,9,0) -> B | FU1: SI(A13<>"";BUSCARH(VALOR(TEXTO(G13;"h:mm:ss"));SI($C$6="Laboral";$FT$4:$GR$227;SI($C$6="Sábado";$FT$231:$GR$452;$FT$456:$GR$656));BUSCARV($C$4;Input!$GZ$2:$HB$99;3;0)+SI(C$5="Ida";0;1);1);"") | GU1: 84 | GV1: 85 | GW1: 86 | GY1: ZTS | GZ1: SERVICIO TS | HA1: SERVICIO UN | HB1: POS | HF1: unidad | HG1: servicio | HH1: Terminal | HI1: CODIGO TS SERVICIO
EW2: Diccionario 1 | EY2: De Baja | EZ2: De Baja | FA2: De Baja | FB2: De Baja | FC2: De Baja | FD2: De Baja | FE2: De Baja | FF2: De Baja | FG2: De Baja | FH2: De Baja | FI2: De Baja | FM2: 3003 / SFWZ-16| | FN2: SFWZ-16| | FO2: SFWZ-16 | FP2: =VLOOKUP(FO2,EX:FF,9,0) -> B | FT2: INTERVALO PROGRAMADO | GY2: U9 | GZ2: B01 | HA2: B01 | HB2: 3 | HF2: AlfaU9 | HG2: B01 | HH2: Condell | HI2: 801
B3: Terminal | AC3: Terminal | EW3: Diccionario 1 | EX3: 1000 | EY3: D8478292K2PL | EZ3: YV3T7U524KA195142 | FA3: Volvo | FB3: B8R | FC3: MARCOPOLO | FD3: TORINO | FE3: 2019 | FF3: B2PAL | FG3: LOS LIBERTADORES | FH3: Los Liberadores 6450, Lote 4A | FI3: Huechuraba | FJ3: B | FM3: 3003 / SFWZ-16| | FN3: SFWZ-16| | FO3: SFWZ-16 | FP3: =VLOOKUP(FO3,EX:FF,9,0) -> B | FT3: LABORAL | FU3: P1 | FV3: P2 | FW3: P3 | FX3: P4 | FY3: P5 | FZ3: P6 | GA3: P7 | GB3: P8 | GC3: P9 | GD3: P10 | GE3: P11 | GF3: P12 | GG3: P13 | GH3: P14 | GI3: P15 | GJ3: P16 | GK3: P17 | GL3: P18 | GM3: P19 | GN3: P20 | GO3: P21 | GP3: P22 | GQ3: P23 | GR3: P24 | GY3: U9 | GZ3: B03 | HA3: B03 | HB3: 4 | HF3: AlfaU9 | HG3: B03 | HH3: El Retiro | HI3: 803
B4: Servicio | AC4: Servicio | EW4: Diccionario 1 | EX4: 1096 | EY4: D8482685K2PL | EZ4: YV3T7U521KA195230 | FA4: Volvo | FB4: B8R | FC4: MARCOPOLO | FD4: TORINO | FE4: 2019 | FF4: B2PAL | FG4: LOS LIBERTADORES | FH4: Los Liberadores 6450, Lote 4A | FI4: Huechuraba | FJ4: B | FM4: 3003 / SFWZ-16| | FN4: SFWZ-16| | FO4: SFWZ-16 | FP4: =VLOOKUP(FO4,EX:FF,9,0) -> B | FT4: MH | FU4: 0 | FV4: 0.041666667 | FW4: 0.083333333 | FX4: 0.125 | FY4: 0.16666667 | FZ4: 0.20833333 | GA4: 0.25 | GB4: 0.29166667 | GC4: 0.33333333 | GD4: 0.375 | GE4: 0.41666667 | GF4: 0.45833333 | GG4: 0.5 | GH4: 0.54166667 | GI4: 0.58333333 | GJ4: 0.625 | GK4: 0.66666667 | GL4: 0.70833333 | GM4: 0.75 | GN4: 0.79166667 | GO4: 0.83333333 | GP4: 0.875 | GQ4: 0.91666667 | GR4: 0.95833333 | GU4: 1 | GY4: U9 | GZ4: 105 | HA4: 105 | HB4: 5 | HF4: AlfaU9 | HG4: 105 | HH4: El Retiro | HI4: 805
B5: Sentido | AC5: Sentido | EW5: Diccionario 1 | EX5: 1002 | EY5: D8483833K2PL | EZ5: YV3T7U520KA195641 | FA5: Volvo | FB5: B8R | FC5: MARCOPOLO | FD5: TORINO | FE5: 2019 | FF5: B2PAL | FG5: LOS LIBERTADORES | FH5: Los Liberadores 6450, Lote 4A | FI5: Huechuraba | FJ5: B | FM5: 3003 / SFWZ-16| | FN5: SFWZ-16| | FO5: SFWZ-16 | FP5: =VLOOKUP(FO5,EX:FF,9,0) -> B | FT5: LP | FU5: 1 | FV5: 1 | FW5: 1 | FX5: 1 | FY5: 1 | FZ5: 1 | GA5: 1 | GB5: 1 | GC5: 1 | GD5: 1 | GE5: 1 | GF5: 1 | GG5: 1 | GH5: 1 | GI5: 1 | GJ5: 1 | GK5: 1 | GL5: 1 | GM5: 1 | GN5: 1 | GO5: 1 | GP5: 1 | GQ5: 1 | GR5: 1 | GU5: 2 | GY5: U9 | GZ5: B07 | HA5: B07 | HB5: 8 | HF5: AlfaU9 | HG5: B07 | HH5: Santa Marta | HI5: 807
B6: tipo de día | AC6: tipo de día | EW6: Diccionario 1 | EX6: 1003 | EY6: D8483530K2PL | EZ6: YV3T7U522KA195642 | FA6: Volvo | FB6: B8R | FC6: MARCOPOLO | FD6: TORINO | FE6: 2019 | FF6: B2PAL | FG6: LOS LIBERTADORES | FH6: Los Liberadores 6450, Lote 4A | FI6: Huechuraba | FJ6: B | FM6: 3004 / SFWZ-31| | FN6: SFWZ-31| | FO6: SFWZ-31 | FP6: =VLOOKUP(FO6,EX:FF,9,0) -> B | FT6: B01 | FU6: 28.92 | FV6: 0 | FW6: 0 | FX6: 0 | FY6: 0 | FZ6: 8.85 | GA6: 15.76 | GB6: 13.79 | GC6: 14.87 | GD6: 16.63 | GE6: 16.95 | GF6: 16.38 | GG6: 15.68 | GH6: 15.93 | GI6: 16.02 | GJ6: 15.485 | GK6: 14.685 | GL6: 13.585 | GM6: 14.31 | GN6: 16.51 | GO6: 18.045 | GP6: 19.45 | GQ6: 22.085 | GR6: 24.735 | GU6: 3 | GY6: U9 | GZ6: B08 | HA6: B08 | HB6: 10 | HF6: AlfaU9 | HG6: B08 | HH6: Santa Marta | HI6: 808
EW7: Diccionario 1 | EX7: 1004 | EY7: D8483789K2PL | EZ7: YV3T7U524KA195643 | FA7: Volvo | FB7: B8R | FC7: MARCOPOLO | FD7: TORINO | FE7: 2019 | FF7: B2PAL | FG7: SAN JOSE | FH7: San José 030 (José Besa 669) | FI7: San Bernardo | FJ7: B | FM7: 3004 / SFWZ-31| | FN7: SFWZ-31| | FO7: SFWZ-31 | FP7: =VLOOKUP(FO7,EX:FF,9,0) -> B | FT7: B03 | FU7: 0 | FV7: 0 | FW7: 0 | FX7: 0 | FY7: 0 | FZ7: 17.585 | GA7: 14.575 | GB7: 14.64 | GC7: 15.78 | GD7: 16.4 | GE7: 16.01 | GF7: 15.555 | GG7: 15.34 | GH7: 15.045 | GI7: 14.625 | GJ7: 14.175 | GK7: 13.545 | GL7: 13.395 | GM7: 15.2 | GN7: 16.955 | GO7: 18.275 | GP7: 19.905 | GQ7: 21.615 | GR7: 0 | GU7: 4 | GV7: 1 | GY7: U9 | GZ7: B09 | HA7: B09 | HB7: 12 | HF7: AlfaU9 | HG7: B09 | HH7: El Retiro | HI7: 809
EW8: Diccionario 1 | EX8: 1005 | EY8: D8484480K2PL | EZ8: YV3T7U524KA195688 | FA8: Volvo | FB8: B8R | FC8: MARCOPOLO | FD8: TORINO | FE8: 2019 | FF8: B2PAL | FG8: SAN JOSE | FH8: San José 030 (José Besa 669) | FI8: San Bernardo | FJ8: B | FM8: 3004 / SFWZ-31| | FN8: SFWZ-31| | FO8: SFWZ-31 | FP8: =VLOOKUP(FO8,EX:FF,9,0) -> B | FT8: 105 | FU8: 0 | FV8: 0 | FW8: 0 | FX8: 0 | FY8: 0 | FZ8: 18.435 | GA8: 15.275 | GB8: 14.62 | GC8: 16.635 | GD8: 17.05 | GE8: 16.82 | GF8: 16.61 | GG8: 16.31 | GH8: 16.055 | GI8: 15.29 | GJ8: 14.71 | GK8: 13.055 | GL8: 12.495 | GM8: 14.34 | GN8: 16.7 | GO8: 18.44 | GP8: 19.865 | GQ8: 21.83 | GR8: 23.995 | GU8: 5 | GV8: 2 | GY8: U9 | GZ8: B10 | HA8: B10 | HB8: 13 | HF8: AlfaU9 | HG8: B10 | HH8: Santa Marta | HI8: 810
EW9: Diccionario 1 | EX9: 1006 | EY9: D8484637K2PL | EZ9: YV3T7U528KA195712 | FA9: Volvo | FB9: B8R | FC9: MARCOPOLO | FD9: TORINO | FE9: 2019 | FF9: B2PAL | FG9: SAN JOSE | FH9: San José 030 (José Besa 669) | FI9: San Bernardo | FJ9: B | FM9: 3004 / SFWZ-31| | FN9: SFWZ-31| | FO9: SFWZ-31 | FP9: =VLOOKUP(FO9,EX:FF,9,0) -> B | FT9: 105 | FU9: 0 | FV9: 0 | FW9: 0 | FX9: 0 | FY9: 0 | FZ9: 19.51 | GA9: 15.235 | GB9: 14.655 | GC9: 16.62 | GD9: 17.48 | GE9: 17.01 | GF9: 16.145 | GG9: 15.605 | GH9: 16.08 | GI9: 15.86 | GJ9: 15.355 | GK9: 14.66 | GL9: 13.605 | GM9: 14.395 | GN9: 17.055 | GO9: 18.48 | GP9: 19.235 | GQ9: 20.845 | GR9: 22.865 | GU9: 6 | GV9: 3 | GY9: U9 | GZ9: 120 | HA9: 120 | HB9: 14 | HF9: AlfaU9 | HG9: 120 | HH9: Condell | HI9: 812
EW10: Diccionario 1 | EX10: 1007 | EY10: D8484676K2PL | EZ10: YV3T7U52XKA195713 | FA10: Volvo | FB10: B8R | FC10: MARCOPOLO | FD10: TORINO | FE10: 2019 | FF10: B2PAL | FG10: LOS LIBERTADORES | FH10: Los Liberadores 6450, Lote 4A | FI10: Huechuraba | FJ10: B | FM10: 3004 / SFWZ-31| | FN10: SFWZ-31| | FO10: SFWZ-31 | FP10: =VLOOKUP(FO10,EX:FF,9,0) -> B | FT10: 105c | FU10: 0 | FV10: 0 | FW10: 0 | FX10: 0 | FY10: 0 | FZ10: 10.78 | GA10: 19.005 | GB10: 16.43 | GC10: 18.565 | GD10: 9.805 | GE10: 0 | GF10: 0 | GG10: 0 | GH10: 0 | GI10: 0 | GJ10: 0 | GK10: 8.115 | GL10: 14.65 | GM10: 15.24 | GN10: 18.095 | GO10: 19.5 | GP10: 0 | GQ10: 0 | GR10: 0 | GU10: 7 | GV10: 4 | GY10: U9 | GZ10: B13 | HA10: B13 | HB10: 16 | HF10: AlfaU9 | HG10: B13 | HH10: Santa Marta | HI10: 813
BC11: =C4&" "&C5 | BL11: =AD4&" "&MID(AD5,1,3) | EW11: Diccionario 1 | EX11: 1008 | EY11: D8484733K2PL | EZ11: YV3T7U526KA195742 | FA11: Volvo | FB11: B8R | FC11: MARCOPOLO | FD11: TORINO | FE11: 2019 | FF11: B2PAL | FG11: LOS LIBERTADORES | FH11: Los Liberadores 6450, Lote 4A | FI11: Huechuraba | FJ11: B | FM11: 3004 / SFWZ-31| | FN11: SFWZ-31| | FO11: SFWZ-31 | FP11: =VLOOKUP(FO11,EX:FF,9,0) -> B | FT11: B07 | FU11: 0 | FV11: 0 | FW11: 0 | FX11: 0 | FY11: 0 | FZ11: 12.58 | GA11: 20.03 | GB11: 17.86 | GC11: 21.28 | GD11: 23.915 | GE11: 24.295 | GF11: 24.33 | GG11: 24.31 | GH11: 24.125 | GI11: 24.315 | GJ11: 23.335 | GK11: 19.745 | GL11: 15.08 | GM11: 17.465 | GN11: 23.745 | GO11: 27.27 | GP11: 29.185 | GQ11: 28.615 | GR11: 0 | GU11: 8 | GV11: 5 | GY11: U9 | GZ11: B16 | HA11: B16 | HB11: 17 | HF11: AlfaU9 | HG11: B16 | HH11: Santa Marta | HI11: 816
A12: Periodo | B12: TB Programado | C12: Tipo de Salida | D12: Cumple TB | E12: Bus | F12: Media Hora despacho | G12: ="H Sale Terminal"&""&C3 -> H Sale Terminal | H12: Cumple despacho | I12: H. Sale Real | J12: KM PERIODO | K12: KM PROMEDIO | L12: IR_REAL_PROM | M12: IR_PROG_PROM | N12: IR_PROG_DESVEST | O12: IR_REAL_DESVEST | P12: TE_IDEAL | Q12: TE_OBS | R12: TE_OBS_NET | S12: IR_REAL | T12: IR_PROG | U12: ="H llegada Terminal"&""&AD3 -> H llegada Terminal | V12: Hora de Llegada Real | W12: IE | X12: Causa Perdidas | Y12: observación | AB12: Periodo | AC12: TB Programado | AD12: Tipo de Salida | AE12: Cumple TB | AF12: Bus | AG12: Media Hora despcaho | AH12: ="H Sale Terminal"&""&AD3 -> H Sale Terminal | AI12: Cumple despacho | AJ12: H. Sale Real | AK12: KM PERIODO | AL12: KM PROMEDIO | AM12: IR_REAL_PROM | AN12: IR_PROG_PROM | AO12: IR_PROG_DESVEST | AP12: IR_PROG_DESVEST | AQ12: TE_IDEAL | AR12: TE_OBS | AS12: TE_OBS_NET | AT12: IR_REAL | AU12: IR_PROG | AV12: ="H llegada Terminal"&""&C3 -> H llegada Terminal | AW12: Hora de Legada Real | AX12: IE | AY12: Causa Perdidas | AZ12: observación | BC12: Periodo | BD12: Teórico | BE12: Real | BF12: ICF-P | BG12: TE Obs | BH12: TE Ideal | BI12: IE | BL12: Periodo | BM12: Teórico | BN12: Real | BO12: ICF-P | BP12: TE Obs | BQ12: TE Ideal | BR12: IE | EW12: Diccionario 1 | EX12: 1009 | EY12: D8481621K2PL | EZ12: YV3T7U528KA195175 | FA12: Volvo | FB12: B8R | FC12: MARCOPOLO | FD12: TORINO | FE12: 2019 | FF12: B2PAL | FG12: LOS LIBERTADORES | FH12: Los Liberadores 6450, Lote 4A | FI12: Huechuraba | FJ12: B | FM12: 3004 / SFWZ-31| | FN12: SFWZ-31| | FO12: SFWZ-31 | FP12: =VLOOKUP(FO12,EX:FF,9,0) -> B | FT12: B07y | FU12: 0 | FV12: 0 | FW12: 0 | FX12: 0 | FY12: 0 | FZ12: 0 | GA12: 11.345 | GB12: 10.845 | GC12: 0 | GD12: 0 | GE12: 0 | GF12: 0 | GG12: 0 | GH12: 0 | GI12: 0 | GJ12: 0 | GK12: 0 | GL12: 0 | GM12: 0 | GN12: 0 | GO12: 0 | GP12: 0 | GQ12: 0 | GR12: 0 | GU12: 9 | GV12: 6 | GY12: U9 | GZ12: B17 | HA12: B17 | HB12: 19 | HF12: AlfaU9 | HG12: B17 | HH12: Condell | HI12: 817
A13: =HOUR(G13)+1 -> 1 | D13: =IFERROR( IF(AND(OR(Planilla!B13="C",Planilla!B13="c"), VLOOKUP(E13,EX:FJ,13,0)="C"), "OK",IF(AND(OR(Planilla!B13="C",Planilla!B13="c"), OR(VLOOKUP(E13,EX:FJ,13,0)="B", VLOOKUP(E13,EX:FJ,13,0)="A")), "DEFICIT",IF( AND(OR(Planilla!B13="B", Planilla!B13="BPAL"), VLOOKUP(E13,EX:FJ,13,0)="B"), "OK",IF(AND(OR(Planilla!B13="B", Planilla!B13="BPAL"), VLOOKUP(E13,EX:FJ,13,0)="A"), "DEFICIT",IF(AND(OR(Planilla!B13="B", Planilla!B13="BPAL"), VLOOKUP(E13,EX:FJ,13,0)="C"), "SOBREOFERTA",IF(AND(Planilla!B13="A", VLOOKUP(E13,EX:FJ,13,0)="A"), "OK",IF( AND(Planilla!B13="A", OR(VLOOKUP(E13,EX:FJ,13,0)="B", VLOOKUP(E13,EX:FJ,13,0)="C")), "SOBREOFERTA","" ))))))),"") | H13: =IF(I13="","",IF(AND((I13-G13)>=TIME(0,0,0),(I13-G13)<TIME(0,3,0)),"OK",IF(AND((I13-G13)>=TIME(0,3,0),(I13-G13)<TIME(0,5,0)),"RETRASO DE 3-5 MIN",IF(AND((I13-G13)>=TIME(0,5,0),(I13-G13)<TIME(0,10,0)),"RETRASO DE 5-10 MIN",IF((I13-G13)>=TIME(0,10,0),"RETRASO >10 MIN", IF(AND((G13-I13)>=TIME(0,0,0),(G13-I13)<TIME(0,3,0)),"OK",IF((G13-I13)>=TIME(0,3,0),"ADELANTADO"))))))) | J13: =IF(A13<>"",HLOOKUP(VALUE(TEXT(G13,"h:mm:ss")),IF($C$6="Laboral",$FT$4:$GR$227,IF($C$6="Sábado",$FT$231:$GR$452,$FT$456:$GR$656)),VLOOKUP($C$4,$GZ$2:$HB$99,3,0)+IF(C$5="Ida",0,1),1),"") -> #N/A | K13: =IF(A14<>A13,AVERAGEIF(A$9:A13,A13,J$9:J13),"") | L13: =IFERROR(IF(A14<>A13,AVERAGEIF(A$9:A13,A13,S$9:S13),""),"") | M13: =IFERROR(IF(A14<>A13,AVERAGEIF(A$9:A13,A13,T$9:T13),""),"") | N13: {=IFERROR(IF(A14<>A13,_xlfn.STDEV.P(IF(A$9:A13=A13,T$9:T13)),""),"")} | O13: {=IFERROR(IF(A14<>A13,_xlfn.STDEV.P(IF(A$9:A13=A13,S$9:S13)),""),"")} | P13: =IFERROR(IF(A13<>A14,MAX((((M13*24*60)/2)*(1+POWER((((N13*24*60) / (M13*24*60) )),2))) + ((M13*24*60 )*-0.1 + (K13*0.015)) +1,(((M13*24*60)/2)*(1+POWER((((N13*24*60) / (M13*24*60 ))),2)))),""),"") | Q13: =IF(AND(O13<>"",L13<>""),IF(A13<>A14,((L13*24*60) / 2 ) * (1 + POWER(((O13*24*60) / (L13*24*60)),2)),""),"") | R13: =IF(Q13<>"",MAX(P13,Q13),"") | S13: =IF(I13<>"H. Sale Real",IF(AND(I14<>"",LEFT(C14,2)<>"NC"),IF(AND(I13<>"",LEFT(C13,2)<>"NC",I13<>"H. Sale Real"),IF(I14-I13<0.208333333333333,I14-I13,""),IF(AND(I12<>"",LEFT(C12,2)<>"NC",I12<>"H. Sale Real"),IF(I14-I12<0.208333333333333,I14-I12,""),IF(AND(I11<>"",LEFT(C11,2)<>"NC",I11<>"H. Sale Real"),IF(I14-I11<0.208333333333333,I14-I11,""),IF(AND(I10<>"",LEFT(C10,2)<>"NC",I10<>"H. Sale Real"),IF(I14-I10<0.208333333333333,I14-I10,""),IF(AND(I9<>"",LEFT(C9,2)<>"NC",I9<>"H. Sale Real"),IF(I14-I9<0.208333333333333,I14-I9,""),""))))),""),"") | T13: =IF(G13<>"H. Sale Real",IF(AND(G14<>"",LEFT(C14,2)<>"NC"),IF(AND(G13<>"",LEFT(C13,2)<>"NC",G13<>"H. Sale Real"),IF(G14-G13<0.208333333333333,G14-G13,""),IF(AND(G12<>"",LEFT(C12,2)<>"NC",G12<>"H. Sale Real"),IF(G14-G12<0.208333333333333,G14-G12,""),IF(AND(G11<>"",LEFT(C11,2)<>"NC",G11<>"H. Sale Real"),IF(G14-G11<0.208333333333333,G14-G11,""),IF(AND(G10<>"",LEFT(C10,2)<>"NC",G10<>"H. Sale Real"),IF(G14-G10<0.208333333333333,G14-G10,""),IF(AND(G9<>"",LEFT(C9,2)<>"NC",G9<>"H. Sale Real"),IF(G14-G9<0.208333333333333,G14-G9,""),""))))),""),"") | U13: 0.055555556 | W13: =IF(G13<>"",IF(AND(W12<>"IE",P13<>0,R13<>""),IF(IFERROR((P13/R13),0) <=1,IFERROR(P13/R13,""),1),""),"") | AB13: =HOUR(AH13)+1 -> 1 | AI13: =IF(AJ13="","",IF(AND((AJ13-AH13)>=TIME(0,0,0),(AJ13-AH13)<TIME(0,3,0)),"OK",IF(AND((AJ13-AH13)>=TIME(0,3,0),(AJ13-AH13)<TIME(0,5,0)),"RETRASO DE 3-5 MIN",IF(AND((AJ13-AH13)>=TIME(0,5,0),(AJ13-AH13)<TIME(0,10,0)),"RETRASO DE 5-10 MIN",IF((AJ13-AH13)>=TIME(0,10,0),"RETRASO >10 MIN", IF(AND((AH13-AJ13)>=TIME(0,0,0),(AH13-AJ13)<TIME(0,3,0)),"OK",IF((AH13-AJ13)>=TIME(0,3,0),"ADELANTADO"))))))) | AK13: =IF(AB13<>"",HLOOKUP(VALUE(TEXT(AH13,"h:mm:ss")),IF($C$6="Laboral",$FT$4:$GR$227,IF($C$6="Sábado",$FT$231:$GR$452,$FT$456:$GR$656)),VLOOKUP($C$4,$GZ$2:$HB$99,3,0)+IF(AD$5="Ida",0,1),1),"") -> #N/A | AL13: =IF(AB14<>AB13,AVERAGEIF(AB$9:AB13,AB13,AK$9:AK13),"") | AM13: =IFERROR(IF(AB14<>AB13,AVERAGEIF(AB$9:AB13,AB13,AT$9:AT13),""),"") | AN13: =IFERROR(IF(AB14<>AB13,AVERAGEIF(AB$9:AB13,AB13,AU$9:AU13),""),"") | AO13: {=IFERROR(IF(AB14<>AB13,_xlfn.STDEV.P(IF(AB$9:AB13=AB13,AU$9:AU13)),""),"")} | AP13: {=IFERROR(IF(AB14<>AB13,_xlfn.STDEV.P(IF(AB$9:AB13=AB13,AT$9:AT13)),""),"")} | AQ13: =IFERROR(IF(AB13<>AB14,MAX((((AN13*24*60)/2)*(1+POWER((((AO13*24*60) / (AN13*24*60) )),2))) + ((AN13*24*60 )*-0.1 + (AL13*0.015)) +1,(((AN13*24*60)/2)*(1+POWER((((AO13*24*60) / (AN13*24*60 ))),2)))),""),"") | AR13: =IF(AND(AP13<>"",AM13<>""),IF(AB13<>AB14,((AM13*24*60) / 2 ) * (1 + POWER(((AP13*24*60) / (AM13*24*60)),2)),""),"") | AS13: =IF(AR13<>"",MAX(AQ13,AR13),"") | AT13: =IF(AJ13<>"H. Sale Real",IF(AND(AJ14<>"",LEFT(AD14,2)<>"NC"),IF(AND(AJ13<>"",LEFT(AD13,2)<>"NC",AJ13<>"H. Sale Real"),IF(AJ14-AJ13<0.208333333333333,AJ14-AJ13,""),IF(AND(AJ12<>"",LEFT(AD12,2)<>"NC",AJ12<>"H. Sale Real"),IF(AJ14-AJ12<0.208333333333333,AJ14-AJ12,""),IF(AND(AJ11<>"",LEFT(AD11,2)<>"NC",AJ11<>"H. Sale Real"),IF(AJ14-AJ11<0.208333333333333,AJ14-AJ11,""),IF(AND(AJ10<>"",LEFT(AD10,2)<>"NC",AJ10<>"H. Sale Real"),IF(AJ14-AJ10<0.208333333333333,AJ14-AJ10,""),IF(AND(AJ9<>"",LEFT(AD9,2)<>"NC",AJ9<>"H. Sale Real"),IF(AJ14-AJ9<0.208333333333333,AJ14-AJ9,""),""))))),""),"") | AU13: =IF(AH13<>"H. Sale Real",IF(AND(AH14<>"",LEFT(AD14,2)<>"NC"),IF(AND(AH13<>"",LEFT(AD13,2)<>"NC",AH13<>"H. Sale Real"),IF(AH14-AH13<0.208333333333333,AH14-AH13,""),IF(AND(AH12<>"",LEFT(AD12,2)<>"NC",AH12<>"H. Sale Real"),IF(AH14-AH12<0.208333333333333,AH14-AH12,""),IF(AND(AH11<>"",LEFT(AD11,2)<>"NC",AH11<>"H. Sale Real"),IF(AH14-AH11<0.208333333333333,AH14-AH11,""),IF(AND(AH10<>"",LEFT(AD10,2)<>"NC",AH10<>"H. Sale Real"),IF(AH14-AH10<0.208333333333333,AH14-AH10,""),IF(AND(AH9<>"",LEFT(AD9,2)<>"NC",AH9<>"H. Sale Real"),IF(AH14-AH9<0.208333333333333,AH14-AH9,""),""))))),""),"") | AX13: =IF(AH13<>"",IF(AND(AX12<>"IE",AQ13<>0,AS13<>""),IF(IFERROR((AQ13/AS13),0) <=1,IFERROR(AQ13/AS13,""),1),""),"") | BC13: 1 | BD13: =COUNTIFS($A:$A,$BC13,$C:$C,$BC$11) -> 0 | BE13: =BD13-COUNTIFS($A:$A,$BC13,$C:$C,$BC$11,$H:$H,"") -> 0 | BF13: =IFERROR((BE13/BD13),"") | BG13: =_xlfn.XLOOKUP(BC13,$A:$A,$R:$R,"0",0,-1) | BH13: =_xlfn.XLOOKUP(BC13,$A:$A,$P:$P,"0",0,-1) | BI13: =_xlfn.XLOOKUP(BC13,$A:$A,$W:$W,"",0,-1) | BL13: 1 | BM13: =COUNTIFS($AB:$AB,$BL13,$AD:$AD,$BL$11) -> 0 | BN13: =BM13-COUNTIFS($AB:$AB,$BL13,$AD:$AD,$BL$11,$AI:$AI,"") -> 0 | BO13: =IFERROR((BN13/BM13),"") | BP13: =_xlfn.XLOOKUP(BL13,$AB:$AB,$AS:$AS,"0",0,-1) | BQ13: =_xlfn.XLOOKUP(BL13,$AB:$AB,$AQ:$AQ,"0",0,-1) | BR13: =_xlfn.XLOOKUP(BL13,$AB:$AB,$AX:$AX,"",0,-1) | EW13: Diccionario 1 | EX13: 1010 | EY13: D8482769K2PL | EZ13: YV3T7U522KA195303 | FA13: Volvo | FB13: B8R | FC13: MARCOPOLO | FD13: TORINO | FE13: 2019 | FF13: B2PAL | FG13: LOS LIBERTADORES | FH13: Los Liberadores 6450, Lote 4A | FI13: Huechuraba | FJ13: B | FM13: 3004 / SFWZ-31| | FN13: SFWZ-31| | FO13: SFWZ-31 | FP13: =VLOOKUP(FO13,EX:FF,9,0) -> B | FT13: B08 | FU13: 14.46 | FV13: 0 | FW13: 0 | FX13: 0 | FY13: 0 | FZ13: 9.73 | GA13: 14.47 | GB13: 12.28 | GC13: 14.715 | GD13: 16.955 | GE13: 17.62 | GF13: 17.205 | GG13: 16.905 | GH13: 16.73 | GI13: 17.195 | GJ13: 16.89 | GK13: 15.54 | GL13: 12.46 | GM13: 13.01 | GN13: 17.045 | GO13: 20.16 | GP13: 22.21 | GQ13: 24.05 | GR13: 26.41 | GU13: 10 | GV13: 7 | GY13: U9 | GZ13: B18 | HA13: B18 | HB13: 20 | HF13: AlfaU9 | HG13: B18 | HH13: Santa Marta | HI13: 818
A14: =HOUR(G14)+1 -> 1 | D14: =IFERROR( IF(AND(OR(Planilla!B14="C",Planilla!B14="c"), VLOOKUP(E14,EX:FJ,13,0)="C"), "OK",IF(AND(OR(Planilla!B14="C",Planilla!B14="c"), OR(VLOOKUP(E14,EX:FJ,13,0)="B", VLOOKUP(E14,EX:FJ,13,0)="A")), "DEFICIT",IF( AND(OR(Planilla!B14="B", Planilla!B14="BPAL"), VLOOKUP(E14,EX:FJ,13,0)="B"), "OK",IF(AND(OR(Planilla!B14="B", Planilla!B14="BPAL"), VLOOKUP(E14,EX:FJ,13,0)="A"), "DEFICIT",IF(AND(OR(Planilla!B14="B", Planilla!B14="BPAL"), VLOOKUP(E14,EX:FJ,13,0)="C"), "SOBREOFERTA",IF(AND(Planilla!B14="A", VLOOKUP(E14,EX:FJ,13,0)="A"), "OK",IF( AND(Planilla!B14="A", OR(VLOOKUP(E14,EX:FJ,13,0)="B", VLOOKUP(E14,EX:FJ,13,0)="C")), "SOBREOFERTA","" ))))))),"") | H14: =IF(I14="","",IF(AND((I14-G14)>=TIME(0,0,0),(I14-G14)<TIME(0,3,0)),"OK",IF(AND((I14-G14)>=TIME(0,3,0),(I14-G14)<TIME(0,5,0)),"RETRASO DE 3-5 MIN",IF(AND((I14-G14)>=TIME(0,5,0),(I14-G14)<TIME(0,10,0)),"RETRASO DE 5-10 MIN",IF((I14-G14)>=TIME(0,10,0),"RETRASO >10 MIN", IF(AND((G14-I14)>=TIME(0,0,0),(G14-I14)<TIME(0,3,0)),"OK",IF((G14-I14)>=TIME(0,3,0),"ADELANTADO"))))))) | J14: =IF(A14<>"",HLOOKUP(VALUE(TEXT(G14,"h:mm:ss")),IF($C$6="Laboral",$FT$4:$GR$227,IF($C$6="Sábado",$FT$231:$GR$452,$FT$456:$GR$656)),VLOOKUP($C$4,$GZ$2:$HB$99,3,0)+IF(C$5="Ida",0,1),1),"") -> #N/A | K14: =IF(A15<>A14,AVERAGEIF(A$9:A14,A14,J$9:J14),"") | L14: =IFERROR(IF(A15<>A14,AVERAGEIF(A$9:A14,A14,S$9:S14),""),"") | M14: =IFERROR(IF(A15<>A14,AVERAGEIF(A$9:A14,A14,T$9:T14),""),"") | N14: {=IFERROR(IF(A15<>A14,_xlfn.STDEV.P(IF(A$9:A14=A14,T$9:T14)),""),"")} | O14: {=IFERROR(IF(A15<>A14,_xlfn.STDEV.P(IF(A$9:A14=A14,S$9:S14)),""),"")} | P14: =IFERROR(IF(A14<>A15,MAX((((M14*24*60)/2)*(1+POWER((((N14*24*60) / (M14*24*60) )),2))) + ((M14*24*60 )*-0.1 + (K14*0.015)) +1,(((M14*24*60)/2)*(1+POWER((((N14*24*60) / (M14*24*60 ))),2)))),""),"") | Q14: =IF(AND(O14<>"",L14<>""),IF(A14<>A15,((L14*24*60) / 2 ) * (1 + POWER(((O14*24*60) / (L14*24*60)),2)),""),"") | R14: =IF(Q14<>"",MAX(P14,Q14),"") | S14: =IF(I14<>"H. Sale Real",IF(AND(I15<>"",LEFT(C15,2)<>"NC"),IF(AND(I14<>"",LEFT(C14,2)<>"NC",I14<>"H. Sale Real"),IF(I15-I14<0.208333333333333,I15-I14,""),IF(AND(I13<>"",LEFT(C13,2)<>"NC",I13<>"H. Sale Real"),IF(I15-I13<0.208333333333333,I15-I13,""),IF(AND(I12<>"",LEFT(C12,2)<>"NC",I12<>"H. Sale Real"),IF(I15-I12<0.208333333333333,I15-I12,""),IF(AND(I11<>"",LEFT(C11,2)<>"NC",I11<>"H. Sale Real"),IF(I15-I11<0.208333333333333,I15-I11,""),IF(AND(I10<>"",LEFT(C10,2)<>"NC",I10<>"H. Sale Real"),IF(I15-I10<0.208333333333333,I15-I10,""),""))))),""),"") | T14: =IF(G14<>"H. Sale Real",IF(AND(G15<>"",LEFT(C15,2)<>"NC"),IF(AND(G14<>"",LEFT(C14,2)<>"NC",G14<>"H. Sale Real"),IF(G15-G14<0.208333333333333,G15-G14,""),IF(AND(G13<>"",LEFT(C13,2)<>"NC",G13<>"H. Sale Real"),IF(G15-G13<0.208333333333333,G15-G13,""),IF(AND(G12<>"",LEFT(C12,2)<>"NC",G12<>"H. Sale Real"),IF(G15-G12<0.208333333333333,G15-G12,""),IF(AND(G11<>"",LEFT(C11,2)<>"NC",G11<>"H. Sale Real"),IF(G15-G11<0.208333333333333,G15-G11,""),IF(AND(G10<>"",LEFT(C10,2)<>"NC",G10<>"H. Sale Real"),IF(G15-G10<0.208333333333333,G15-G10,""),""))))),""),"") | U14: 0.073611111 | W14: =IF(G14<>"",IF(AND(W13<>"IE",P14<>0,R14<>""),IF(IFERROR((P14/R14),0) <=1,IFERROR(P14/R14,""),1),""),"") | AB14: =HOUR(AH14)+1 -> 1 | AI14: =IF(AJ14="","",IF(AND((AJ14-AH14)>=TIME(0,0,0),(AJ14-AH14)<TIME(0,3,0)),"OK",IF(AND((AJ14-AH14)>=TIME(0,3,0),(AJ14-AH14)<TIME(0,5,0)),"RETRASO DE 3-5 MIN",IF(AND((AJ14-AH14)>=TIME(0,5,0),(AJ14-AH14)<TIME(0,10,0)),"RETRASO DE 5-10 MIN",IF((AJ14-AH14)>=TIME(0,10,0),"RETRASO >10 MIN", IF(AND((AH14-AJ14)>=TIME(0,0,0),(AH14-AJ14)<TIME(0,3,0)),"OK",IF((AH14-AJ14)>=TIME(0,3,0),"ADELANTADO"))))))) | AK14: =IF(AB14<>"",HLOOKUP(VALUE(TEXT(AH14,"h:mm:ss")),IF($C$6="Laboral",$FT$4:$GR$227,IF($C$6="Sábado",$FT$231:$GR$452,$FT$456:$GR$656)),VLOOKUP($C$4,$GZ$2:$HB$99,3,0)+IF(AD$5="Ida",0,1),1),"") -> #N/A | AL14: =IF(AB15<>AB14,AVERAGEIF(AB$9:AB14,AB14,AK$9:AK14),"") | AM14: =IFERROR(IF(AB15<>AB14,AVERAGEIF(AB$9:AB14,AB14,AT$9:AT14),""),"") | AN14: =IFERROR(IF(AB15<>AB14,AVERAGEIF(AB$9:AB14,AB14,AU$9:AU14),""),"") | AO14: {=IFERROR(IF(AB15<>AB14,_xlfn.STDEV.P(IF(AB$9:AB14=AB14,AU$9:AU14)),""),"")} | AP14: {=IFERROR(IF(AB15<>AB14,_xlfn.STDEV.P(IF(AB$9:AB14=AB14,AT$9:AT14)),""),"")} | AQ14: =IFERROR(IF(AB14<>AB15,MAX((((AN14*24*60)/2)*(1+POWER((((AO14*24*60) / (AN14*24*60) )),2))) + ((AN14*24*60 )*-0.1 + (AL14*0.015)) +1,(((AN14*24*60)/2)*(1+POWER((((AO14*24*60) / (AN14*24*60 ))),2)))),""),"") | AR14: =IF(AND(AP14<>"",AM14<>""),IF(AB14<>AB15,((AM14*24*60) / 2 ) * (1 + POWER(((AP14*24*60) / (AM14*24*60)),2)),""),"") | AS14: =IF(AR14<>"",MAX(AQ14,AR14),"") | AT14: =IF(AJ14<>"H. Sale Real",IF(AND(AJ15<>"",LEFT(AD15,2)<>"NC"),IF(AND(AJ14<>"",LEFT(AD14,2)<>"NC",AJ14<>"H. Sale Real"),IF(AJ15-AJ14<0.208333333333333,AJ15-AJ14,""),IF(AND(AJ13<>"",LEFT(AD13,2)<>"NC",AJ13<>"H. Sale Real"),IF(AJ15-AJ13<0.208333333333333,AJ15-AJ13,""),IF(AND(AJ12<>"",LEFT(AD12,2)<>"NC",AJ12<>"H. Sale Real"),IF(AJ15-AJ12<0.208333333333333,AJ15-AJ12,""),IF(AND(AJ11<>"",LEFT(AD11,2)<>"NC",AJ11<>"H. Sale Real"),IF(AJ15-AJ11<0.208333333333333,AJ15-AJ11,""),IF(AND(AJ10<>"",LEFT(AD10,2)<>"NC",AJ10<>"H. Sale Real"),IF(AJ15-AJ10<0.208333333333333,AJ15-AJ10,""),""))))),""),"") | AU14: =IF(AH14<>"H. Sale Real",IF(AND(AH15<>"",LEFT(AD15,2)<>"NC"),IF(AND(AH14<>"",LEFT(AD14,2)<>"NC",AH14<>"H. Sale Real"),IF(AH15-AH14<0.208333333333333,AH15-AH14,""),IF(AND(AH13<>"",LEFT(AD13,2)<>"NC",AH13<>"H. Sale Real"),IF(AH15-AH13<0.208333333333333,AH15-AH13,""),IF(AND(AH12<>"",LEFT(AD12,2)<>"NC",AH12<>"H. Sale Real"),IF(AH15-AH12<0.208333333333333,AH15-AH12,""),IF(AND(AH11<>"",LEFT(AD11,2)<>"NC",AH11<>"H. Sale Real"),IF(AH15-AH11<0.208333333333333,AH15-AH11,""),IF(AND(AH10<>"",LEFT(AD10,2)<>"NC",AH10<>"H. Sale Real"),IF(AH15-AH10<0.208333333333333,AH15-AH10,""),""))))),""),"") | AX14: =IF(AH14<>"",IF(AND(AX13<>"IE",AQ14<>0,AS14<>""),IF(IFERROR((AQ14/AS14),0) <=1,IFERROR(AQ14/AS14,""),1),""),"") | BC14: 2 | BD14: =COUNTIFS($A:$A,$BC14,$C:$C,$BC$11) -> 0 | BE14: =BD14-COUNTIFS($A:$A,$BC14,$C:$C,$BC$11,$H:$H,"") -> 0 | BF14: =IFERROR((BE14/BD14),"") | BG14: =_xlfn.XLOOKUP(BC14,$A:$A,$R:$R,"0",0,-1) -> 0 | BH14: =_xlfn.XLOOKUP(BC14,$A:$A,$P:$P,"0",0,-1) -> 0 | BI14: =_xlfn.XLOOKUP(BC14,$A:$A,$W:$W,"",0,-1) | BL14: 2 | BM14: =COUNTIFS($AB:$AB,$BL14,$AD:$AD,$BL$11) -> 0 | BN14: =BM14-COUNTIFS($AB:$AB,$BL14,$AD:$AD,$BL$11,$AI:$AI,"") -> 0 | BO14: =IFERROR((BN14/BM14),"") | BP14: =_xlfn.XLOOKUP(BL14,$AB:$AB,$AS:$AS,"0",0,-1) -> 0 | BQ14: =_xlfn.XLOOKUP(BL14,$AB:$AB,$AQ:$AQ,"0",0,-1) -> 0 | BR14: =_xlfn.XLOOKUP(BL14,$AB:$AB,$AX:$AX,"",0,-1) | EW14: Diccionario 1 | EX14: 1011 | EY14: D8478205K2PL | EZ14: YV3T7U520KA195140 | FA14: Volvo | FB14: B8R | FC14: MARCOPOLO | FD14: TORINO | FE14: 2019 | FF14: B2PAL | FG14: LOS LIBERTADORES | FH14: Los Liberadores 6450, Lote 4A | FI14: Huechuraba | FJ14: B | FM14: 3005 / SFWZ-39| | FN14: SFWZ-39| | FO14: SFWZ-39 | FP14: =VLOOKUP(FO14,EX:FF,9,0) -> B | FT14: B08 | FU14: 0 | FV14: 0 | FW14: 0 | FX14: 0 | FY14: 14.545 | FZ14: 26.045 | GA14: 18.89 | GB14: 13.08 | GC14: 16.9 | GD14: 18.97 | GE14: 18.605 | GF14: 18.11 | GG14: 17.29 | GH14: 17.27 | GI14: 17.1 | GJ14: 16.02 | GK14: 15.145 | GL14: 13.705 | GM14: 13.455 | GN14: 16.795 | GO14: 19.67 | GP14: 21.5 | GQ14: 23.315 | GR14: 26.9 | GU14: 11 | GV14: 8 | GY14: U9 | GZ14: B20 | HA14: B20 | HB14: 24 | HF14: AlfaU9 | HG14: B20 | HH14: El Retiro | HI14: 820
A15: =HOUR(G15)+1 -> 1 | D15: =IFERROR( IF(AND(OR(Planilla!B15="C",Planilla!B15="c"), VLOOKUP(E15,EX:FJ,13,0)="C"), "OK",IF(AND(OR(Planilla!B15="C",Planilla!B15="c"), OR(VLOOKUP(E15,EX:FJ,13,0)="B", VLOOKUP(E15,EX:FJ,13,0)="A")), "DEFICIT",IF( AND(OR(Planilla!B15="B", Planilla!B15="BPAL"), VLOOKUP(E15,EX:FJ,13,0)="B"), "OK",IF(AND(OR(Planilla!B15="B", Planilla!B15="BPAL"), VLOOKUP(E15,EX:FJ,13,0)="A"), "DEFICIT",IF(AND(OR(Planilla!B15="B", Planilla!B15="BPAL"), VLOOKUP(E15,EX:FJ,13,0)="C"), "SOBREOFERTA",IF(AND(Planilla!B15="A", VLOOKUP(E15,EX:FJ,13,0)="A"), "OK",IF( AND(Planilla!B15="A", OR(VLOOKUP(E15,EX:FJ,13,0)="B", VLOOKUP(E15,EX:FJ,13,0)="C")), "SOBREOFERTA","" ))))))),"") | H15: =IF(I15="","",IF(AND((I15-G15)>=TIME(0,0,0),(I15-G15)<TIME(0,3,0)),"OK",IF(AND((I15-G15)>=TIME(0,3,0),(I15-G15)<TIME(0,5,0)),"RETRASO DE 3-5 MIN",IF(AND((I15-G15)>=TIME(0,5,0),(I15-G15)<TIME(0,10,0)),"RETRASO DE 5-10 MIN",IF((I15-G15)>=TIME(0,10,0),"RETRASO >10 MIN", IF(AND((G15-I15)>=TIME(0,0,0),(G15-I15)<TIME(0,3,0)),"OK",IF((G15-I15)>=TIME(0,3,0),"ADELANTADO"))))))) | J15: =IF(A15<>"",HLOOKUP(VALUE(TEXT(G15,"h:mm:ss")),IF($C$6="Laboral",$FT$4:$GR$227,IF($C$6="Sábado",$FT$231:$GR$452,$FT$456:$GR$656)),VLOOKUP($C$4,$GZ$2:$HB$99,3,0)+IF(C$5="Ida",0,1),1),"") -> #N/A | K15: =IF(A16<>A15,AVERAGEIF(A$9:A15,A15,J$9:J15),"") | L15: =IFERROR(IF(A16<>A15,AVERAGEIF(A$9:A15,A15,S$9:S15),""),"") | M15: =IFERROR(IF(A16<>A15,AVERAGEIF(A$9:A15,A15,T$9:T15),""),"") | N15: {=IFERROR(IF(A16<>A15,_xlfn.STDEV.P(IF(A$9:A15=A15,T$9:T15)),""),"")} | O15: {=IFERROR(IF(A16<>A15,_xlfn.STDEV.P(IF(A$9:A15=A15,S$9:S15)),""),"")} | P15: =IFERROR(IF(A15<>A16,MAX((((M15*24*60)/2)*(1+POWER((((N15*24*60) / (M15*24*60) )),2))) + ((M15*24*60 )*-0.1 + (K15*0.015)) +1,(((M15*24*60)/2)*(1+POWER((((N15*24*60) / (M15*24*60 ))),2)))),""),"") | Q15: =IF(AND(O15<>"",L15<>""),IF(A15<>A16,((L15*24*60) / 2 ) * (1 + POWER(((O15*24*60) / (L15*24*60)),2)),""),"") | R15: =IF(Q15<>"",MAX(P15,Q15),"") | S15: =IF(I15<>"H. Sale Real",IF(AND(I16<>"",LEFT(C16,2)<>"NC"),IF(AND(I15<>"",LEFT(C15,2)<>"NC",I15<>"H. Sale Real"),IF(I16-I15<0.208333333333333,I16-I15,""),IF(AND(I14<>"",LEFT(C14,2)<>"NC",I14<>"H. Sale Real"),IF(I16-I14<0.208333333333333,I16-I14,""),IF(AND(I13<>"",LEFT(C13,2)<>"NC",I13<>"H. Sale Real"),IF(I16-I13<0.208333333333333,I16-I13,""),IF(AND(I12<>"",LEFT(C12,2)<>"NC",I12<>"H. Sale Real"),IF(I16-I12<0.208333333333333,I16-I12,""),IF(AND(I11<>"",LEFT(C11,2)<>"NC",I11<>"H. Sale Real"),IF(I16-I11<0.208333333333333,I16-I11,""),""))))),""),"") | T15: =IF(G15<>"H. Sale Real",IF(AND(G16<>"",LEFT(C16,2)<>"NC"),IF(AND(G15<>"",LEFT(C15,2)<>"NC",G15<>"H. Sale Real"),IF(G16-G15<0.208333333333333,G16-G15,""),IF(AND(G14<>"",LEFT(C14,2)<>"NC",G14<>"H. Sale Real"),IF(G16-G14<0.208333333333333,G16-G14,""),IF(AND(G13<>"",LEFT(C13,2)<>"NC",G13<>"H. Sale Real"),IF(G16-G13<0.208333333333333,G16-G13,""),IF(AND(G12<>"",LEFT(C12,2)<>"NC",G12<>"H. Sale Real"),IF(G16-G12<0.208333333333333,G16-G12,""),IF(AND(G11<>"",LEFT(C11,2)<>"NC",G11<>"H. Sale Real"),IF(G16-G11<0.208333333333333,G16-G11,""),""))))),""),"") | U15: 0.094444444 | W15: =IF(G15<>"",IF(AND(W14<>"IE",P15<>0,R15<>""),IF(IFERROR((P15/R15),0) <=1,IFERROR(P15/R15,""),1),""),"") | AB15: =HOUR(AH15)+1 -> 1 | AI15: =IF(AJ15="","",IF(AND((AJ15-AH15)>=TIME(0,0,0),(AJ15-AH15)<TIME(0,3,0)),"OK",IF(AND((AJ15-AH15)>=TIME(0,3,0),(AJ15-AH15)<TIME(0,5,0)),"RETRASO DE 3-5 MIN",IF(AND((AJ15-AH15)>=TIME(0,5,0),(AJ15-AH15)<TIME(0,10,0)),"RETRASO DE 5-10 MIN",IF((AJ15-AH15)>=TIME(0,10,0),"RETRASO >10 MIN", IF(AND((AH15-AJ15)>=TIME(0,0,0),(AH15-AJ15)<TIME(0,3,0)),"OK",IF((AH15-AJ15)>=TIME(0,3,0),"ADELANTADO"))))))) | AK15: =IF(AB15<>"",HLOOKUP(VALUE(TEXT(AH15,"h:mm:ss")),IF($C$6="Laboral",$FT$4:$GR$227,IF($C$6="Sábado",$FT$231:$GR$452,$FT$456:$GR$656)),VLOOKUP($C$4,$GZ$2:$HB$99,3,0)+IF(AD$5="Ida",0,1),1),"") -> #N/A | AL15: =IF(AB16<>AB15,AVERAGEIF(AB$9:AB15,AB15,AK$9:AK15),"") | AM15: =IFERROR(IF(AB16<>AB15,AVERAGEIF(AB$9:AB15,AB15,AT$9:AT15),""),"") | AN15: =IFERROR(IF(AB16<>AB15,AVERAGEIF(AB$9:AB15,AB15,AU$9:AU15),""),"") | AO15: {=IFERROR(IF(AB16<>AB15,_xlfn.STDEV.P(IF(AB$9:AB15=AB15,AU$9:AU15)),""),"")} | AP15: {=IFERROR(IF(AB16<>AB15,_xlfn.STDEV.P(IF(AB$9:AB15=AB15,AT$9:AT15)),""),"")} | AQ15: =IFERROR(IF(AB15<>AB16,MAX((((AN15*24*60)/2)*(1+POWER((((AO15*24*60) / (AN15*24*60) )),2))) + ((AN15*24*60 )*-0.1 + (AL15*0.015)) +1,(((AN15*24*60)/2)*(1+POWER((((AO15*24*60) / (AN15*24*60 ))),2)))),""),"") | AR15: =IF(AND(AP15<>"",AM15<>""),IF(AB15<>AB16,((AM15*24*60) / 2 ) * (1 + POWER(((AP15*24*60) / (AM15*24*60)),2)),""),"") | AS15: =IF(AR15<>"",MAX(AQ15,AR15),"") | AT15: =IF(AJ15<>"H. Sale Real",IF(AND(AJ16<>"",LEFT(AD16,2)<>"NC"),IF(AND(AJ15<>"",LEFT(AD15,2)<>"NC",AJ15<>"H. Sale Real"),IF(AJ16-AJ15<0.208333333333333,AJ16-AJ15,""),IF(AND(AJ14<>"",LEFT(AD14,2)<>"NC",AJ14<>"H. Sale Real"),IF(AJ16-AJ14<0.208333333333333,AJ16-AJ14,""),IF(AND(AJ13<>"",LEFT(AD13,2)<>"NC",AJ13<>"H. Sale Real"),IF(AJ16-AJ13<0.208333333333333,AJ16-AJ13,""),IF(AND(AJ12<>"",LEFT(AD12,2)<>"NC",AJ12<>"H. Sale Real"),IF(AJ16-AJ12<0.208333333333333,AJ16-AJ12,""),IF(AND(AJ11<>"",LEFT(AD11,2)<>"NC",AJ11<>"H. Sale Real"),IF(AJ16-AJ11<0.208333333333333,AJ16-AJ11,""),""))))),""),"") | AU15: =IF(AH15<>"H. Sale Real",IF(AND(AH16<>"",LEFT(AD16,2)<>"NC"),IF(AND(AH15<>"",LEFT(AD15,2)<>"NC",AH15<>"H. Sale Real"),IF(AH16-AH15<0.208333333333333,AH16-AH15,""),IF(AND(AH14<>"",LEFT(AD14,2)<>"NC",AH14<>"H. Sale Real"),IF(AH16-AH14<0.208333333333333,AH16-AH14,""),IF(AND(AH13<>"",LEFT(AD13,2)<>"NC",AH13<>"H. Sale Real"),IF(AH16-AH13<0.208333333333333,AH16-AH13,""),IF(AND(AH12<>"",LEFT(AD12,2)<>"NC",AH12<>"H. Sale Real"),IF(AH16-AH12<0.208333333333333,AH16-AH12,""),IF(AND(AH11<>"",LEFT(AD11,2)<>"NC",AH11<>"H. Sale Real"),IF(AH16-AH11<0.208333333333333,AH16-AH11,""),""))))),""),"") | AX15: =IF(AH15<>"",IF(AND(AX14<>"IE",AQ15<>0,AS15<>""),IF(IFERROR((AQ15/AS15),0) <=1,IFERROR(AQ15/AS15,""),1),""),"") | BC15: 3 | BD15: =COUNTIFS($A:$A,$BC15,$C:$C,$BC$11) -> 0 | BE15: =BD15-COUNTIFS($A:$A,$BC15,$C:$C,$BC$11,$H:$H,"") -> 0 | BF15: =IFERROR((BE15/BD15),"") | BG15: =_xlfn.XLOOKUP(BC15,$A:$A,$R:$R,"0",0,-1) -> 0 | BH15: =_xlfn.XLOOKUP(BC15,$A:$A,$P:$P,"0",0,-1) -> 0 | BI15: =_xlfn.XLOOKUP(BC15,$A:$A,$W:$W,"",0,-1) | BL15: 3 | BM15: =COUNTIFS($AB:$AB,$BL15,$AD:$AD,$BL$11) -> 0 | BN15: =BM15-COUNTIFS($AB:$AB,$BL15,$AD:$AD,$BL$11,$AI:$AI,"") -> 0 | BO15: =IFERROR((BN15/BM15),"") | BP15: =_xlfn.XLOOKUP(BL15,$AB:$AB,$AS:$AS,"0",0,-1) -> 0 | BQ15: =_xlfn.XLOOKUP(BL15,$AB:$AB,$AQ:$AQ,"0",0,-1) -> 0 | BR15: =_xlfn.XLOOKUP(BL15,$AB:$AB,$AX:$AX,"",0,-1) | EW15: Diccionario 1 | EX15: 1012 | EY15: D8481556K2PL | EZ15: YV3T7U521KA195177 | FA15: Volvo | FB15: B8R | FC15: MARCOPOLO | FD15: TORINO | FE15: 2019 | FF15: B2PAL | FG15: SAN JOSE | FH15: San José 030 (José Besa 669) | FI15: San Bernardo | FJ15: B | FM15: 3005 / SFWZ-39| | FN15: SFWZ-39| | FO15: SFWZ-39 | FP15: =VLOOKUP(FO15,EX:FF,9,0) -> B | FT15: B09 | FU15: 0 | FV15: 0 | FW15: 0 | FX15: 0 | FY15: 13.245 | FZ15: 23.725 | GA15: 18.46 | GB15: 17.055 | GC15: 20.3 | GD15: 21.73 | GE15: 21.455 | GF15: 20.605 | GG15: 19.165 | GH15: 18.745 | GI15: 18.565 | GJ15: 17.68 | GK15: 17.115 | GL15: 16.725 | GM15: 18.5 | GN15: 21.01 | GO15: 23.135 | GP15: 25.075 | GQ15: 26.45 | GR15: 0 | GU15: 12 | GV15: 9 | GY15: U9 | GZ15: 722 | HA15: 722 | HB15: 25 | HF15: AlfaU9 | HG15: 722 | HH15: Santa Marta | HI15: 822
A16: =HOUR(G16)+1 -> 1 | D16: =IFERROR( IF(AND(OR(Planilla!B16="C",Planilla!B16="c"), VLOOKUP(E16,EX:FJ,13,0)="C"), "OK",IF(AND(OR(Planilla!B16="C",Planilla!B16="c"), OR(VLOOKUP(E16,EX:FJ,13,0)="B", VLOOKUP(E16,EX:FJ,13,0)="A")), "DEFICIT",IF( AND(OR(Planilla!B16="B", Planilla!B16="BPAL"), VLOOKUP(E16,EX:FJ,13,0)="B"), "OK",IF(AND(OR(Planilla!B16="B", Planilla!B16="BPAL"), VLOOKUP(E16,EX:FJ,13,0)="A"), "DEFICIT",IF(AND(OR(Planilla!B16="B", Planilla!B16="BPAL"), VLOOKUP(E16,EX:FJ,13,0)="C"), "SOBREOFERTA",IF(AND(Planilla!B16="A", VLOOKUP(E16,EX:FJ,13,0)="A"), "OK",IF( AND(Planilla!B16="A", OR(VLOOKUP(E16,EX:FJ,13,0)="B", VLOOKUP(E16,EX:FJ,13,0)="C")), "SOBREOFERTA","" ))))))),"") | H16: =IF(I16="","",IF(AND((I16-G16)>=TIME(0,0,0),(I16-G16)<TIME(0,3,0)),"OK",IF(AND((I16-G16)>=TIME(0,3,0),(I16-G16)<TIME(0,5,0)),"RETRASO DE 3-5 MIN",IF(AND((I16-G16)>=TIME(0,5,0),(I16-G16)<TIME(0,10,0)),"RETRASO DE 5-10 MIN",IF((I16-G16)>=TIME(0,10,0),"RETRASO >10 MIN", IF(AND((G16-I16)>=TIME(0,0,0),(G16-I16)<TIME(0,3,0)),"OK",IF((G16-I16)>=TIME(0,3,0),"ADELANTADO"))))))) | J16: =IF(A16<>"",HLOOKUP(VALUE(TEXT(G16,"h:mm:ss")),IF($C$6="Laboral",$FT$4:$GR$227,IF($C$6="Sábado",$FT$231:$GR$452,$FT$456:$GR$656)),VLOOKUP($C$4,$GZ$2:$HB$99,3,0)+IF(C$5="Ida",0,1),1),"") -> #N/A | K16: =IF(A17<>A16,AVERAGEIF(A$9:A16,A16,J$9:J16),"") | L16: =IFERROR(IF(A17<>A16,AVERAGEIF(A$9:A16,A16,S$9:S16),""),"") | M16: =IFERROR(IF(A17<>A16,AVERAGEIF(A$9:A16,A16,T$9:T16),""),"") | N16: {=IFERROR(IF(A17<>A16,_xlfn.STDEV.P(IF(A$9:A16=A16,T$9:T16)),""),"")} | O16: {=IFERROR(IF(A17<>A16,_xlfn.STDEV.P(IF(A$9:A16=A16,S$9:S16)),""),"")} | P16: =IFERROR(IF(A16<>A17,MAX((((M16*24*60)/2)*(1+POWER((((N16*24*60) / (M16*24*60) )),2))) + ((M16*24*60 )*-0.1 + (K16*0.015)) +1,(((M16*24*60)/2)*(1+POWER((((N16*24*60) / (M16*24*60 ))),2)))),""),"") | Q16: =IF(AND(O16<>"",L16<>""),IF(A16<>A17,((L16*24*60) / 2 ) * (1 + POWER(((O16*24*60) / (L16*24*60)),2)),""),"") | R16: =IF(Q16<>"",MAX(P16,Q16),"") | S16: =IF(I16<>"H. Sale Real",IF(AND(I17<>"",LEFT(C17,2)<>"NC"),IF(AND(I16<>"",LEFT(C16,2)<>"NC",I16<>"H. Sale Real"),IF(I17-I16<0.208333333333333,I17-I16,""),IF(AND(I15<>"",LEFT(C15,2)<>"NC",I15<>"H. Sale Real"),IF(I17-I15<0.208333333333333,I17-I15,""),IF(AND(I14<>"",LEFT(C14,2)<>"NC",I14<>"H. Sale Real"),IF(I17-I14<0.208333333333333,I17-I14,""),IF(AND(I13<>"",LEFT(C13,2)<>"NC",I13<>"H. Sale Real"),IF(I17-I13<0.208333333333333,I17-I13,""),IF(AND(I12<>"",LEFT(C12,2)<>"NC",I12<>"H. Sale Real"),IF(I17-I12<0.208333333333333,I17-I12,""),""))))),""),"") | T16: =IF(G16<>"H. Sale Real",IF(AND(G17<>"",LEFT(C17,2)<>"NC"),IF(AND(G16<>"",LEFT(C16,2)<>"NC",G16<>"H. Sale Real"),IF(G17-G16<0.208333333333333,G17-G16,""),IF(AND(G15<>"",LEFT(C15,2)<>"NC",G15<>"H. Sale Real"),IF(G17-G15<0.208333333333333,G17-G15,""),IF(AND(G14<>"",LEFT(C14,2)<>"NC",G14<>"H. Sale Real"),IF(G17-G14<0.208333333333333,G17-G14,""),IF(AND(G13<>"",LEFT(C13,2)<>"NC",G13<>"H. Sale Real"),IF(G17-G13<0.208333333333333,G17-G13,""),IF(AND(G12<>"",LEFT(C12,2)<>"NC",G12<>"H. Sale Real"),IF(G17-G12<0.208333333333333,G17-G12,""),""))))),""),"") | U16: 0.10833333 | W16: =IF(G16<>"",IF(AND(W15<>"IE",P16<>0,R16<>""),IF(IFERROR((P16/R16),0) <=1,IFERROR(P16/R16,""),1),""),"") | AB16: =HOUR(AH16)+1 -> 1 | AI16: =IF(AJ16="","",IF(AND((AJ16-AH16)>=TIME(0,0,0),(AJ16-AH16)<TIME(0,3,0)),"OK",IF(AND((AJ16-AH16)>=TIME(0,3,0),(AJ16-AH16)<TIME(0,5,0)),"RETRASO DE 3-5 MIN",IF(AND((AJ16-AH16)>=TIME(0,5,0),(AJ16-AH16)<TIME(0,10,0)),"RETRASO DE 5-10 MIN",IF((AJ16-AH16)>=TIME(0,10,0),"RETRASO >10 MIN", IF(AND((AH16-AJ16)>=TIME(0,0,0),(AH16-AJ16)<TIME(0,3,0)),"OK",IF((AH16-AJ16)>=TIME(0,3,0),"ADELANTADO"))))))) | AK16: =IF(AB16<>"",HLOOKUP(VALUE(TEXT(AH16,"h:mm:ss")),IF($C$6="Laboral",$FT$4:$GR$227,IF($C$6="Sábado",$FT$231:$GR$452,$FT$456:$GR$656)),VLOOKUP($C$4,$GZ$2:$HB$99,3,0)+IF(AD$5="Ida",0,1),1),"") -> #N/A | AL16: =IF(AB17<>AB16,AVERAGEIF(AB$9:AB16,AB16,AK$9:AK16),"") | AM16: =IFERROR(IF(AB17<>AB16,AVERAGEIF(AB$9:AB16,AB16,AT$9:AT16),""),"") | AN16: =IFERROR(IF(AB17<>AB16,AVERAGEIF(AB$9:AB16,AB16,AU$9:AU16),""),"") | AO16: {=IFERROR(IF(AB17<>AB16,_xlfn.STDEV.P(IF(AB$9:AB16=AB16,AU$9:AU16)),""),"")} | AP16: {=IFERROR(IF(AB17<>AB16,_xlfn.STDEV.P(IF(AB$9:AB16=AB16,AT$9:AT16)),""),"")} | AQ16: =IFERROR(IF(AB16<>AB17,MAX((((AN16*24*60)/2)*(1+POWER((((AO16*24*60) / (AN16*24*60) )),2))) + ((AN16*24*60 )*-0.1 + (AL16*0.015)) +1,(((AN16*24*60)/2)*(1+POWER((((AO16*24*60) / (AN16*24*60 ))),2)))),""),"") | AR16: =IF(AND(AP16<>"",AM16<>""),IF(AB16<>AB17,((AM16*24*60) / 2 ) * (1 + POWER(((AP16*24*60) / (AM16*24*60)),2)),""),"") | AS16: =IF(AR16<>"",MAX(AQ16,AR16),"") | AT16: =IF(AJ16<>"H. Sale Real",IF(AND(AJ17<>"",LEFT(AD17,2)<>"NC"),IF(AND(AJ16<>"",LEFT(AD16,2)<>"NC",AJ16<>"H. Sale Real"),IF(AJ17-AJ16<0.208333333333333,AJ17-AJ16,""),IF(AND(AJ15<>"",LEFT(AD15,2)<>"NC",AJ15<>"H. Sale Real"),IF(AJ17-AJ15<0.208333333333333,AJ17-AJ15,""),IF(AND(AJ14<>"",LEFT(AD14,2)<>"NC",AJ14<>"H. Sale Real"),IF(AJ17-AJ14<0.208333333333333,AJ17-AJ14,""),IF(AND(AJ13<>"",LEFT(AD13,2)<>"NC",AJ13<>"H. Sale Real"),IF(AJ17-AJ13<0.208333333333333,AJ17-AJ13,""),IF(AND(AJ12<>"",LEFT(AD12,2)<>"NC",AJ12<>"H. Sale Real"),IF(AJ17-AJ12<0.208333333333333,AJ17-AJ12,""),""))))),""),"") | AU16: =IF(AH16<>"H. Sale Real",IF(AND(AH17<>"",LEFT(AD17,2)<>"NC"),IF(AND(AH16<>"",LEFT(AD16,2)<>"NC",AH16<>"H. Sale Real"),IF(AH17-AH16<0.208333333333333,AH17-AH16,""),IF(AND(AH15<>"",LEFT(AD15,2)<>"NC",AH15<>"H. Sale Real"),IF(AH17-AH15<0.208333333333333,AH17-AH15,""),IF(AND(AH14<>"",LEFT(AD14,2)<>"NC",AH14<>"H. Sale Real"),IF(AH17-AH14<0.208333333333333,AH17-AH14,""),IF(AND(AH13<>"",LEFT(AD13,2)<>"NC",AH13<>"H. Sale Real"),IF(AH17-AH13<0.208333333333333,AH17-AH13,""),IF(AND(AH12<>"",LEFT(AD12,2)<>"NC",AH12<>"H. Sale Real"),IF(AH17-AH12<0.208333333333333,AH17-AH12,""),""))))),""),"") | AX16: =IF(AH16<>"",IF(AND(AX15<>"IE",AQ16<>0,AS16<>""),IF(IFERROR((AQ16/AS16),0) <=1,IFERROR(AQ16/AS16,""),1),""),"") | BC16: 4 | BD16: =COUNTIFS($A:$A,$BC16,$C:$C,$BC$11) -> 0 | BE16: =BD16-COUNTIFS($A:$A,$BC16,$C:$C,$BC$11,$H:$H,"") -> 0 | BF16: =IFERROR((BE16/BD16),"") | BG16: =_xlfn.XLOOKUP(BC16,$A:$A,$R:$R,"0",0,-1) -> 0 | BH16: =_xlfn.XLOOKUP(BC16,$A:$A,$P:$P,"0",0,-1) -> 0 | BI16: =_xlfn.XLOOKUP(BC16,$A:$A,$W:$W,"",0,-1) | BL16: 4 | BM16: =COUNTIFS($AB:$AB,$BL16,$AD:$AD,$BL$11) -> 0 | BN16: =BM16-COUNTIFS($AB:$AB,$BL16,$AD:$AD,$BL$11,$AI:$AI,"") -> 0 | BO16: =IFERROR((BN16/BM16),"") | BP16: =_xlfn.XLOOKUP(BL16,$AB:$AB,$AS:$AS,"0",0,-1) -> 0 | BQ16: =_xlfn.XLOOKUP(BL16,$AB:$AB,$AQ:$AQ,"0",0,-1) -> 0 | BR16: =_xlfn.XLOOKUP(BL16,$AB:$AB,$AX:$AX,"",0,-1) | EW16: Diccionario 1 | EX16: 1013 | EY16: D8482482K2PL | EZ16: YV3T7U523KA195326 | FA16: Volvo | FB16: B8R | FC16: MARCOPOLO | FD16: TORINO | FE16: 2019 | FF16: B2PAL | FG16: LOS LIBERTADORES | FH16: Los Liberadores 6450, Lote 4A | FI16: Huechuraba | FJ16: B | FM16: 3005 / SFWZ-39| | FN16: SFWZ-39| | FO16: SFWZ-39 | FP16: =VLOOKUP(FO16,EX:FF,9,0) -> B | FT16: B10 | FU16: 0 | FV16: 0 | FW16: 0 | FX16: 0 | FY16: 0 | FZ16: 9.58 | GA16: 15.145 | GB16: 12.605 | GC16: 14.385 | GD16: 15.19 | GE16: 15.085 | GF16: 14.8 | GG16: 14.43 | GH16: 14.59 | GI16: 14.42 | GJ16: 13.86 | GK16: 12.755 | GL16: 11.79 | GM16: 12.895 | GN16: 14.885 | GO16: 16.585 | GP16: 17.96 | GQ16: 20.45 | GR16: 23.575 | GU16: 13 | GV16: 10 | GY16: U9 | GZ16: B24 | HA16: B24 | HB16: 27 | HF16: AlfaU9 | HG16: B24 | HH16: Condell | HI16: 824
A17: =HOUR(G17)+1 -> 1 | D17: =IFERROR( IF(AND(OR(Planilla!B17="C",Planilla!B17="c"), VLOOKUP(E17,EX:FJ,13,0)="C"), "OK",IF(AND(OR(Planilla!B17="C",Planilla!B17="c"), OR(VLOOKUP(E17,EX:FJ,13,0)="B", VLOOKUP(E17,EX:FJ,13,0)="A")), "DEFICIT",IF( AND(OR(Planilla!B17="B", Planilla!B17="BPAL"), VLOOKUP(E17,EX:FJ,13,0)="B"), "OK",IF(AND(OR(Planilla!B17="B", Planilla!B17="BPAL"), VLOOKUP(E17,EX:FJ,13,0)="A"), "DEFICIT",IF(AND(OR(Planilla!B17="B", Planilla!B17="BPAL"), VLOOKUP(E17,EX:FJ,13,0)="C"), "SOBREOFERTA",IF(AND(Planilla!B17="A", VLOOKUP(E17,EX:FJ,13,0)="A"), "OK",IF( AND(Planilla!B17="A", OR(VLOOKUP(E17,EX:FJ,13,0)="B", VLOOKUP(E17,EX:FJ,13,0)="C")), "SOBREOFERTA","" ))))))),"") | H17: =IF(I17="","",IF(AND((I17-G17)>=TIME(0,0,0),(I17-G17)<TIME(0,3,0)),"OK",IF(AND((I17-G17)>=TIME(0,3,0),(I17-G17)<TIME(0,5,0)),"RETRASO DE 3-5 MIN",IF(AND((I17-G17)>=TIME(0,5,0),(I17-G17)<TIME(0,10,0)),"RETRASO DE 5-10 MIN",IF((I17-G17)>=TIME(0,10,0),"RETRASO >10 MIN", IF(AND((G17-I17)>=TIME(0,0,0),(G17-I17)<TIME(0,3,0)),"OK",IF((G17-I17)>=TIME(0,3,0),"ADELANTADO"))))))) | J17: =IF(A17<>"",HLOOKUP(VALUE(TEXT(G17,"h:mm:ss")),IF($C$6="Laboral",$FT$4:$GR$227,IF($C$6="Sábado",$FT$231:$GR$452,$FT$456:$GR$656)),VLOOKUP($C$4,$GZ$2:$HB$99,3,0)+IF(C$5="Ida",0,1),1),"") -> #N/A | K17: =IF(A18<>A17,AVERAGEIF(A$9:A17,A17,J$9:J17),"") | L17: =IFERROR(IF(A18<>A17,AVERAGEIF(A$9:A17,A17,S$9:S17),""),"") | M17: =IFERROR(IF(A18<>A17,AVERAGEIF(A$9:A17,A17,T$9:T17),""),"") | N17: {=IFERROR(IF(A18<>A17,_xlfn.STDEV.P(IF(A$9:A17=A17,T$9:T17)),""),"")} | O17: {=IFERROR(IF(A18<>A17,_xlfn.STDEV.P(IF(A$9:A17=A17,S$9:S17)),""),"")} | P17: =IFERROR(IF(A17<>A18,MAX((((M17*24*60)/2)*(1+POWER((((N17*24*60) / (M17*24*60) )),2))) + ((M17*24*60 )*-0.1 + (K17*0.015)) +1,(((M17*24*60)/2)*(1+POWER((((N17*24*60) / (M17*24*60 ))),2)))),""),"") | Q17: =IF(AND(O17<>"",L17<>""),IF(A17<>A18,((L17*24*60) / 2 ) * (1 + POWER(((O17*24*60) / (L17*24*60)),2)),""),"") | R17: =IF(Q17<>"",MAX(P17,Q17),"") | S17: =IF(I17<>"H. Sale Real",IF(AND(I18<>"",LEFT(C18,2)<>"NC"),IF(AND(I17<>"",LEFT(C17,2)<>"NC",I17<>"H. Sale Real"),IF(I18-I17<0.208333333333333,I18-I17,""),IF(AND(I16<>"",LEFT(C16,2)<>"NC",I16<>"H. Sale Real"),IF(I18-I16<0.208333333333333,I18-I16,""),IF(AND(I15<>"",LEFT(C15,2)<>"NC",I15<>"H. Sale Real"),IF(I18-I15<0.208333333333333,I18-I15,""),IF(AND(I14<>"",LEFT(C14,2)<>"NC",I14<>"H. Sale Real"),IF(I18-I14<0.208333333333333,I18-I14,""),IF(AND(I13<>"",LEFT(C13,2)<>"NC",I13<>"H. Sale Real"),IF(I18-I13<0.208333333333333,I18-I13,""),""))))),""),"") | T17: =IF(G17<>"H. Sale Real",IF(AND(G18<>"",LEFT(C18,2)<>"NC"),IF(AND(G17<>"",LEFT(C17,2)<>"NC",G17<>"H. Sale Real"),IF(G18-G17<0.208333333333333,G18-G17,""),IF(AND(G16<>"",LEFT(C16,2)<>"NC",G16<>"H. Sale Real"),IF(G18-G16<0.208333333333333,G18-G16,""),IF(AND(G15<>"",LEFT(C15,2)<>"NC",G15<>"H. Sale Real"),IF(G18-G15<0.208333333333333,G18-G15,""),IF(AND(G14<>"",LEFT(C14,2)<>"NC",G14<>"H. Sale Real"),IF(G18-G14<0.208333333333333,G18-G14,""),IF(AND(G13<>"",LEFT(C13,2)<>"NC",G13<>"H. Sale Real"),IF(G18-G13<0.208333333333333,G18-G13,""),""))))),""),"") | U17: 0.12083333 | W17: =IF(G17<>"",IF(AND(W16<>"IE",P17<>0,R17<>""),IF(IFERROR((P17/R17),0) <=1,IFERROR(P17/R17,""),1),""),"") | AB17: =HOUR(AH17)+1 -> 1 | AI17: =IF(AJ17="","",IF(AND((AJ17-AH17)>=TIME(0,0,0),(AJ17-AH17)<TIME(0,3,0)),"OK",IF(AND((AJ17-AH17)>=TIME(0,3,0),(AJ17-AH17)<TIME(0,5,0)),"RETRASO DE 3-5 MIN",IF(AND((AJ17-AH17)>=TIME(0,5,0),(AJ17-AH17)<TIME(0,10,0)),"RETRASO DE 5-10 MIN",IF((AJ17-AH17)>=TIME(0,10,0),"RETRASO >10 MIN", IF(AND((AH17-AJ17)>=TIME(0,0,0),(AH17-AJ17)<TIME(0,3,0)),"OK",IF((AH17-AJ17)>=TIME(0,3,0),"ADELANTADO"))))))) | AK17: =IF(AB17<>"",HLOOKUP(VALUE(TEXT(AH17,"h:mm:ss")),IF($C$6="Laboral",$FT$4:$GR$227,IF($C$6="Sábado",$FT$231:$GR$452,$FT$456:$GR$656)),VLOOKUP($C$4,$GZ$2:$HB$99,3,0)+IF(AD$5="Ida",0,1),1),"") -> #N/A | AL17: =IF(AB18<>AB17,AVERAGEIF(AB$9:AB17,AB17,AK$9:AK17),"") | AM17: =IFERROR(IF(AB18<>AB17,AVERAGEIF(AB$9:AB17,AB17,AT$9:AT17),""),"") | AN17: =IFERROR(IF(AB18<>AB17,AVERAGEIF(AB$9:AB17,AB17,AU$9:AU17),""),"") | AO17: {=IFERROR(IF(AB18<>AB17,_xlfn.STDEV.P(IF(AB$9:AB17=AB17,AU$9:AU17)),""),"")} | AP17: {=IFERROR(IF(AB18<>AB17,_xlfn.STDEV.P(IF(AB$9:AB17=AB17,AT$9:AT17)),""),"")} | AQ17: =IFERROR(IF(AB17<>AB18,MAX((((AN17*24*60)/2)*(1+POWER((((AO17*24*60) / (AN17*24*60) )),2))) + ((AN17*24*60 )*-0.1 + (AL17*0.015)) +1,(((AN17*24*60)/2)*(1+POWER((((AO17*24*60) / (AN17*24*60 ))),2)))),""),"") | AR17: =IF(AND(AP17<>"",AM17<>""),IF(AB17<>AB18,((AM17*24*60) / 2 ) * (1 + POWER(((AP17*24*60) / (AM17*24*60)),2)),""),"") | AS17: =IF(AR17<>"",MAX(AQ17,AR17),"") | AT17: =IF(AJ17<>"H. Sale Real",IF(AND(AJ18<>"",LEFT(AD18,2)<>"NC"),IF(AND(AJ17<>"",LEFT(AD17,2)<>"NC",AJ17<>"H. Sale Real"),IF(AJ18-AJ17<0.208333333333333,AJ18-AJ17,""),IF(AND(AJ16<>"",LEFT(AD16,2)<>"NC",AJ16<>"H. Sale Real"),IF(AJ18-AJ16<0.208333333333333,AJ18-AJ16,""),IF(AND(AJ15<>"",LEFT(AD15,2)<>"NC",AJ15<>"H. Sale Real"),IF(AJ18-AJ15<0.208333333333333,AJ18-AJ15,""),IF(AND(AJ14<>"",LEFT(AD14,2)<>"NC",AJ14<>"H. Sale Real"),IF(AJ18-AJ14<0.208333333333333,AJ18-AJ14,""),IF(AND(AJ13<>"",LEFT(AD13,2)<>"NC",AJ13<>"H. Sale Real"),IF(AJ18-AJ13<0.208333333333333,AJ18-AJ13,""),""))))),""),"") | AU17: =IF(AH17<>"H. Sale Real",IF(AND(AH18<>"",LEFT(AD18,2)<>"NC"),IF(AND(AH17<>"",LEFT(AD17,2)<>"NC",AH17<>"H. Sale Real"),IF(AH18-AH17<0.208333333333333,AH18-AH17,""),IF(AND(AH16<>"",LEFT(AD16,2)<>"NC",AH16<>"H. Sale Real"),IF(AH18-AH16<0.208333333333333,AH18-AH16,""),IF(AND(AH15<>"",LEFT(AD15,2)<>"NC",AH15<>"H. Sale Real"),IF(AH18-AH15<0.208333333333333,AH18-AH15,""),IF(AND(AH14<>"",LEFT(AD14,2)<>"NC",AH14<>"H. Sale Real"),IF(AH18-AH14<0.208333333333333,AH18-AH14,""),IF(AND(AH13<>"",LEFT(AD13,2)<>"NC",AH13<>"H. Sale Real"),IF(AH18-AH13<0.208333333333333,AH18-AH13,""),""))))),""),"") | AX17: =IF(AH17<>"",IF(AND(AX16<>"IE",AQ17<>0,AS17<>""),IF(IFERROR((AQ17/AS17),0) <=1,IFERROR(AQ17/AS17,""),1),""),"") | BC17: 5 | BD17: =COUNTIFS($A:$A,$BC17,$C:$C,$BC$11) -> 0 | BE17: =BD17-COUNTIFS($A:$A,$BC17,$C:$C,$BC$11,$H:$H,"") -> 0 | BF17: =IFERROR((BE17/BD17),"") | BG17: =_xlfn.XLOOKUP(BC17,$A:$A,$R:$R,"0",0,-1) -> 0 | BH17: =_xlfn.XLOOKUP(BC17,$A:$A,$P:$P,"0",0,-1) -> 0 | BI17: =_xlfn.XLOOKUP(BC17,$A:$A,$W:$W,"",0,-1) | BL17: 5 | BM17: =COUNTIFS($AB:$AB,$BL17,$AD:$AD,$BL$11) -> 0 | BN17: =BM17-COUNTIFS($AB:$AB,$BL17,$AD:$AD,$BL$11,$AI:$AI,"") -> 0 | BO17: =IFERROR((BN17/BM17),"") | BP17: =_xlfn.XLOOKUP(BL17,$AB:$AB,$AS:$AS,"0",0,-1) -> 0 | BQ17: =_xlfn.XLOOKUP(BL17,$AB:$AB,$AQ:$AQ,"0",0,-1) -> 0 | BR17: =_xlfn.XLOOKUP(BL17,$AB:$AB,$AX:$AX,"",0,-1) | EW17: Diccionario 1 | EX17: 1014 | EY17: D8482478K2PL | EZ17: YV3T7U525KA195327 | FA17: Volvo | FB17: B8R | FC17: MARCOPOLO | FD17: TORINO | FE17: 2019 | FF17: B2PAL | FG17: LOS LIBERTADORES | FH17: Los Liberadores 6450, Lote 4A | FI17: Huechuraba | FJ17: B | FM17: 3005 / SFWZ-39| | FN17: SFWZ-39| | FO17: SFWZ-39 | FP17: =VLOOKUP(FO17,EX:FF,9,0) -> B | FT17: 120 | FU17: 0 | FV17: 0 | FW17: 0 | FX17: 0 | FY17: 27.31 | FZ17: 22.005 | GA17: 16.685 | GB17: 14.945 | GC17: 16.83 | GD17: 17.985 | GE17: 18.065 | GF17: 17.725 | GG17: 17.03 | GH17: 17.105 | GI17: 16.605 | GJ17: 15.62 | GK17: 13.25 | GL17: 11.98 | GM17: 14.1 | GN17: 17.32 | GO17: 19.92 | GP17: 21.765 | GQ17: 23.685 | GR17: 25.535 | GU17: 14 | GV17: 11 | GY17: U9 | GZ17: B25 | HA17: B25 | HB17: 28 | HF17: AlfaU9 | HG17: B25 | HH17: Santa Marta | HI17: 825
A18: =HOUR(G18)+1 -> 1 | D18: =IFERROR( IF(AND(OR(Planilla!B18="C",Planilla!B18="c"), VLOOKUP(E18,EX:FJ,13,0)="C"), "OK",IF(AND(OR(Planilla!B18="C",Planilla!B18="c"), OR(VLOOKUP(E18,EX:FJ,13,0)="B", VLOOKUP(E18,EX:FJ,13,0)="A")), "DEFICIT",IF( AND(OR(Planilla!B18="B", Planilla!B18="BPAL"), VLOOKUP(E18,EX:FJ,13,0)="B"), "OK",IF(AND(OR(Planilla!B18="B", Planilla!B18="BPAL"), VLOOKUP(E18,EX:FJ,13,0)="A"), "DEFICIT",IF(AND(OR(Planilla!B18="B", Planilla!B18="BPAL"), VLOOKUP(E18,EX:FJ,13,0)="C"), "SOBREOFERTA",IF(AND(Planilla!B18="A", VLOOKUP(E18,EX:FJ,13,0)="A"), "OK",IF( AND(Planilla!B18="A", OR(VLOOKUP(E18,EX:FJ,13,0)="B", VLOOKUP(E18,EX:FJ,13,0)="C")), "SOBREOFERTA","" ))))))),"") | H18: =IF(I18="","",IF(AND((I18-G18)>=TIME(0,0,0),(I18-G18)<TIME(0,3,0)),"OK",IF(AND((I18-G18)>=TIME(0,3,0),(I18-G18)<TIME(0,5,0)),"RETRASO DE 3-5 MIN",IF(AND((I18-G18)>=TIME(0,5,0),(I18-G18)<TIME(0,10,0)),"RETRASO DE 5-10 MIN",IF((I18-G18)>=TIME(0,10,0),"RETRASO >10 MIN", IF(AND((G18-I18)>=TIME(0,0,0),(G18-I18)<TIME(0,3,0)),"OK",IF((G18-I18)>=TIME(0,3,0),"ADELANTADO"))))))) | J18: =IF(A18<>"",HLOOKUP(VALUE(TEXT(G18,"h:mm:ss")),IF($C$6="Laboral",$FT$4:$GR$227,IF($C$6="Sábado",$FT$231:$GR$452,$FT$456:$GR$656)),VLOOKUP($C$4,$GZ$2:$HB$99,3,0)+IF(C$5="Ida",0,1),1),"") -> #N/A | K18: =IF(A19<>A18,AVERAGEIF(A$9:A18,A18,J$9:J18),"") | L18: =IFERROR(IF(A19<>A18,AVERAGEIF(A$9:A18,A18,S$9:S18),""),"") | M18: =IFERROR(IF(A19<>A18,AVERAGEIF(A$9:A18,A18,T$9:T18),""),"") | N18: {=IFERROR(IF(A19<>A18,_xlfn.STDEV.P(IF(A$9:A18=A18,T$9:T18)),""),"")} | O18: {=IFERROR(IF(A19<>A18,_xlfn.STDEV.P(IF(A$9:A18=A18,S$9:S18)),""),"")} | P18: =IFERROR(IF(A18<>A19,MAX((((M18*24*60)/2)*(1+POWER((((N18*24*60) / (M18*24*60) )),2))) + ((M18*24*60 )*-0.1 + (K18*0.015)) +1,(((M18*24*60)/2)*(1+POWER((((N18*24*60) / (M18*24*60 ))),2)))),""),"") | Q18: =IF(AND(O18<>"",L18<>""),IF(A18<>A19,((L18*24*60) / 2 ) * (1 + POWER(((O18*24*60) / (L18*24*60)),2)),""),"") | R18: =IF(Q18<>"",MAX(P18,Q18),"") | S18: =IF(I18<>"H. Sale Real",IF(AND(I19<>"",LEFT(C19,2)<>"NC"),IF(AND(I18<>"",LEFT(C18,2)<>"NC",I18<>"H. Sale Real"),IF(I19-I18<0.208333333333333,I19-I18,""),IF(AND(I17<>"",LEFT(C17,2)<>"NC",I17<>"H. Sale Real"),IF(I19-I17<0.208333333333333,I19-I17,""),IF(AND(I16<>"",LEFT(C16,2)<>"NC",I16<>"H. Sale Real"),IF(I19-I16<0.208333333333333,I19-I16,""),IF(AND(I15<>"",LEFT(C15,2)<>"NC",I15<>"H. Sale Real"),IF(I19-I15<0.208333333333333,I19-I15,""),IF(AND(I14<>"",LEFT(C14,2)<>"NC",I14<>"H. Sale Real"),IF(I19-I14<0.208333333333333,I19-I14,""),""))))),""),"") | T18: =IF(G18<>"H. Sale Real",IF(AND(G19<>"",LEFT(C19,2)<>"NC"),IF(AND(G18<>"",LEFT(C18,2)<>"NC",G18<>"H. Sale Real"),IF(G19-G18<0.208333333333333,G19-G18,""),IF(AND(G17<>"",LEFT(C17,2)<>"NC",G17<>"H. Sale Real"),IF(G19-G17<0.208333333333333,G19-G17,""),IF(AND(G16<>"",LEFT(C16,2)<>"NC",G16<>"H. Sale Real"),IF(G19-G16<0.208333333333333,G19-G16,""),IF(AND(G15<>"",LEFT(C15,2)<>"NC",G15<>"H. Sale Real"),IF(G19-G15<0.208333333333333,G19-G15,""),IF(AND(G14<>"",LEFT(C14,2)<>"NC",G14<>"H. Sale Real"),IF(G19-G14<0.208333333333333,G19-G14,""),""))))),""),"") | U18: 0.13472222 | W18: =IF(G18<>"",IF(AND(W17<>"IE",P18<>0,R18<>""),IF(IFERROR((P18/R18),0) <=1,IFERROR(P18/R18,""),1),""),"") | AB18: =HOUR(AH18)+1 -> 1 | AI18: =IF(AJ18="","",IF(AND((AJ18-AH18)>=TIME(0,0,0),(AJ18-AH18)<TIME(0,3,0)),"OK",IF(AND((AJ18-AH18)>=TIME(0,3,0),(AJ18-AH18)<TIME(0,5,0)),"RETRASO DE 3-5 MIN",IF(AND((AJ18-AH18)>=TIME(0,5,0),(AJ18-AH18)<TIME(0,10,0)),"RETRASO DE 5-10 MIN",IF((AJ18-AH18)>=TIME(0,10,0),"RETRASO >10 MIN", IF(AND((AH18-AJ18)>=TIME(0,0,0),(AH18-AJ18)<TIME(0,3,0)),"OK",IF((AH18-AJ18)>=TIME(0,3,0),"ADELANTADO"))))))) | AK18: =IF(AB18<>"",HLOOKUP(VALUE(TEXT(AH18,"h:mm:ss")),IF($C$6="Laboral",$FT$4:$GR$227,IF($C$6="Sábado",$FT$231:$GR$452,$FT$456:$GR$656)),VLOOKUP($C$4,$GZ$2:$HB$99,3,0)+IF(AD$5="Ida",0,1),1),"") -> #N/A | AL18: =IF(AB19<>AB18,AVERAGEIF(AB$9:AB18,AB18,AK$9:AK18),"") | AM18: =IFERROR(IF(AB19<>AB18,AVERAGEIF(AB$9:AB18,AB18,AT$9:AT18),""),"") | AN18: =IFERROR(IF(AB19<>AB18,AVERAGEIF(AB$9:AB18,AB18,AU$9:AU18),""),"") | AO18: {=IFERROR(IF(AB19<>AB18,_xlfn.STDEV.P(IF(AB$9:AB18=AB18,AU$9:AU18)),""),"")} | AP18: {=IFERROR(IF(AB19<>AB18,_xlfn.STDEV.P(IF(AB$9:AB18=AB18,AT$9:AT18)),""),"")} | AQ18: =IFERROR(IF(AB18<>AB19,MAX((((AN18*24*60)/2)*(1+POWER((((AO18*24*60) / (AN18*24*60) )),2))) + ((AN18*24*60 )*-0.1 + (AL18*0.015)) +1,(((AN18*24*60)/2)*(1+POWER((((AO18*24*60) / (AN18*24*60 ))),2)))),""),"") | AR18: =IF(AND(AP18<>"",AM18<>""),IF(AB18<>AB19,((AM18*24*60) / 2 ) * (1 + POWER(((AP18*24*60) / (AM18*24*60)),2)),""),"") | AS18: =IF(AR18<>"",MAX(AQ18,AR18),"") | AT18: =IF(AJ18<>"H. Sale Real",IF(AND(AJ19<>"",LEFT(AD19,2)<>"NC"),IF(AND(AJ18<>"",LEFT(AD18,2)<>"NC",AJ18<>"H. Sale Real"),IF(AJ19-AJ18<0.208333333333333,AJ19-AJ18,""),IF(AND(AJ17<>"",LEFT(AD17,2)<>"NC",AJ17<>"H. Sale Real"),IF(AJ19-AJ17<0.208333333333333,AJ19-AJ17,""),IF(AND(AJ16<>"",LEFT(AD16,2)<>"NC",AJ16<>"H. Sale Real"),IF(AJ19-AJ16<0.208333333333333,AJ19-AJ16,""),IF(AND(AJ15<>"",LEFT(AD15,2)<>"NC",AJ15<>"H. Sale Real"),IF(AJ19-AJ15<0.208333333333333,AJ19-AJ15,""),IF(AND(AJ14<>"",LEFT(AD14,2)<>"NC",AJ14<>"H. Sale Real"),IF(AJ19-AJ14<0.208333333333333,AJ19-AJ14,""),""))))),""),"") | AU18: =IF(AH18<>"H. Sale Real",IF(AND(AH19<>"",LEFT(AD19,2)<>"NC"),IF(AND(AH18<>"",LEFT(AD18,2)<>"NC",AH18<>"H. Sale Real"),IF(AH19-AH18<0.208333333333333,AH19-AH18,""),IF(AND(AH17<>"",LEFT(AD17,2)<>"NC",AH17<>"H. Sale Real"),IF(AH19-AH17<0.208333333333333,AH19-AH17,""),IF(AND(AH16<>"",LEFT(AD16,2)<>"NC",AH16<>"H. Sale Real"),IF(AH19-AH16<0.208333333333333,AH19-AH16,""),IF(AND(AH15<>"",LEFT(AD15,2)<>"NC",AH15<>"H. Sale Real"),IF(AH19-AH15<0.208333333333333,AH19-AH15,""),IF(AND(AH14<>"",LEFT(AD14,2)<>"NC",AH14<>"H. Sale Real"),IF(AH19-AH14<0.208333333333333,AH19-AH14,""),""))))),""),"") | AX18: =IF(AH18<>"",IF(AND(AX17<>"IE",AQ18<>0,AS18<>""),IF(IFERROR((AQ18/AS18),0) <=1,IFERROR(AQ18/AS18,""),1),""),"") | BC18: 6 | BD18: =COUNTIFS($A:$A,$BC18,$C:$C,$BC$11) -> 0 | BE18: =BD18-COUNTIFS($A:$A,$BC18,$C:$C,$BC$11,$H:$H,"") -> 0 | BF18: =IFERROR((BE18/BD18),"") | BG18: =_xlfn.XLOOKUP(BC18,$A:$A,$R:$R,"0",0,-1) -> 0 | BH18: =_xlfn.XLOOKUP(BC18,$A:$A,$P:$P,"0",0,-1) -> 0 | BI18: =_xlfn.XLOOKUP(BC18,$A:$A,$W:$W,"",0,-1) | BL18: 6 | BM18: =COUNTIFS($AB:$AB,$BL18,$AD:$AD,$BL$11) -> 0 | BN18: =BM18-COUNTIFS($AB:$AB,$BL18,$AD:$AD,$BL$11,$AI:$AI,"") -> 0 | BO18: =IFERROR((BN18/BM18),"") | BP18: =_xlfn.XLOOKUP(BL18,$AB:$AB,$AS:$AS,"0",0,-1) -> 0 | BQ18: =_xlfn.XLOOKUP(BL18,$AB:$AB,$AQ:$AQ,"0",0,-1) -> 0 | BR18: =_xlfn.XLOOKUP(BL18,$AB:$AB,$AX:$AX,"",0,-1) | EW18: Diccionario 1 | EX18: 1015 | EY18: D8482400K2PL | EZ18: YV3T7U527KA195328 | FA18: Volvo | FB18: B8R | FC18: MARCOPOLO | FD18: TORINO | FE18: 2019 | FF18: B2PAL | FG18: LOS LIBERTADORES | FH18: Los Liberadores 6450, Lote 4A | FI18: Huechuraba | FJ18: B | FM18: 3005 / SFWZ-39| | FN18: SFWZ-39| | FO18: SFWZ-39 | FP18: =VLOOKUP(FO18,EX:FF,9,0) -> B | FT18: 120 | FU18: 28.4 | FV18: 0 | FW18: 0 | FX18: 0 | FY18: 0 | FZ18: 9.81 | GA18: 16.66 | GB18: 14.92 | GC18: 16.59 | GD18: 17.285 | GE18: 17.34 | GF18: 17.32 | GG18: 16.87 | GH18: 16.99 | GI18: 16.855 | GJ18: 16.6 | GK18: 16.175 | GL18: 14.875 | GM18: 15.675 | GN18: 17.97 | GO18: 19.545 | GP18: 20.605 | GQ18: 23.055 | GR18: 25.725 | GU18: 15 | GV18: 12 | GY18: U9 | GZ18: B26 | HA18: B26 | HB18: 29 | HF18: AlfaU9 | HG18: B26 | HH18: Santa Marta | HI18: 826
A19: =HOUR(G19)+1 -> 1 | D19: =IFERROR( IF(AND(OR(Planilla!B19="C",Planilla!B19="c"), VLOOKUP(E19,EX:FJ,13,0)="C"), "OK",IF(AND(OR(Planilla!B19="C",Planilla!B19="c"), OR(VLOOKUP(E19,EX:FJ,13,0)="B", VLOOKUP(E19,EX:FJ,13,0)="A")), "DEFICIT",IF( AND(OR(Planilla!B19="B", Planilla!B19="BPAL"), VLOOKUP(E19,EX:FJ,13,0)="B"), "OK",IF(AND(OR(Planilla!B19="B", Planilla!B19="BPAL"), VLOOKUP(E19,EX:FJ,13,0)="A"), "DEFICIT",IF(AND(OR(Planilla!B19="B", Planilla!B19="BPAL"), VLOOKUP(E19,EX:FJ,13,0)="C"), "SOBREOFERTA",IF(AND(Planilla!B19="A", VLOOKUP(E19,EX:FJ,13,0)="A"), "OK",IF( AND(Planilla!B19="A", OR(VLOOKUP(E19,EX:FJ,13,0)="B", VLOOKUP(E19,EX:FJ,13,0)="C")), "SOBREOFERTA","" ))))))),"") | H19: =IF(I19="","",IF(AND((I19-G19)>=TIME(0,0,0),(I19-G19)<TIME(0,3,0)),"OK",IF(AND((I19-G19)>=TIME(0,3,0),(I19-G19)<TIME(0,5,0)),"RETRASO DE 3-5 MIN",IF(AND((I19-G19)>=TIME(0,5,0),(I19-G19)<TIME(0,10,0)),"RETRASO DE 5-10 MIN",IF((I19-G19)>=TIME(0,10,0),"RETRASO >10 MIN", IF(AND((G19-I19)>=TIME(0,0,0),(G19-I19)<TIME(0,3,0)),"OK",IF((G19-I19)>=TIME(0,3,0),"ADELANTADO"))))))) | J19: =IF(A19<>"",HLOOKUP(VALUE(TEXT(G19,"h:mm:ss")),IF($C$6="Laboral",$FT$4:$GR$227,IF($C$6="Sábado",$FT$231:$GR$452,$FT$456:$GR$656)),VLOOKUP($C$4,$GZ$2:$HB$99,3,0)+IF(C$5="Ida",0,1),1),"") -> #N/A | K19: =IF(A20<>A19,AVERAGEIF(A$9:A19,A19,J$9:J19),"") | L19: =IFERROR(IF(A20<>A19,AVERAGEIF(A$9:A19,A19,S$9:S19),""),"") | M19: =IFERROR(IF(A20<>A19,AVERAGEIF(A$9:A19,A19,T$9:T19),""),"") | N19: {=IFERROR(IF(A20<>A19,_xlfn.STDEV.P(IF(A$9:A19=A19,T$9:T19)),""),"")} | O19: {=IFERROR(IF(A20<>A19,_xlfn.STDEV.P(IF(A$9:A19=A19,S$9:S19)),""),"")} | P19: =IFERROR(IF(A19<>A20,MAX((((M19*24*60)/2)*(1+POWER((((N19*24*60) / (M19*24*60) )),2))) + ((M19*24*60 )*-0.1 + (K19*0.015)) +1,(((M19*24*60)/2)*(1+POWER((((N19*24*60) / (M19*24*60 ))),2)))),""),"") | Q19: =IF(AND(O19<>"",L19<>""),IF(A19<>A20,((L19*24*60) / 2 ) * (1 + POWER(((O19*24*60) / (L19*24*60)),2)),""),"") | R19: =IF(Q19<>"",MAX(P19,Q19),"") | S19: =IF(I19<>"H. Sale Real",IF(AND(I20<>"",LEFT(C20,2)<>"NC"),IF(AND(I19<>"",LEFT(C19,2)<>"NC",I19<>"H. Sale Real"),IF(I20-I19<0.208333333333333,I20-I19,""),IF(AND(I18<>"",LEFT(C18,2)<>"NC",I18<>"H. Sale Real"),IF(I20-I18<0.208333333333333,I20-I18,""),IF(AND(I17<>"",LEFT(C17,2)<>"NC",I17<>"H. Sale Real"),IF(I20-I17<0.208333333333333,I20-I17,""),IF(AND(I16<>"",LEFT(C16,2)<>"NC",I16<>"H. Sale Real"),IF(I20-I16<0.208333333333333,I20-I16,""),IF(AND(I15<>"",LEFT(C15,2)<>"NC",I15<>"H. Sale Real"),IF(I20-I15<0.208333333333333,I20-I15,""),""))))),""),"") | T19: =IF(G19<>"H. Sale Real",IF(AND(G20<>"",LEFT(C20,2)<>"NC"),IF(AND(G19<>"",LEFT(C19,2)<>"NC",G19<>"H. Sale Real"),IF(G20-G19<0.208333333333333,G20-G19,""),IF(AND(G18<>"",LEFT(C18,2)<>"NC",G18<>"H. Sale Real"),IF(G20-G18<0.208333333333333,G20-G18,""),IF(AND(G17<>"",LEFT(C17,2)<>"NC",G17<>"H. Sale Real"),IF(G20-G17<0.208333333333333,G20-G17,""),IF(AND(G16<>"",LEFT(C16,2)<>"NC",G16<>"H. Sale Real"),IF(G20-G16<0.208333333333333,G20-G16,""),IF(AND(G15<>"",LEFT(C15,2)<>"NC",G15<>"H. Sale Real"),IF(G20-G15<0.208333333333333,G20-G15,""),""))))),""),"") | U19: 0.15625 | W19: =IF(G19<>"",IF(AND(W18<>"IE",P19<>0,R19<>""),IF(IFERROR((P19/R19),0) <=1,IFERROR(P19/R19,""),1),""),"") | AB19: =HOUR(AH19)+1 -> 1 | AI19: =IF(AJ19="","",IF(AND((AJ19-AH19)>=TIME(0,0,0),(AJ19-AH19)<TIME(0,3,0)),"OK",IF(AND((AJ19-AH19)>=TIME(0,3,0),(AJ19-AH19)<TIME(0,5,0)),"RETRASO DE 3-5 MIN",IF(AND((AJ19-AH19)>=TIME(0,5,0),(AJ19-AH19)<TIME(0,10,0)),"RETRASO DE 5-10 MIN",IF((AJ19-AH19)>=TIME(0,10,0),"RETRASO >10 MIN", IF(AND((AH19-AJ19)>=TIME(0,0,0),(AH19-AJ19)<TIME(0,3,0)),"OK",IF((AH19-AJ19)>=TIME(0,3,0),"ADELANTADO"))))))) | AK19: =IF(AB19<>"",HLOOKUP(VALUE(TEXT(AH19,"h:mm:ss")),IF($C$6="Laboral",$FT$4:$GR$227,IF($C$6="Sábado",$FT$231:$GR$452,$FT$456:$GR$656)),VLOOKUP($C$4,$GZ$2:$HB$99,3,0)+IF(AD$5="Ida",0,1),1),"") -> #N/A | AL19: =IF(AB20<>AB19,AVERAGEIF(AB$9:AB19,AB19,AK$9:AK19),"") | AM19: =IFERROR(IF(AB20<>AB19,AVERAGEIF(AB$9:AB19,AB19,AT$9:AT19),""),"") | AN19: =IFERROR(IF(AB20<>AB19,AVERAGEIF(AB$9:AB19,AB19,AU$9:AU19),""),"") | AO19: {=IFERROR(IF(AB20<>AB19,_xlfn.STDEV.P(IF(AB$9:AB19=AB19,AU$9:AU19)),""),"")} | AP19: {=IFERROR(IF(AB20<>AB19,_xlfn.STDEV.P(IF(AB$9:AB19=AB19,AT$9:AT19)),""),"")} | AQ19: =IFERROR(IF(AB19<>AB20,MAX((((AN19*24*60)/2)*(1+POWER((((AO19*24*60) / (AN19*24*60) )),2))) + ((AN19*24*60 )*-0.1 + (AL19*0.015)) +1,(((AN19*24*60)/2)*(1+POWER((((AO19*24*60) / (AN19*24*60 ))),2)))),""),"") | AR19: =IF(AND(AP19<>"",AM19<>""),IF(AB19<>AB20,((AM19*24*60) / 2 ) * (1 + POWER(((AP19*24*60) / (AM19*24*60)),2)),""),"") | AS19: =IF(AR19<>"",MAX(AQ19,AR19),"") | AT19: =IF(AJ19<>"H. Sale Real",IF(AND(AJ20<>"",LEFT(AD20,2)<>"NC"),IF(AND(AJ19<>"",LEFT(AD19,2)<>"NC",AJ19<>"H. Sale Real"),IF(AJ20-AJ19<0.208333333333333,AJ20-AJ19,""),IF(AND(AJ18<>"",LEFT(AD18,2)<>"NC",AJ18<>"H. Sale Real"),IF(AJ20-AJ18<0.208333333333333,AJ20-AJ18,""),IF(AND(AJ17<>"",LEFT(AD17,2)<>"NC",AJ17<>"H. Sale Real"),IF(AJ20-AJ17<0.208333333333333,AJ20-AJ17,""),IF(AND(AJ16<>"",LEFT(AD16,2)<>"NC",AJ16<>"H. Sale Real"),IF(AJ20-AJ16<0.208333333333333,AJ20-AJ16,""),IF(AND(AJ15<>"",LEFT(AD15,2)<>"NC",AJ15<>"H. Sale Real"),IF(AJ20-AJ15<0.208333333333333,AJ20-AJ15,""),""))))),""),"") | AU19: =IF(AH19<>"H. Sale Real",IF(AND(AH20<>"",LEFT(AD20,2)<>"NC"),IF(AND(AH19<>"",LEFT(AD19,2)<>"NC",AH19<>"H. Sale Real"),IF(AH20-AH19<0.208333333333333,AH20-AH19,""),IF(AND(AH18<>"",LEFT(AD18,2)<>"NC",AH18<>"H. Sale Real"),IF(AH20-AH18<0.208333333333333,AH20-AH18,""),IF(AND(AH17<>"",LEFT(AD17,2)<>"NC",AH17<>"H. Sale Real"),IF(AH20-AH17<0.208333333333333,AH20-AH17,""),IF(AND(AH16<>"",LEFT(AD16,2)<>"NC",AH16<>"H. Sale Real"),IF(AH20-AH16<0.208333333333333,AH20-AH16,""),IF(AND(AH15<>"",LEFT(AD15,2)<>"NC",AH15<>"H. Sale Real"),IF(AH20-AH15<0.208333333333333,AH20-AH15,""),""))))),""),"") | AX19: =IF(AH19<>"",IF(AND(AX18<>"IE",AQ19<>0,AS19<>""),IF(IFERROR((AQ19/AS19),0) <=1,IFERROR(AQ19/AS19,""),1),""),"") | BC19: 7 | BD19: =COUNTIFS($A:$A,$BC19,$C:$C,$BC$11) -> 0 | BE19: =BD19-COUNTIFS($A:$A,$BC19,$C:$C,$BC$11,$H:$H,"") -> 0 | BF19: =IFERROR((BE19/BD19),"") | BG19: =_xlfn.XLOOKUP(BC19,$A:$A,$R:$R,"0",0,-1) -> 0 | BH19: =_xlfn.XLOOKUP(BC19,$A:$A,$P:$P,"0",0,-1) -> 0 | BI19: =_xlfn.XLOOKUP(BC19,$A:$A,$W:$W,"",0,-1) | BL19: 7 | BM19: =COUNTIFS($AB:$AB,$BL19,$AD:$AD,$BL$11) -> 0 | BN19: =BM19-COUNTIFS($AB:$AB,$BL19,$AD:$AD,$BL$11,$AI:$AI,"") -> 0 | BO19: =IFERROR((BN19/BM19),"") | BP19: =_xlfn.XLOOKUP(BL19,$AB:$AB,$AS:$AS,"0",0,-1) -> 0 | BQ19: =_xlfn.XLOOKUP(BL19,$AB:$AB,$AQ:$AQ,"0",0,-1) -> 0 | BR19: =_xlfn.XLOOKUP(BL19,$AB:$AB,$AX:$AX,"",0,-1) | EW19: Diccionario 1 | EX19: 1016 | EY19: D8482554K2PL | EZ19: YV3T7U520KA195350 | FA19: Volvo | FB19: B8R | FC19: MARCOPOLO | FD19: TORINO | FE19: 2019 | FF19: B2PAL | FG19: LOS LIBERTADORES | FH19: Los Liberadores 6450, Lote 4A | FI19: Huechuraba | FJ19: B | FM19: 3005 / SFWZ-39| | FN19: SFWZ-39| | FO19: SFWZ-39 | FP19: =VLOOKUP(FO19,EX:FF,9,0) -> B | FT19: B13 | FU19: 0 | FV19: 0 | FW19: 0 | FX19: 0 | FY19: 0 | FZ19: 10.95 | GA19: 17.215 | GB19: 15.91 | GC19: 20.64 | GD19: 21.68 | GE19: 21.71 | GF19: 21.15 | GG19: 20.03 | GH19: 19.74 | GI19: 19.425 | GJ19: 18.245 | GK19: 17.18 | GL19: 15.395 | GM19: 16.515 | GN19: 19.52 | GO19: 21.55 | GP19: 23.33 | GQ19: 25.055 | GR19: 26.63 | GU19: 16 | GV19: 13 | GY19: U9 | GZ19: B28 | HA19: B28 | HB19: 31 | HF19: AlfaU9 | HG19: B28 | HH19: Condell | HI19: 828
A20: =HOUR(G20)+1 -> 1 | D20: =IFERROR( IF(AND(OR(Planilla!B20="C",Planilla!B20="c"), VLOOKUP(E20,EX:FJ,13,0)="C"), "OK",IF(AND(OR(Planilla!B20="C",Planilla!B20="c"), OR(VLOOKUP(E20,EX:FJ,13,0)="B", VLOOKUP(E20,EX:FJ,13,0)="A")), "DEFICIT",IF( AND(OR(Planilla!B20="B", Planilla!B20="BPAL"), VLOOKUP(E20,EX:FJ,13,0)="B"), "OK",IF(AND(OR(Planilla!B20="B", Planilla!B20="BPAL"), VLOOKUP(E20,EX:FJ,13,0)="A"), "DEFICIT",IF(AND(OR(Planilla!B20="B", Planilla!B20="BPAL"), VLOOKUP(E20,EX:FJ,13,0)="C"), "SOBREOFERTA",IF(AND(Planilla!B20="A", VLOOKUP(E20,EX:FJ,13,0)="A"), "OK",IF( AND(Planilla!B20="A", OR(VLOOKUP(E20,EX:FJ,13,0)="B", VLOOKUP(E20,EX:FJ,13,0)="C")), "SOBREOFERTA","" ))))))),"") | H20: =IF(I20="","",IF(AND((I20-G20)>=TIME(0,0,0),(I20-G20)<TIME(0,3,0)),"OK",IF(AND((I20-G20)>=TIME(0,3,0),(I20-G20)<TIME(0,5,0)),"RETRASO DE 3-5 MIN",IF(AND((I20-G20)>=TIME(0,5,0),(I20-G20)<TIME(0,10,0)),"RETRASO DE 5-10 MIN",IF((I20-G20)>=TIME(0,10,0),"RETRASO >10 MIN", IF(AND((G20-I20)>=TIME(0,0,0),(G20-I20)<TIME(0,3,0)),"OK",IF((G20-I20)>=TIME(0,3,0),"ADELANTADO"))))))) | J20: =IF(A20<>"",HLOOKUP(VALUE(TEXT(G20,"h:mm:ss")),IF($C$6="Laboral",$FT$4:$GR$227,IF($C$6="Sábado",$FT$231:$GR$452,$FT$456:$GR$656)),VLOOKUP($C$4,$GZ$2:$HB$99,3,0)+IF(C$5="Ida",0,1),1),"") -> #N/A | K20: =IF(A21<>A20,AVERAGEIF(A$9:A20,A20,J$9:J20),"") | L20: =IFERROR(IF(A21<>A20,AVERAGEIF(A$9:A20,A20,S$9:S20),""),"") | M20: =IFERROR(IF(A21<>A20,AVERAGEIF(A$9:A20,A20,T$9:T20),""),"") | N20: {=IFERROR(IF(A21<>A20,_xlfn.STDEV.P(IF(A$9:A20=A20,T$9:T20)),""),"")} | O20: {=IFERROR(IF(A21<>A20,_xlfn.STDEV.P(IF(A$9:A20=A20,S$9:S20)),""),"")} | P20: =IFERROR(IF(A20<>A21,MAX((((M20*24*60)/2)*(1+POWER((((N20*24*60) / (M20*24*60) )),2))) + ((M20*24*60 )*-0.1 + (K20*0.015)) +1,(((M20*24*60)/2)*(1+POWER((((N20*24*60) / (M20*24*60 ))),2)))),""),"") | Q20: =IF(AND(O20<>"",L20<>""),IF(A20<>A21,((L20*24*60) / 2 ) * (1 + POWER(((O20*24*60) / (L20*24*60)),2)),""),"") | R20: =IF(Q20<>"",MAX(P20,Q20),"") | S20: =IF(I20<>"H. Sale Real",IF(AND(I21<>"",LEFT(C21,2)<>"NC"),IF(AND(I20<>"",LEFT(C20,2)<>"NC",I20<>"H. Sale Real"),IF(I21-I20<0.208333333333333,I21-I20,""),IF(AND(I19<>"",LEFT(C19,2)<>"NC",I19<>"H. Sale Real"),IF(I21-I19<0.208333333333333,I21-I19,""),IF(AND(I18<>"",LEFT(C18,2)<>"NC",I18<>"H. Sale Real"),IF(I21-I18<0.208333333333333,I21-I18,""),IF(AND(I17<>"",LEFT(C17,2)<>"NC",I17<>"H. Sale Real"),IF(I21-I17<0.208333333333333,I21-I17,""),IF(AND(I16<>"",LEFT(C16,2)<>"NC",I16<>"H. Sale Real"),IF(I21-I16<0.208333333333333,I21-I16,""),""))))),""),"") | T20: =IF(G20<>"H. Sale Real",IF(AND(G21<>"",LEFT(C21,2)<>"NC"),IF(AND(G20<>"",LEFT(C20,2)<>"NC",G20<>"H. Sale Real"),IF(G21-G20<0.208333333333333,G21-G20,""),IF(AND(G19<>"",LEFT(C19,2)<>"NC",G19<>"H. Sale Real"),IF(G21-G19<0.208333333333333,G21-G19,""),IF(AND(G18<>"",LEFT(C18,2)<>"NC",G18<>"H. Sale Real"),IF(G21-G18<0.208333333333333,G21-G18,""),IF(AND(G17<>"",LEFT(C17,2)<>"NC",G17<>"H. Sale Real"),IF(G21-G17<0.208333333333333,G21-G17,""),IF(AND(G16<>"",LEFT(C16,2)<>"NC",G16<>"H. Sale Real"),IF(G21-G16<0.208333333333333,G21-G16,""),""))))),""),"") | U20: 0.17847222 | W20: =IF(G20<>"",IF(AND(W19<>"IE",P20<>0,R20<>""),IF(IFERROR((P20/R20),0) <=1,IFERROR(P20/R20,""),1),""),"") | AB20: =HOUR(AH20)+1 -> 1 | AI20: =IF(AJ20="","",IF(AND((AJ20-AH20)>=TIME(0,0,0),(AJ20-AH20)<TIME(0,3,0)),"OK",IF(AND((AJ20-AH20)>=TIME(0,3,0),(AJ20-AH20)<TIME(0,5,0)),"RETRASO DE 3-5 MIN",IF(AND((AJ20-AH20)>=TIME(0,5,0),(AJ20-AH20)<TIME(0,10,0)),"RETRASO DE 5-10 MIN",IF((AJ20-AH20)>=TIME(0,10,0),"RETRASO >10 MIN", IF(AND((AH20-AJ20)>=TIME(0,0,0),(AH20-AJ20)<TIME(0,3,0)),"OK",IF((AH20-AJ20)>=TIME(0,3,0),"ADELANTADO"))))))) | AK20: =IF(AB20<>"",HLOOKUP(VALUE(TEXT(AH20,"h:mm:ss")),IF($C$6="Laboral",$FT$4:$GR$227,IF($C$6="Sábado",$FT$231:$GR$452,$FT$456:$GR$656)),VLOOKUP($C$4,$GZ$2:$HB$99,3,0)+IF(AD$5="Ida",0,1),1),"") -> #N/A | AL20: =IF(AB21<>AB20,AVERAGEIF(AB$9:AB20,AB20,AK$9:AK20),"") | AM20: =IFERROR(IF(AB21<>AB20,AVERAGEIF(AB$9:AB20,AB20,AT$9:AT20),""),"") | AN20: =IFERROR(IF(AB21<>AB20,AVERAGEIF(AB$9:AB20,AB20,AU$9:AU20),""),"") | AO20: {=IFERROR(IF(AB21<>AB20,_xlfn.STDEV.P(IF(AB$9:AB20=AB20,AU$9:AU20)),""),"")} | AP20: {=IFERROR(IF(AB21<>AB20,_xlfn.STDEV.P(IF(AB$9:AB20=AB20,AT$9:AT20)),""),"")} | AQ20: =IFERROR(IF(AB20<>AB21,MAX((((AN20*24*60)/2)*(1+POWER((((AO20*24*60) / (AN20*24*60) )),2))) + ((AN20*24*60 )*-0.1 + (AL20*0.015)) +1,(((AN20*24*60)/2)*(1+POWER((((AO20*24*60) / (AN20*24*60 ))),2)))),""),"") | AR20: =IF(AND(AP20<>"",AM20<>""),IF(AB20<>AB21,((AM20*24*60) / 2 ) * (1 + POWER(((AP20*24*60) / (AM20*24*60)),2)),""),"") | AS20: =IF(AR20<>"",MAX(AQ20,AR20),"") | AT20: =IF(AJ20<>"H. Sale Real",IF(AND(AJ21<>"",LEFT(AD21,2)<>"NC"),IF(AND(AJ20<>"",LEFT(AD20,2)<>"NC",AJ20<>"H. Sale Real"),IF(AJ21-AJ20<0.208333333333333,AJ21-AJ20,""),IF(AND(AJ19<>"",LEFT(AD19,2)<>"NC",AJ19<>"H. Sale Real"),IF(AJ21-AJ19<0.208333333333333,AJ21-AJ19,""),IF(AND(AJ18<>"",LEFT(AD18,2)<>"NC",AJ18<>"H. Sale Real"),IF(AJ21-AJ18<0.208333333333333,AJ21-AJ18,""),IF(AND(AJ17<>"",LEFT(AD17,2)<>"NC",AJ17<>"H. Sale Real"),IF(AJ21-AJ17<0.208333333333333,AJ21-AJ17,""),IF(AND(AJ16<>"",LEFT(AD16,2)<>"NC",AJ16<>"H. Sale Real"),IF(AJ21-AJ16<0.208333333333333,AJ21-AJ16,""),""))))),""),"") | AU20: =IF(AH20<>"H. Sale Real",IF(AND(AH21<>"",LEFT(AD21,2)<>"NC"),IF(AND(AH20<>"",LEFT(AD20,2)<>"NC",AH20<>"H. Sale Real"),IF(AH21-AH20<0.208333333333333,AH21-AH20,""),IF(AND(AH19<>"",LEFT(AD19,2)<>"NC",AH19<>"H. Sale Real"),IF(AH21-AH19<0.208333333333333,AH21-AH19,""),IF(AND(AH18<>"",LEFT(AD18,2)<>"NC",AH18<>"H. Sale Real"),IF(AH21-AH18<0.208333333333333,AH21-AH18,""),IF(AND(AH17<>"",LEFT(AD17,2)<>"NC",AH17<>"H. Sale Real"),IF(AH21-AH17<0.208333333333333,AH21-AH17,""),IF(AND(AH16<>"",LEFT(AD16,2)<>"NC",AH16<>"H. Sale Real"),IF(AH21-AH16<0.208333333333333,AH21-AH16,""),""))))),""),"") | AX20: =IF(AH20<>"",IF(AND(AX19<>"IE",AQ20<>0,AS20<>""),IF(IFERROR((AQ20/AS20),0) <=1,IFERROR(AQ20/AS20,""),1),""),"") | BC20: 8 | BD20: =COUNTIFS($A:$A,$BC20,$C:$C,$BC$11) -> 0 | BE20: =BD20-COUNTIFS($A:$A,$BC20,$C:$C,$BC$11,$H:$H,"") -> 0 | BF20: =IFERROR((BE20/BD20),"") | BG20: =_xlfn.XLOOKUP(BC20,$A:$A,$R:$R,"0",0,-1) -> 0 | BH20: =_xlfn.XLOOKUP(BC20,$A:$A,$P:$P,"0",0,-1) -> 0 | BI20: =_xlfn.XLOOKUP(BC20,$A:$A,$W:$W,"",0,-1) | BL20: 8 | BM20: =COUNTIFS($AB:$AB,$BL20,$AD:$AD,$BL$11) -> 0 | BN20: =BM20-COUNTIFS($AB:$AB,$BL20,$AD:$AD,$BL$11,$AI:$AI,"") -> 0 | BO20: =IFERROR((BN20/BM20),"") | BP20: =_xlfn.XLOOKUP(BL20,$AB:$AB,$AS:$AS,"0",0,-1) -> 0 | BQ20: =_xlfn.XLOOKUP(BL20,$AB:$AB,$AQ:$AQ,"0",0,-1) -> 0 | BR20: =_xlfn.XLOOKUP(BL20,$AB:$AB,$AX:$AX,"",0,-1) | EW20: Diccionario 1 | EX20: 1017 | EY20: D8482519K2PL | EZ20: YV3T7U522KA195351 | FA20: Volvo | FB20: B8R | FC20: MARCOPOLO | FD20: TORINO | FE20: 2019 | FF20: B2PAL | FG20: LOS LIBERTADORES | FH20: Los Liberadores 6450, Lote 4A | FI20: Huechuraba | FJ20: B | FM20: 3005 / SFWZ-39| | FN20: SFWZ-39| | FO20: SFWZ-39 | FP20: =VLOOKUP(FO20,EX:FF,9,0) -> B | FT20: B16 | FU20: 0 | FV20: 0 | FW20: 0 | FX20: 0 | FY20: 0 | FZ20: 24.86 | GA20: 18.845 | GB20: 13.46 | GC20: 16.78 | GD20: 18.18 | GE20: 18.21 | GF20: 18.44 | GG20: 18.355 | GH20: 18.035 | GI20: 17.52 | GJ20: 16.245 | GK20: 14.92 | GL20: 13.635 | GM20: 13.735 | GN20: 15.735 | GO20: 19.16 | GP20: 20.955 | GQ20: 22.95 | GR20: 25.495 | GU20: 17 | GV20: 14 | GY20: U9 | GZ20: B29 | HA20: B29 | HB20: 32 | HF20: AlfaU9 | HG20: B29 | HH20: El Retiro | HI20: 829
A21: =HOUR(G21)+1 -> 1 | D21: =IFERROR( IF(AND(OR(Planilla!B21="C",Planilla!B21="c"), VLOOKUP(E21,EX:FJ,13,0)="C"), "OK",IF(AND(OR(Planilla!B21="C",Planilla!B21="c"), OR(VLOOKUP(E21,EX:FJ,13,0)="B", VLOOKUP(E21,EX:FJ,13,0)="A")), "DEFICIT",IF( AND(OR(Planilla!B21="B", Planilla!B21="BPAL"), VLOOKUP(E21,EX:FJ,13,0)="B"), "OK",IF(AND(OR(Planilla!B21="B", Planilla!B21="BPAL"), VLOOKUP(E21,EX:FJ,13,0)="A"), "DEFICIT",IF(AND(OR(Planilla!B21="B", Planilla!B21="BPAL"), VLOOKUP(E21,EX:FJ,13,0)="C"), "SOBREOFERTA",IF(AND(Planilla!B21="A", VLOOKUP(E21,EX:FJ,13,0)="A"), "OK",IF( AND(Planilla!B21="A", OR(VLOOKUP(E21,EX:FJ,13,0)="B", VLOOKUP(E21,EX:FJ,13,0)="C")), "SOBREOFERTA","" ))))))),"") | H21: =IF(I21="","",IF(AND((I21-G21)>=TIME(0,0,0),(I21-G21)<TIME(0,3,0)),"OK",IF(AND((I21-G21)>=TIME(0,3,0),(I21-G21)<TIME(0,5,0)),"RETRASO DE 3-5 MIN",IF(AND((I21-G21)>=TIME(0,5,0),(I21-G21)<TIME(0,10,0)),"RETRASO DE 5-10 MIN",IF((I21-G21)>=TIME(0,10,0),"RETRASO >10 MIN", IF(AND((G21-I21)>=TIME(0,0,0),(G21-I21)<TIME(0,3,0)),"OK",IF((G21-I21)>=TIME(0,3,0),"ADELANTADO"))))))) | J21: =IF(A21<>"",HLOOKUP(VALUE(TEXT(G21,"h:mm:ss")),IF($C$6="Laboral",$FT$4:$GR$227,IF($C$6="Sábado",$FT$231:$GR$452,$FT$456:$GR$656)),VLOOKUP($C$4,$GZ$2:$HB$99,3,0)+IF(C$5="Ida",0,1),1),"") -> #N/A | K21: =IF(A22<>A21,AVERAGEIF(A$9:A21,A21,J$9:J21),"") | L21: =IFERROR(IF(A22<>A21,AVERAGEIF(A$9:A21,A21,S$9:S21),""),"") | M21: =IFERROR(IF(A22<>A21,AVERAGEIF(A$9:A21,A21,T$9:T21),""),"") | N21: {=IFERROR(IF(A22<>A21,_xlfn.STDEV.P(IF(A$9:A21=A21,T$9:T21)),""),"")} | O21: {=IFERROR(IF(A22<>A21,_xlfn.STDEV.P(IF(A$9:A21=A21,S$9:S21)),""),"")} | P21: =IFERROR(IF(A21<>A22,MAX((((M21*24*60)/2)*(1+POWER((((N21*24*60) / (M21*24*60) )),2))) + ((M21*24*60 )*-0.1 + (K21*0.015)) +1,(((M21*24*60)/2)*(1+POWER((((N21*24*60) / (M21*24*60 ))),2)))),""),"") | Q21: =IF(AND(O21<>"",L21<>""),IF(A21<>A22,((L21*24*60) / 2 ) * (1 + POWER(((O21*24*60) / (L21*24*60)),2)),""),"") | R21: =IF(Q21<>"",MAX(P21,Q21),"") | S21: =IF(I21<>"H. Sale Real",IF(AND(I22<>"",LEFT(C22,2)<>"NC"),IF(AND(I21<>"",LEFT(C21,2)<>"NC",I21<>"H. Sale Real"),IF(I22-I21<0.208333333333333,I22-I21,""),IF(AND(I20<>"",LEFT(C20,2)<>"NC",I20<>"H. Sale Real"),IF(I22-I20<0.208333333333333,I22-I20,""),IF(AND(I19<>"",LEFT(C19,2)<>"NC",I19<>"H. Sale Real"),IF(I22-I19<0.208333333333333,I22-I19,""),IF(AND(I18<>"",LEFT(C18,2)<>"NC",I18<>"H. Sale Real"),IF(I22-I18<0.208333333333333,I22-I18,""),IF(AND(I17<>"",LEFT(C17,2)<>"NC",I17<>"H. Sale Real"),IF(I22-I17<0.208333333333333,I22-I17,""),""))))),""),"") | T21: =IF(G21<>"H. Sale Real",IF(AND(G22<>"",LEFT(C22,2)<>"NC"),IF(AND(G21<>"",LEFT(C21,2)<>"NC",G21<>"H. Sale Real"),IF(G22-G21<0.208333333333333,G22-G21,""),IF(AND(G20<>"",LEFT(C20,2)<>"NC",G20<>"H. Sale Real"),IF(G22-G20<0.208333333333333,G22-G20,""),IF(AND(G19<>"",LEFT(C19,2)<>"NC",G19<>"H. Sale Real"),IF(G22-G19<0.208333333333333,G22-G19,""),IF(AND(G18<>"",LEFT(C18,2)<>"NC",G18<>"H. Sale Real"),IF(G22-G18<0.208333333333333,G22-G18,""),IF(AND(G17<>"",LEFT(C17,2)<>"NC",G17<>"H. Sale Real"),IF(G22-G17<0.208333333333333,G22-G17,""),""))))),""),"") | U21: 0.20069444 | W21: =IF(G21<>"",IF(AND(W20<>"IE",P21<>0,R21<>""),IF(IFERROR((P21/R21),0) <=1,IFERROR(P21/R21,""),1),""),"") | AB21: =HOUR(AH21)+1 -> 1 | AI21: =IF(AJ21="","",IF(AND((AJ21-AH21)>=TIME(0,0,0),(AJ21-AH21)<TIME(0,3,0)),"OK",IF(AND((AJ21-AH21)>=TIME(0,3,0),(AJ21-AH21)<TIME(0,5,0)),"RETRASO DE 3-5 MIN",IF(AND((AJ21-AH21)>=TIME(0,5,0),(AJ21-AH21)<TIME(0,10,0)),"RETRASO DE 5-10 MIN",IF((AJ21-AH21)>=TIME(0,10,0),"RETRASO >10 MIN", IF(AND((AH21-AJ21)>=TIME(0,0,0),(AH21-AJ21)<TIME(0,3,0)),"OK",IF((AH21-AJ21)>=TIME(0,3,0),"ADELANTADO"))))))) | AK21: =IF(AB21<>"",HLOOKUP(VALUE(TEXT(AH21,"h:mm:ss")),IF($C$6="Laboral",$FT$4:$GR$227,IF($C$6="Sábado",$FT$231:$GR$452,$FT$456:$GR$656)),VLOOKUP($C$4,$GZ$2:$HB$99,3,0)+IF(AD$5="Ida",0,1),1),"") -> #N/A | AL21: =IF(AB22<>AB21,AVERAGEIF(AB$9:AB21,AB21,AK$9:AK21),"") | AM21: =IFERROR(IF(AB22<>AB21,AVERAGEIF(AB$9:AB21,AB21,AT$9:AT21),""),"") | AN21: =IFERROR(IF(AB22<>AB21,AVERAGEIF(AB$9:AB21,AB21,AU$9:AU21),""),"") | AO21: {=IFERROR(IF(AB22<>AB21,_xlfn.STDEV.P(IF(AB$9:AB21=AB21,AU$9:AU21)),""),"")} | AP21: {=IFERROR(IF(AB22<>AB21,_xlfn.STDEV.P(IF(AB$9:AB21=AB21,AT$9:AT21)),""),"")} | AQ21: =IFERROR(IF(AB21<>AB22,MAX((((AN21*24*60)/2)*(1+POWER((((AO21*24*60) / (AN21*24*60) )),2))) + ((AN21*24*60 )*-0.1 + (AL21*0.015)) +1,(((AN21*24*60)/2)*(1+POWER((((AO21*24*60) / (AN21*24*60 ))),2)))),""),"") | AR21: =IF(AND(AP21<>"",AM21<>""),IF(AB21<>AB22,((AM21*24*60) / 2 ) * (1 + POWER(((AP21*24*60) / (AM21*24*60)),2)),""),"") | AS21: =IF(AR21<>"",MAX(AQ21,AR21),"") | AT21: =IF(AJ21<>"H. Sale Real",IF(AND(AJ22<>"",LEFT(AD22,2)<>"NC"),IF(AND(AJ21<>"",LEFT(AD21,2)<>"NC",AJ21<>"H. Sale Real"),IF(AJ22-AJ21<0.208333333333333,AJ22-AJ21,""),IF(AND(AJ20<>"",LEFT(AD20,2)<>"NC",AJ20<>"H. Sale Real"),IF(AJ22-AJ20<0.208333333333333,AJ22-AJ20,""),IF(AND(AJ19<>"",LEFT(AD19,2)<>"NC",AJ19<>"H. Sale Real"),IF(AJ22-AJ19<0.208333333333333,AJ22-AJ19,""),IF(AND(AJ18<>"",LEFT(AD18,2)<>"NC",AJ18<>"H. Sale Real"),IF(AJ22-AJ18<0.208333333333333,AJ22-AJ18,""),IF(AND(AJ17<>"",LEFT(AD17,2)<>"NC",AJ17<>"H. Sale Real"),IF(AJ22-AJ17<0.208333333333333,AJ22-AJ17,""),""))))),""),"") | AU21: =IF(AH21<>"H. Sale Real",IF(AND(AH22<>"",LEFT(AD22,2)<>"NC"),IF(AND(AH21<>"",LEFT(AD21,2)<>"NC",AH21<>"H. Sale Real"),IF(AH22-AH21<0.208333333333333,AH22-AH21,""),IF(AND(AH20<>"",LEFT(AD20,2)<>"NC",AH20<>"H. Sale Real"),IF(AH22-AH20<0.208333333333333,AH22-AH20,""),IF(AND(AH19<>"",LEFT(AD19,2)<>"NC",AH19<>"H. Sale Real"),IF(AH22-AH19<0.208333333333333,AH22-AH19,""),IF(AND(AH18<>"",LEFT(AD18,2)<>"NC",AH18<>"H. Sale Real"),IF(AH22-AH18<0.208333333333333,AH22-AH18,""),IF(AND(AH17<>"",LEFT(AD17,2)<>"NC",AH17<>"H. Sale Real"),IF(AH22-AH17<0.208333333333333,AH22-AH17,""),""))))),""),"") | AX21: =IF(AH21<>"",IF(AND(AX20<>"IE",AQ21<>0,AS21<>""),IF(IFERROR((AQ21/AS21),0) <=1,IFERROR(AQ21/AS21,""),1),""),"") | BC21: 9 | BD21: =COUNTIFS($A:$A,$BC21,$C:$C,$BC$11) -> 0 | BE21: =BD21-COUNTIFS($A:$A,$BC21,$C:$C,$BC$11,$H:$H,"") -> 0 | BF21: =IFERROR((BE21/BD21),"") | BG21: =_xlfn.XLOOKUP(BC21,$A:$A,$R:$R,"0",0,-1) -> 0 | BH21: =_xlfn.XLOOKUP(BC21,$A:$A,$P:$P,"0",0,-1) -> 0 | BI21: =_xlfn.XLOOKUP(BC21,$A:$A,$W:$W,"",0,-1) | BL21: 9 | BM21: =COUNTIFS($AB:$AB,$BL21,$AD:$AD,$BL$11) -> 0 | BN21: =BM21-COUNTIFS($AB:$AB,$BL21,$AD:$AD,$BL$11,$AI:$AI,"") -> 0 | BO21: =IFERROR((BN21/BM21),"") | BP21: =_xlfn.XLOOKUP(BL21,$AB:$AB,$AS:$AS,"0",0,-1) -> 0 | BQ21: =_xlfn.XLOOKUP(BL21,$AB:$AB,$AQ:$AQ,"0",0,-1) -> 0 | BR21: =_xlfn.XLOOKUP(BL21,$AB:$AB,$AX:$AX,"",0,-1) | EW21: Diccionario 1 | EX21: 1018 | EY21: D8482509K2PL | EZ21: YV3T7U524KA195352 | FA21: Volvo | FB21: B8R | FC21: MARCOPOLO | FD21: TORINO | FE21: 2019 | FF21: B2PAL | FG21: LOS LIBERTADORES | FH21: Los Liberadores 6450, Lote 4A | FI21: Huechuraba | FJ21: B | FM21: 3005 / SFWZ-39| | FN21: SFWZ-39| | FO21: SFWZ-39 | FP21: =VLOOKUP(FO21,EX:FF,9,0) -> B | FT21: B16 | FU21: 0 | FV21: 0 | FW21: 0 | FX21: 0 | FY21: 0 | FZ21: 13.945 | GA21: 22.27 | GB21: 14.425 | GC21: 16.58 | GD21: 17.49 | GE21: 17.9 | GF21: 17.81 | GG21: 17.285 | GH21: 16.465 | GI21: 16.53 | GJ21: 16.385 | GK21: 15.72 | GL21: 14.105 | GM21: 11.91 | GN21: 12.745 | GO21: 16.27 | GP21: 19.015 | GQ21: 22 | GR21: 25.2 | GU21: 18 | GV21: 15 | GY21: U9 | GZ21: B32 | HA21: B32 | HB21: 34 | HF21: AlfaU9 | HG21: B32 | HH21: Santa Marta | HI21: 832
A22: =HOUR(G22)+1 -> 1 | D22: =IFERROR( IF(AND(OR(Planilla!B22="C",Planilla!B22="c"), VLOOKUP(E22,EX:FJ,13,0)="C"), "OK",IF(AND(OR(Planilla!B22="C",Planilla!B22="c"), OR(VLOOKUP(E22,EX:FJ,13,0)="B", VLOOKUP(E22,EX:FJ,13,0)="A")), "DEFICIT",IF( AND(OR(Planilla!B22="B", Planilla!B22="BPAL"), VLOOKUP(E22,EX:FJ,13,0)="B"), "OK",IF(AND(OR(Planilla!B22="B", Planilla!B22="BPAL"), VLOOKUP(E22,EX:FJ,13,0)="A"), "DEFICIT",IF(AND(OR(Planilla!B22="B", Planilla!B22="BPAL"), VLOOKUP(E22,EX:FJ,13,0)="C"), "SOBREOFERTA",IF(AND(Planilla!B22="A", VLOOKUP(E22,EX:FJ,13,0)="A"), "OK",IF( AND(Planilla!B22="A", OR(VLOOKUP(E22,EX:FJ,13,0)="B", VLOOKUP(E22,EX:FJ,13,0)="C")), "SOBREOFERTA","" ))))))),"") | H22: =IF(I22="","",IF(AND((I22-G22)>=TIME(0,0,0),(I22-G22)<TIME(0,3,0)),"OK",IF(AND((I22-G22)>=TIME(0,3,0),(I22-G22)<TIME(0,5,0)),"RETRASO DE 3-5 MIN",IF(AND((I22-G22)>=TIME(0,5,0),(I22-G22)<TIME(0,10,0)),"RETRASO DE 5-10 MIN",IF((I22-G22)>=TIME(0,10,0),"RETRASO >10 MIN", IF(AND((G22-I22)>=TIME(0,0,0),(G22-I22)<TIME(0,3,0)),"OK",IF((G22-I22)>=TIME(0,3,0),"ADELANTADO"))))))) | J22: =IF(A22<>"",HLOOKUP(VALUE(TEXT(G22,"h:mm:ss")),IF($C$6="Laboral",$FT$4:$GR$227,IF($C$6="Sábado",$FT$231:$GR$452,$FT$456:$GR$656)),VLOOKUP($C$4,$GZ$2:$HB$99,3,0)+IF(C$5="Ida",0,1),1),"") -> #N/A | K22: =IF(A23<>A22,AVERAGEIF(A$9:A22,A22,J$9:J22),"") | L22: =IFERROR(IF(A23<>A22,AVERAGEIF(A$9:A22,A22,S$9:S22),""),"") | M22: =IFERROR(IF(A23<>A22,AVERAGEIF(A$9:A22,A22,T$9:T22),""),"") | N22: {=IFERROR(IF(A23<>A22,_xlfn.STDEV.P(IF(A$9:A22=A22,T$9:T22)),""),"")} | O22: {=IFERROR(IF(A23<>A22,_xlfn.STDEV.P(IF(A$9:A22=A22,S$9:S22)),""),"")} | P22: =IFERROR(IF(A22<>A23,MAX((((M22*24*60)/2)*(1+POWER((((N22*24*60) / (M22*24*60) )),2))) + ((M22*24*60 )*-0.1 + (K22*0.015)) +1,(((M22*24*60)/2)*(1+POWER((((N22*24*60) / (M22*24*60 ))),2)))),""),"") | Q22: =IF(AND(O22<>"",L22<>""),IF(A22<>A23,((L22*24*60) / 2 ) * (1 + POWER(((O22*24*60) / (L22*24*60)),2)),""),"") | R22: =IF(Q22<>"",MAX(P22,Q22),"") | S22: =IF(I22<>"H. Sale Real",IF(AND(I23<>"",LEFT(C23,2)<>"NC"),IF(AND(I22<>"",LEFT(C22,2)<>"NC",I22<>"H. Sale Real"),IF(I23-I22<0.208333333333333,I23-I22,""),IF(AND(I21<>"",LEFT(C21,2)<>"NC",I21<>"H. Sale Real"),IF(I23-I21<0.208333333333333,I23-I21,""),IF(AND(I20<>"",LEFT(C20,2)<>"NC",I20<>"H. Sale Real"),IF(I23-I20<0.208333333333333,I23-I20,""),IF(AND(I19<>"",LEFT(C19,2)<>"NC",I19<>"H. Sale Real"),IF(I23-I19<0.208333333333333,I23-I19,""),IF(AND(I18<>"",LEFT(C18,2)<>"NC",I18<>"H. Sale Real"),IF(I23-I18<0.208333333333333,I23-I18,""),""))))),""),"") | T22: =IF(G22<>"H. Sale Real",IF(AND(G23<>"",LEFT(C23,2)<>"NC"),IF(AND(G22<>"",LEFT(C22,2)<>"NC",G22<>"H. Sale Real"),IF(G23-G22<0.208333333333333,G23-G22,""),IF(AND(G21<>"",LEFT(C21,2)<>"NC",G21<>"H. Sale Real"),IF(G23-G21<0.208333333333333,G23-G21,""),IF(AND(G20<>"",LEFT(C20,2)<>"NC",G20<>"H. Sale Real"),IF(G23-G20<0.208333333333333,G23-G20,""),IF(AND(G19<>"",LEFT(C19,2)<>"NC",G19<>"H. Sale Real"),IF(G23-G19<0.208333333333333,G23-G19,""),IF(AND(G18<>"",LEFT(C18,2)<>"NC",G18<>"H. Sale Real"),IF(G23-G18<0.208333333333333,G23-G18,""),""))))),""),"") | U22: 0.21111111 | W22: =IF(G22<>"",IF(AND(W21<>"IE",P22<>0,R22<>""),IF(IFERROR((P22/R22),0) <=1,IFERROR(P22/R22,""),1),""),"") | AB22: =HOUR(AH22)+1 -> 1 | AI22: =IF(AJ22="","",IF(AND((AJ22-AH22)>=TIME(0,0,0),(AJ22-AH22)<TIME(0,3,0)),"OK",IF(AND((AJ22-AH22)>=TIME(0,3,0),(AJ22-AH22)<TIME(0,5,0)),"RETRASO DE 3-5 MIN",IF(AND((AJ22-AH22)>=TIME(0,5,0),(AJ22-AH22)<TIME(0,10,0)),"RETRASO DE 5-10 MIN",IF((AJ22-AH22)>=TIME(0,10,0),"RETRASO >10 MIN", IF(AND((AH22-AJ22)>=TIME(0,0,0),(AH22-AJ22)<TIME(0,3,0)),"OK",IF((AH22-AJ22)>=TIME(0,3,0),"ADELANTADO"))))))) | AK22: =IF(AB22<>"",HLOOKUP(VALUE(TEXT(AH22,"h:mm:ss")),IF($C$6="Laboral",$FT$4:$GR$227,IF($C$6="Sábado",$FT$231:$GR$452,$FT$456:$GR$656)),VLOOKUP($C$4,$GZ$2:$HB$99,3,0)+IF(AD$5="Ida",0,1),1),"") -> #N/A | AL22: =IF(AB23<>AB22,AVERAGEIF(AB$9:AB22,AB22,AK$9:AK22),"") | AM22: =IFERROR(IF(AB23<>AB22,AVERAGEIF(AB$9:AB22,AB22,AT$9:AT22),""),"") | AN22: =IFERROR(IF(AB23<>AB22,AVERAGEIF(AB$9:AB22,AB22,AU$9:AU22),""),"") | AO22: {=IFERROR(IF(AB23<>AB22,_xlfn.STDEV.P(IF(AB$9:AB22=AB22,AU$9:AU22)),""),"")} | AP22: {=IFERROR(IF(AB23<>AB22,_xlfn.STDEV.P(IF(AB$9:AB22=AB22,AT$9:AT22)),""),"")} | AQ22: =IFERROR(IF(AB22<>AB23,MAX((((AN22*24*60)/2)*(1+POWER((((AO22*24*60) / (AN22*24*60) )),2))) + ((AN22*24*60 )*-0.1 + (AL22*0.015)) +1,(((AN22*24*60)/2)*(1+POWER((((AO22*24*60) / (AN22*24*60 ))),2)))),""),"") | AR22: =IF(AND(AP22<>"",AM22<>""),IF(AB22<>AB23,((AM22*24*60) / 2 ) * (1 + POWER(((AP22*24*60) / (AM22*24*60)),2)),""),"") | AS22: =IF(AR22<>"",MAX(AQ22,AR22),"") | AT22: =IF(AJ22<>"H. Sale Real",IF(AND(AJ23<>"",LEFT(AD23,2)<>"NC"),IF(AND(AJ22<>"",LEFT(AD22,2)<>"NC",AJ22<>"H. Sale Real"),IF(AJ23-AJ22<0.208333333333333,AJ23-AJ22,""),IF(AND(AJ21<>"",LEFT(AD21,2)<>"NC",AJ21<>"H. Sale Real"),IF(AJ23-AJ21<0.208333333333333,AJ23-AJ21,""),IF(AND(AJ20<>"",LEFT(AD20,2)<>"NC",AJ20<>"H. Sale Real"),IF(AJ23-AJ20<0.208333333333333,AJ23-AJ20,""),IF(AND(AJ19<>"",LEFT(AD19,2)<>"NC",AJ19<>"H. Sale Real"),IF(AJ23-AJ19<0.208333333333333,AJ23-AJ19,""),IF(AND(AJ18<>"",LEFT(AD18,2)<>"NC",AJ18<>"H. Sale Real"),IF(AJ23-AJ18<0.208333333333333,AJ23-AJ18,""),""))))),""),"") | AU22: =IF(AH22<>"H. Sale Real",IF(AND(AH23<>"",LEFT(AD23,2)<>"NC"),IF(AND(AH22<>"",LEFT(AD22,2)<>"NC",AH22<>"H. Sale Real"),IF(AH23-AH22<0.208333333333333,AH23-AH22,""),IF(AND(AH21<>"",LEFT(AD21,2)<>"NC",AH21<>"H. Sale Real"),IF(AH23-AH21<0.208333333333333,AH23-AH21,""),IF(AND(AH20<>"",LEFT(AD20,2)<>"NC",AH20<>"H. Sale Real"),IF(AH23-AH20<0.208333333333333,AH23-AH20,""),IF(AND(AH19<>"",LEFT(AD19,2)<>"NC",AH19<>"H. Sale Real"),IF(AH23-AH19<0.208333333333333,AH23-AH19,""),IF(AND(AH18<>"",LEFT(AD18,2)<>"NC",AH18<>"H. Sale Real"),IF(AH23-AH18<0.208333333333333,AH23-AH18,""),""))))),""),"") | AX22: =IF(AH22<>"",IF(AND(AX21<>"IE",AQ22<>0,AS22<>""),IF(IFERROR((AQ22/AS22),0) <=1,IFERROR(AQ22/AS22,""),1),""),"") | BC22: 10 | BD22: =COUNTIFS($A:$A,$BC22,$C:$C,$BC$11) -> 0 | BE22: =BD22-COUNTIFS($A:$A,$BC22,$C:$C,$BC$11,$H:$H,"") -> 0 | BF22: =IFERROR((BE22/BD22),"") | BG22: =_xlfn.XLOOKUP(BC22,$A:$A,$R:$R,"0",0,-1) -> 0 | BH22: =_xlfn.XLOOKUP(BC22,$A:$A,$P:$P,"0",0,-1) -> 0 | BI22: =_xlfn.XLOOKUP(BC22,$A:$A,$W:$W,"",0,-1) | BL22: 10 | BM22: =COUNTIFS($AB:$AB,$BL22,$AD:$AD,$BL$11) -> 0 | BN22: =BM22-COUNTIFS($AB:$AB,$BL22,$AD:$AD,$BL$11,$AI:$AI,"") -> 0 | BO22: =IFERROR((BN22/BM22),"") | BP22: =_xlfn.XLOOKUP(BL22,$AB:$AB,$AS:$AS,"0",0,-1) -> 0 | BQ22: =_xlfn.XLOOKUP(BL22,$AB:$AB,$AQ:$AQ,"0",0,-1) -> 0 | BR22: =_xlfn.XLOOKUP(BL22,$AB:$AB,$AX:$AX,"",0,-1) | EW22: Diccionario 1 | EX22: 1019 | EY22: D8478282K2PL | EZ22: YV3T7U526KA195143 | FA22: Volvo | FB22: B8R | FC22: MARCOPOLO | FD22: TORINO | FE22: 2019 | FF22: B2PAL | FG22: LOS LIBERTADORES | FH22: Los Liberadores 6450, Lote 4A | FI22: Huechuraba | FJ22: B | FM22: 3006 / SFVZ-94| | FN22: SFVZ-94| | FO22: SFVZ-94 | FP22: =VLOOKUP(FO22,EX:FF,9,0) -> B | FT22: B17 | FU22: 0 | FV22: 0 | FW22: 0 | FX22: 0 | FY22: 0 | FZ22: 19.515 | GA22: 15.71 | GB22: 13.255 | GC22: 14.735 | GD22: 15.74 | GE22: 15.465 | GF22: 15.135 | GG22: 15.295 | GH22: 15.625 | GI22: 15.64 | GJ22: 15.085 | GK22: 14.175 | GL22: 13.67 | GM22: 14.765 | GN22: 16.58 | GO22: 18.86 | GP22: 20.13 | GQ22: 21.71 | GR22: 23.565 | GU22: 19 | GV22: 16 | GY22: U9 | GZ22: B36 | HA22: B36 | HB22: 35 | HF22: AlfaU9 | HG22: B36 | HH22: Santa Marta | HI22: 836
A23: =HOUR(G23)+1 -> 1 | D23: =IFERROR( IF(AND(OR(Planilla!B23="C",Planilla!B23="c"), VLOOKUP(E23,EX:FJ,13,0)="C"), "OK",IF(AND(OR(Planilla!B23="C",Planilla!B23="c"), OR(VLOOKUP(E23,EX:FJ,13,0)="B", VLOOKUP(E23,EX:FJ,13,0)="A")), "DEFICIT",IF( AND(OR(Planilla!B23="B", Planilla!B23="BPAL"), VLOOKUP(E23,EX:FJ,13,0)="B"), "OK",IF(AND(OR(Planilla!B23="B", Planilla!B23="BPAL"), VLOOKUP(E23,EX:FJ,13,0)="A"), "DEFICIT",IF(AND(OR(Planilla!B23="B", Planilla!B23="BPAL"), VLOOKUP(E23,EX:FJ,13,0)="C"), "SOBREOFERTA",IF(AND(Planilla!B23="A", VLOOKUP(E23,EX:FJ,13,0)="A"), "OK",IF( AND(Planilla!B23="A", OR(VLOOKUP(E23,EX:FJ,13,0)="B", VLOOKUP(E23,EX:FJ,13,0)="C")), "SOBREOFERTA","" ))))))),"") | H23: =IF(I23="","",IF(AND((I23-G23)>=TIME(0,0,0),(I23-G23)<TIME(0,3,0)),"OK",IF(AND((I23-G23)>=TIME(0,3,0),(I23-G23)<TIME(0,5,0)),"RETRASO DE 3-5 MIN",IF(AND((I23-G23)>=TIME(0,5,0),(I23-G23)<TIME(0,10,0)),"RETRASO DE 5-10 MIN",IF((I23-G23)>=TIME(0,10,0),"RETRASO >10 MIN", IF(AND((G23-I23)>=TIME(0,0,0),(G23-I23)<TIME(0,3,0)),"OK",IF((G23-I23)>=TIME(0,3,0),"ADELANTADO"))))))) | J23: =IF(A23<>"",HLOOKUP(VALUE(TEXT(G23,"h:mm:ss")),IF($C$6="Laboral",$FT$4:$GR$227,IF($C$6="Sábado",$FT$231:$GR$452,$FT$456:$GR$656)),VLOOKUP($C$4,$GZ$2:$HB$99,3,0)+IF(C$5="Ida",0,1),1),"") -> #N/A | K23: =IF(A24<>A23,AVERAGEIF(A$9:A23,A23,J$9:J23),"") | L23: =IFERROR(IF(A24<>A23,AVERAGEIF(A$9:A23,A23,S$9:S23),""),"") | M23: =IFERROR(IF(A24<>A23,AVERAGEIF(A$9:A23,A23,T$9:T23),""),"") | N23: {=IFERROR(IF(A24<>A23,_xlfn.STDEV.P(IF(A$9:A23=A23,T$9:T23)),""),"")} | O23: {=IFERROR(IF(A24<>A23,_xlfn.STDEV.P(IF(A$9:A23=A23,S$9:S23)),""),"")} | P23: =IFERROR(IF(A23<>A24,MAX((((M23*24*60)/2)*(1+POWER((((N23*24*60) / (M23*24*60) )),2))) + ((M23*24*60 )*-0.1 + (K23*0.015)) +1,(((M23*24*60)/2)*(1+POWER((((N23*24*60) / (M23*24*60 ))),2)))),""),"") | Q23: =IF(AND(O23<>"",L23<>""),IF(A23<>A24,((L23*24*60) / 2 ) * (1 + POWER(((O23*24*60) / (L23*24*60)),2)),""),"") | R23: =IF(Q23<>"",MAX(P23,Q23),"") | S23: =IF(I23<>"H. Sale Real",IF(AND(I24<>"",LEFT(C24,2)<>"NC"),IF(AND(I23<>"",LEFT(C23,2)<>"NC",I23<>"H. Sale Real"),IF(I24-I23<0.208333333333333,I24-I23,""),IF(AND(I22<>"",LEFT(C22,2)<>"NC",I22<>"H. Sale Real"),IF(I24-I22<0.208333333333333,I24-I22,""),IF(AND(I21<>"",LEFT(C21,2)<>"NC",I21<>"H. Sale Real"),IF(I24-I21<0.208333333333333,I24-I21,""),IF(AND(I20<>"",LEFT(C20,2)<>"NC",I20<>"H. Sale Real"),IF(I24-I20<0.208333333333333,I24-I20,""),IF(AND(I19<>"",LEFT(C19,2)<>"NC",I19<>"H. Sale Real"),IF(I24-I19<0.208333333333333,I24-I19,""),""))))),""),"") | T23: =IF(G23<>"H. Sale Real",IF(AND(G24<>"",LEFT(C24,2)<>"NC"),IF(AND(G23<>"",LEFT(C23,2)<>"NC",G23<>"H. Sale Real"),IF(G24-G23<0.208333333333333,G24-G23,""),IF(AND(G22<>"",LEFT(C22,2)<>"NC",G22<>"H. Sale Real"),IF(G24-G22<0.208333333333333,G24-G22,""),IF(AND(G21<>"",LEFT(C21,2)<>"NC",G21<>"H. Sale Real"),IF(G24-G21<0.208333333333333,G24-G21,""),IF(AND(G20<>"",LEFT(C20,2)<>"NC",G20<>"H. Sale Real"),IF(G24-G20<0.208333333333333,G24-G20,""),IF(AND(G19<>"",LEFT(C19,2)<>"NC",G19<>"H. Sale Real"),IF(G24-G19<0.208333333333333,G24-G19,""),""))))),""),"") | U23: 0.22569444 | W23: =IF(G23<>"",IF(AND(W22<>"IE",P23<>0,R23<>""),IF(IFERROR((P23/R23),0) <=1,IFERROR(P23/R23,""),1),""),"") | AB23: =HOUR(AH23)+1 -> 1 | AI23: =IF(AJ23="","",IF(AND((AJ23-AH23)>=TIME(0,0,0),(AJ23-AH23)<TIME(0,3,0)),"OK",IF(AND((AJ23-AH23)>=TIME(0,3,0),(AJ23-AH23)<TIME(0,5,0)),"RETRASO DE 3-5 MIN",IF(AND((AJ23-AH23)>=TIME(0,5,0),(AJ23-AH23)<TIME(0,10,0)),"RETRASO DE 5-10 MIN",IF((AJ23-AH23)>=TIME(0,10,0),"RETRASO >10 MIN", IF(AND((AH23-AJ23)>=TIME(0,0,0),(AH23-AJ23)<TIME(0,3,0)),"OK",IF((AH23-AJ23)>=TIME(0,3,0),"ADELANTADO"))))))) | AK23: =IF(AB23<>"",HLOOKUP(VALUE(TEXT(AH23,"h:mm:ss")),IF($C$6="Laboral",$FT$4:$GR$227,IF($C$6="Sábado",$FT$231:$GR$452,$FT$456:$GR$656)),VLOOKUP($C$4,$GZ$2:$HB$99,3,0)+IF(AD$5="Ida",0,1),1),"") -> #N/A | AL23: =IF(AB24<>AB23,AVERAGEIF(AB$9:AB23,AB23,AK$9:AK23),"") | AM23: =IFERROR(IF(AB24<>AB23,AVERAGEIF(AB$9:AB23,AB23,AT$9:AT23),""),"") | AN23: =IFERROR(IF(AB24<>AB23,AVERAGEIF(AB$9:AB23,AB23,AU$9:AU23),""),"") | AO23: {=IFERROR(IF(AB24<>AB23,_xlfn.STDEV.P(IF(AB$9:AB23=AB23,AU$9:AU23)),""),"")} | AP23: {=IFERROR(IF(AB24<>AB23,_xlfn.STDEV.P(IF(AB$9:AB23=AB23,AT$9:AT23)),""),"")} | AQ23: =IFERROR(IF(AB23<>AB24,MAX((((AN23*24*60)/2)*(1+POWER((((AO23*24*60) / (AN23*24*60) )),2))) + ((AN23*24*60 )*-0.1 + (AL23*0.015)) +1,(((AN23*24*60)/2)*(1+POWER((((AO23*24*60) / (AN23*24*60 ))),2)))),""),"") | AR23: =IF(AND(AP23<>"",AM23<>""),IF(AB23<>AB24,((AM23*24*60) / 2 ) * (1 + POWER(((AP23*24*60) / (AM23*24*60)),2)),""),"") | AS23: =IF(AR23<>"",MAX(AQ23,AR23),"") | AT23: =IF(AJ23<>"H. Sale Real",IF(AND(AJ24<>"",LEFT(AD24,2)<>"NC"),IF(AND(AJ23<>"",LEFT(AD23,2)<>"NC",AJ23<>"H. Sale Real"),IF(AJ24-AJ23<0.208333333333333,AJ24-AJ23,""),IF(AND(AJ22<>"",LEFT(AD22,2)<>"NC",AJ22<>"H. Sale Real"),IF(AJ24-AJ22<0.208333333333333,AJ24-AJ22,""),IF(AND(AJ21<>"",LEFT(AD21,2)<>"NC",AJ21<>"H. Sale Real"),IF(AJ24-AJ21<0.208333333333333,AJ24-AJ21,""),IF(AND(AJ20<>"",LEFT(AD20,2)<>"NC",AJ20<>"H. Sale Real"),IF(AJ24-AJ20<0.208333333333333,AJ24-AJ20,""),IF(AND(AJ19<>"",LEFT(AD19,2)<>"NC",AJ19<>"H. Sale Real"),IF(AJ24-AJ19<0.208333333333333,AJ24-AJ19,""),""))))),""),"") | AU23: =IF(AH23<>"H. Sale Real",IF(AND(AH24<>"",LEFT(AD24,2)<>"NC"),IF(AND(AH23<>"",LEFT(AD23,2)<>"NC",AH23<>"H. Sale Real"),IF(AH24-AH23<0.208333333333333,AH24-AH23,""),IF(AND(AH22<>"",LEFT(AD22,2)<>"NC",AH22<>"H. Sale Real"),IF(AH24-AH22<0.208333333333333,AH24-AH22,""),IF(AND(AH21<>"",LEFT(AD21,2)<>"NC",AH21<>"H. Sale Real"),IF(AH24-AH21<0.208333333333333,AH24-AH21,""),IF(AND(AH20<>"",LEFT(AD20,2)<>"NC",AH20<>"H. Sale Real"),IF(AH24-AH20<0.208333333333333,AH24-AH20,""),IF(AND(AH19<>"",LEFT(AD19,2)<>"NC",AH19<>"H. Sale Real"),IF(AH24-AH19<0.208333333333333,AH24-AH19,""),""))))),""),"") | AX23: =IF(AH23<>"",IF(AND(AX22<>"IE",AQ23<>0,AS23<>""),IF(IFERROR((AQ23/AS23),0) <=1,IFERROR(AQ23/AS23,""),1),""),"") | BC23: 11 | BD23: =COUNTIFS($A:$A,$BC23,$C:$C,$BC$11) -> 0 | BE23: =BD23-COUNTIFS($A:$A,$BC23,$C:$C,$BC$11,$H:$H,"") -> 0 | BF23: =IFERROR((BE23/BD23),"") | BG23: =_xlfn.XLOOKUP(BC23,$A:$A,$R:$R,"0",0,-1) -> 0 | BH23: =_xlfn.XLOOKUP(BC23,$A:$A,$P:$P,"0",0,-1) -> 0 | BI23: =_xlfn.XLOOKUP(BC23,$A:$A,$W:$W,"",0,-1) | BL23: 11 | BM23: =COUNTIFS($AB:$AB,$BL23,$AD:$AD,$BL$11) -> 0 | BN23: =BM23-COUNTIFS($AB:$AB,$BL23,$AD:$AD,$BL$11,$AI:$AI,"") -> 0 | BO23: =IFERROR((BN23/BM23),"") | BP23: =_xlfn.XLOOKUP(BL23,$AB:$AB,$AS:$AS,"0",0,-1) -> 0 | BQ23: =_xlfn.XLOOKUP(BL23,$AB:$AB,$AQ:$AQ,"0",0,-1) -> 0 | BR23: =_xlfn.XLOOKUP(BL23,$AB:$AB,$AX:$AX,"",0,-1) | EW23: Diccionario 1 | EX23: 1020 | EY23: D8482576K2PL | EZ23: YV3T7U523KA195357 | FA23: Volvo | FB23: B8R | FC23: MARCOPOLO | FD23: TORINO | FE23: 2019 | FF23: B2PAL | FG23: LOS LIBERTADORES | FH23: Los Liberadores 6450, Lote 4A | FI23: Huechuraba | FJ23: B | FM23: 3006 / SFVZ-94| | FN23: SFVZ-94| | FO23: SFVZ-94 | FP23: =VLOOKUP(FO23,EX:FF,9,0) -> B | FT23: B18 | FU23: 18.21 | FV23: 0 | FW23: 0 | FX23: 0 | FY23: 0 | FZ23: 11.705 | GA23: 19.09 | GB23: 15.435 | GC23: 18.54 | GD23: 21.87 | GE23: 23.255 | GF23: 23.18 | GG23: 23.15 | GH23: 23.46 | GI23: 23.915 | GJ23: 23.77 | GK23: 22.61 | GL23: 17.535 | GM23: 16.815 | GN23: 21.705 | GO23: 26.01 | GP23: 28.9 | GQ23: 31.125 | GR23: 31.125 | GU23: 20 | GV23: 17 | GY23: U9 | GZ23: B37 | HA23: B37 | HB23: 30 | HF23: AlfaU9 | HG23: B37 | HH23: Santa Marta | HI23: 837
A24: =HOUR(G24)+1 -> 1 | D24: =IFERROR( IF(AND(OR(Planilla!B24="C",Planilla!B24="c"), VLOOKUP(E24,EX:FJ,13,0)="C"), "OK",IF(AND(OR(Planilla!B24="C",Planilla!B24="c"), OR(VLOOKUP(E24,EX:FJ,13,0)="B", VLOOKUP(E24,EX:FJ,13,0)="A")), "DEFICIT",IF( AND(OR(Planilla!B24="B", Planilla!B24="BPAL"), VLOOKUP(E24,EX:FJ,13,0)="B"), "OK",IF(AND(OR(Planilla!B24="B", Planilla!B24="BPAL"), VLOOKUP(E24,EX:FJ,13,0)="A"), "DEFICIT",IF(AND(OR(Planilla!B24="B", Planilla!B24="BPAL"), VLOOKUP(E24,EX:FJ,13,0)="C"), "SOBREOFERTA",IF(AND(Planilla!B24="A", VLOOKUP(E24,EX:FJ,13,0)="A"), "OK",IF( AND(Planilla!B24="A", OR(VLOOKUP(E24,EX:FJ,13,0)="B", VLOOKUP(E24,EX:FJ,13,0)="C")), "SOBREOFERTA","" ))))))),"") | H24: =IF(I24="","",IF(AND((I24-G24)>=TIME(0,0,0),(I24-G24)<TIME(0,3,0)),"OK",IF(AND((I24-G24)>=TIME(0,3,0),(I24-G24)<TIME(0,5,0)),"RETRASO DE 3-5 MIN",IF(AND((I24-G24)>=TIME(0,5,0),(I24-G24)<TIME(0,10,0)),"RETRASO DE 5-10 MIN",IF((I24-G24)>=TIME(0,10,0),"RETRASO >10 MIN", IF(AND((G24-I24)>=TIME(0,0,0),(G24-I24)<TIME(0,3,0)),"OK",IF((G24-I24)>=TIME(0,3,0),"ADELANTADO"))))))) | J24: =IF(A24<>"",HLOOKUP(VALUE(TEXT(G24,"h:mm:ss")),IF($C$6="Laboral",$FT$4:$GR$227,IF($C$6="Sábado",$FT$231:$GR$452,$FT$456:$GR$656)),VLOOKUP($C$4,$GZ$2:$HB$99,3,0)+IF(C$5="Ida",0,1),1),"") -> #N/A | K24: =IF(A25<>A24,AVERAGEIF(A$9:A24,A24,J$9:J24),"") | L24: =IFERROR(IF(A25<>A24,AVERAGEIF(A$9:A24,A24,S$9:S24),""),"") | M24: =IFERROR(IF(A25<>A24,AVERAGEIF(A$9:A24,A24,T$9:T24),""),"") | N24: {=IFERROR(IF(A25<>A24,_xlfn.STDEV.P(IF(A$9:A24=A24,T$9:T24)),""),"")} | O24: {=IFERROR(IF(A25<>A24,_xlfn.STDEV.P(IF(A$9:A24=A24,S$9:S24)),""),"")} | P24: =IFERROR(IF(A24<>A25,MAX((((M24*24*60)/2)*(1+POWER((((N24*24*60) / (M24*24*60) )),2))) + ((M24*24*60 )*-0.1 + (K24*0.015)) +1,(((M24*24*60)/2)*(1+POWER((((N24*24*60) / (M24*24*60 ))),2)))),""),"") | Q24: =IF(AND(O24<>"",L24<>""),IF(A24<>A25,((L24*24*60) / 2 ) * (1 + POWER(((O24*24*60) / (L24*24*60)),2)),""),"") | R24: =IF(Q24<>"",MAX(P24,Q24),"") | S24: =IF(I24<>"H. Sale Real",IF(AND(I25<>"",LEFT(C25,2)<>"NC"),IF(AND(I24<>"",LEFT(C24,2)<>"NC",I24<>"H. Sale Real"),IF(I25-I24<0.208333333333333,I25-I24,""),IF(AND(I23<>"",LEFT(C23,2)<>"NC",I23<>"H. Sale Real"),IF(I25-I23<0.208333333333333,I25-I23,""),IF(AND(I22<>"",LEFT(C22,2)<>"NC",I22<>"H. Sale Real"),IF(I25-I22<0.208333333333333,I25-I22,""),IF(AND(I21<>"",LEFT(C21,2)<>"NC",I21<>"H. Sale Real"),IF(I25-I21<0.208333333333333,I25-I21,""),IF(AND(I20<>"",LEFT(C20,2)<>"NC",I20<>"H. Sale Real"),IF(I25-I20<0.208333333333333,I25-I20,""),""))))),""),"") | T24: =IF(G24<>"H. Sale Real",IF(AND(G25<>"",LEFT(C25,2)<>"NC"),IF(AND(G24<>"",LEFT(C24,2)<>"NC",G24<>"H. Sale Real"),IF(G25-G24<0.208333333333333,G25-G24,""),IF(AND(G23<>"",LEFT(C23,2)<>"NC",G23<>"H. Sale Real"),IF(G25-G23<0.208333333333333,G25-G23,""),IF(AND(G22<>"",LEFT(C22,2)<>"NC",G22<>"H. Sale Real"),IF(G25-G22<0.208333333333333,G25-G22,""),IF(AND(G21<>"",LEFT(C21,2)<>"NC",G21<>"H. Sale Real"),IF(G25-G21<0.208333333333333,G25-G21,""),IF(AND(G20<>"",LEFT(C20,2)<>"NC",G20<>"H. Sale Real"),IF(G25-G20<0.208333333333333,G25-G20,""),""))))),""),"") | U24: 0.23263889 | W24: =IF(G24<>"",IF(AND(W23<>"IE",P24<>0,R24<>""),IF(IFERROR((P24/R24),0) <=1,IFERROR(P24/R24,""),1),""),"") | AB24: =HOUR(AH24)+1 -> 1 | AI24: =IF(AJ24="","",IF(AND((AJ24-AH24)>=TIME(0,0,0),(AJ24-AH24)<TIME(0,3,0)),"OK",IF(AND((AJ24-AH24)>=TIME(0,3,0),(AJ24-AH24)<TIME(0,5,0)),"RETRASO DE 3-5 MIN",IF(AND((AJ24-AH24)>=TIME(0,5,0),(AJ24-AH24)<TIME(0,10,0)),"RETRASO DE 5-10 MIN",IF((AJ24-AH24)>=TIME(0,10,0),"RETRASO >10 MIN", IF(AND((AH24-AJ24)>=TIME(0,0,0),(AH24-AJ24)<TIME(0,3,0)),"OK",IF((AH24-AJ24)>=TIME(0,3,0),"ADELANTADO"))))))) | AK24: =IF(AB24<>"",HLOOKUP(VALUE(TEXT(AH24,"h:mm:ss")),IF($C$6="Laboral",$FT$4:$GR$227,IF($C$6="Sábado",$FT$231:$GR$452,$FT$456:$GR$656)),VLOOKUP($C$4,$GZ$2:$HB$99,3,0)+IF(AD$5="Ida",0,1),1),"") -> #N/A | AL24: =IF(AB25<>AB24,AVERAGEIF(AB$9:AB24,AB24,AK$9:AK24),"") | AM24: =IFERROR(IF(AB25<>AB24,AVERAGEIF(AB$9:AB24,AB24,AT$9:AT24),""),"") | AN24: =IFERROR(IF(AB25<>AB24,AVERAGEIF(AB$9:AB24,AB24,AU$9:AU24),""),"") | AO24: {=IFERROR(IF(AB25<>AB24,_xlfn.STDEV.P(IF(AB$9:AB24=AB24,AU$9:AU24)),""),"")} | AP24: {=IFERROR(IF(AB25<>AB24,_xlfn.STDEV.P(IF(AB$9:AB24=AB24,AT$9:AT24)),""),"")} | AQ24: =IFERROR(IF(AB24<>AB25,MAX((((AN24*24*60)/2)*(1+POWER((((AO24*24*60) / (AN24*24*60) )),2))) + ((AN24*24*60 )*-0.1 + (AL24*0.015)) +1,(((AN24*24*60)/2)*(1+POWER((((AO24*24*60) / (AN24*24*60 ))),2)))),""),"") | AR24: =IF(AND(AP24<>"",AM24<>""),IF(AB24<>AB25,((AM24*24*60) / 2 ) * (1 + POWER(((AP24*24*60) / (AM24*24*60)),2)),""),"") | AS24: =IF(AR24<>"",MAX(AQ24,AR24),"") | AT24: =IF(AJ24<>"H. Sale Real",IF(AND(AJ25<>"",LEFT(AD25,2)<>"NC"),IF(AND(AJ24<>"",LEFT(AD24,2)<>"NC",AJ24<>"H. Sale Real"),IF(AJ25-AJ24<0.208333333333333,AJ25-AJ24,""),IF(AND(AJ23<>"",LEFT(AD23,2)<>"NC",AJ23<>"H. Sale Real"),IF(AJ25-AJ23<0.208333333333333,AJ25-AJ23,""),IF(AND(AJ22<>"",LEFT(AD22,2)<>"NC",AJ22<>"H. Sale Real"),IF(AJ25-AJ22<0.208333333333333,AJ25-AJ22,""),IF(AND(AJ21<>"",LEFT(AD21,2)<>"NC",AJ21<>"H. Sale Real"),IF(AJ25-AJ21<0.208333333333333,AJ25-AJ21,""),IF(AND(AJ20<>"",LEFT(AD20,2)<>"NC",AJ20<>"H. Sale Real"),IF(AJ25-AJ20<0.208333333333333,AJ25-AJ20,""),""))))),""),"") | AU24: =IF(AH24<>"H. Sale Real",IF(AND(AH25<>"",LEFT(AD25,2)<>"NC"),IF(AND(AH24<>"",LEFT(AD24,2)<>"NC",AH24<>"H. Sale Real"),IF(AH25-AH24<0.208333333333333,AH25-AH24,""),IF(AND(AH23<>"",LEFT(AD23,2)<>"NC",AH23<>"H. Sale Real"),IF(AH25-AH23<0.208333333333333,AH25-AH23,""),IF(AND(AH22<>"",LEFT(AD22,2)<>"NC",AH22<>"H. Sale Real"),IF(AH25-AH22<0.208333333333333,AH25-AH22,""),IF(AND(AH21<>"",LEFT(AD21,2)<>"NC",AH21<>"H. Sale Real"),IF(AH25-AH21<0.208333333333333,AH25-AH21,""),IF(AND(AH20<>"",LEFT(AD20,2)<>"NC",AH20<>"H. Sale Real"),IF(AH25-AH20<0.208333333333333,AH25-AH20,""),""))))),""),"") | AX24: =IF(AH24<>"",IF(AND(AX23<>"IE",AQ24<>0,AS24<>""),IF(IFERROR((AQ24/AS24),0) <=1,IFERROR(AQ24/AS24,""),1),""),"") | BC24: 12 | BD24: =COUNTIFS($A:$A,$BC24,$C:$C,$BC$11) -> 0 | BE24: =BD24-COUNTIFS($A:$A,$BC24,$C:$C,$BC$11,$H:$H,"") -> 0 | BF24: =IFERROR((BE24/BD24),"") | BG24: =_xlfn.XLOOKUP(BC24,$A:$A,$R:$R,"0",0,-1) -> 0 | BH24: =_xlfn.XLOOKUP(BC24,$A:$A,$P:$P,"0",0,-1) -> 0 | BI24: =_xlfn.XLOOKUP(BC24,$A:$A,$W:$W,"",0,-1) | BL24: 12 | BM24: =COUNTIFS($AB:$AB,$BL24,$AD:$AD,$BL$11) -> 0 | BN24: =BM24-COUNTIFS($AB:$AB,$BL24,$AD:$AD,$BL$11,$AI:$AI,"") -> 0 | BO24: =IFERROR((BN24/BM24),"") | BP24: =_xlfn.XLOOKUP(BL24,$AB:$AB,$AS:$AS,"0",0,-1) -> 0 | BQ24: =_xlfn.XLOOKUP(BL24,$AB:$AB,$AQ:$AQ,"0",0,-1) -> 0 | BR24: =_xlfn.XLOOKUP(BL24,$AB:$AB,$AX:$AX,"",0,-1) | EW24: Diccionario 1 | EX24: 1021 | EY24: D8482502K2PL | EZ24: YV3T7U523KA195360 | FA24: Volvo | FB24: B8R | FC24: MARCOPOLO | FD24: TORINO | FE24: 2019 | FF24: B2PAL | FG24: LOS LIBERTADORES | FH24: Los Liberadores 6450, Lote 4A | FI24: Huechuraba | FJ24: B | FM24: 3006 / SFVZ-94| | FN24: SFVZ-94| | FO24: SFVZ-94 | FP24: =VLOOKUP(FO24,EX:FF,9,0) -> B | FT24: B18 | FU24: 0 | FV24: 0 | FW24: 0 | FX24: 0 | FY24: 0 | FZ24: 25.505 | GA24: 18.24 | GB24: 13.375 | GC24: 16.31 | GD24: 18.185 | GE24: 18.57 | GF24: 18.21 | GG24: 17.125 | GH24: 17.22 | GI24: 17.465 | GJ24: 16.485 | GK24: 15.45 | GL24: 13.52 | GM24: 12.96 | GN24: 15.92 | GO24: 19.525 | GP24: 21.65 | GQ24: 23.63 | GR24: 26.02 | GU24: 21 | GV24: 18 | GY24: U9 | GZ24: 410 | HA24: 410 | HB24: 36 | HF24: AlfaU9 | HG24: 410 | HH24: Condell | HI24: 841
A25: =HOUR(G25)+1 -> 1 | D25: =IFERROR( IF(AND(OR(Planilla!B25="C",Planilla!B25="c"), VLOOKUP(E25,EX:FJ,13,0)="C"), "OK",IF(AND(OR(Planilla!B25="C",Planilla!B25="c"), OR(VLOOKUP(E25,EX:FJ,13,0)="B", VLOOKUP(E25,EX:FJ,13,0)="A")), "DEFICIT",IF( AND(OR(Planilla!B25="B", Planilla!B25="BPAL"), VLOOKUP(E25,EX:FJ,13,0)="B"), "OK",IF(AND(OR(Planilla!B25="B", Planilla!B25="BPAL"), VLOOKUP(E25,EX:FJ,13,0)="A"), "DEFICIT",IF(AND(OR(Planilla!B25="B", Planilla!B25="BPAL"), VLOOKUP(E25,EX:FJ,13,0)="C"), "SOBREOFERTA",IF(AND(Planilla!B25="A", VLOOKUP(E25,EX:FJ,13,0)="A"), "OK",IF( AND(Planilla!B25="A", OR(VLOOKUP(E25,EX:FJ,13,0)="B", VLOOKUP(E25,EX:FJ,13,0)="C")), "SOBREOFERTA","" ))))))),"") | H25: =IF(I25="","",IF(AND((I25-G25)>=TIME(0,0,0),(I25-G25)<TIME(0,3,0)),"OK",IF(AND((I25-G25)>=TIME(0,3,0),(I25-G25)<TIME(0,5,0)),"RETRASO DE 3-5 MIN",IF(AND((I25-G25)>=TIME(0,5,0),(I25-G25)<TIME(0,10,0)),"RETRASO DE 5-10 MIN",IF((I25-G25)>=TIME(0,10,0),"RETRASO >10 MIN", IF(AND((G25-I25)>=TIME(0,0,0),(G25-I25)<TIME(0,3,0)),"OK",IF((G25-I25)>=TIME(0,3,0),"ADELANTADO"))))))) | J25: =IF(A25<>"",HLOOKUP(VALUE(TEXT(G25,"h:mm:ss")),IF($C$6="Laboral",$FT$4:$GR$227,IF($C$6="Sábado",$FT$231:$GR$452,$FT$456:$GR$656)),VLOOKUP($C$4,$GZ$2:$HB$99,3,0)+IF(C$5="Ida",0,1),1),"") -> #N/A | K25: =IF(A26<>A25,AVERAGEIF(A$9:A25,A25,J$9:J25),"") | L25: =IFERROR(IF(A26<>A25,AVERAGEIF(A$9:A25,A25,S$9:S25),""),"") | M25: =IFERROR(IF(A26<>A25,AVERAGEIF(A$9:A25,A25,T$9:T25),""),"") | N25: {=IFERROR(IF(A26<>A25,_xlfn.STDEV.P(IF(A$9:A25=A25,T$9:T25)),""),"")} | O25: {=IFERROR(IF(A26<>A25,_xlfn.STDEV.P(IF(A$9:A25=A25,S$9:S25)),""),"")} | P25: =IFERROR(IF(A25<>A26,MAX((((M25*24*60)/2)*(1+POWER((((N25*24*60) / (M25*24*60) )),2))) + ((M25*24*60 )*-0.1 + (K25*0.015)) +1,(((M25*24*60)/2)*(1+POWER((((N25*24*60) / (M25*24*60 ))),2)))),""),"") | Q25: =IF(AND(O25<>"",L25<>""),IF(A25<>A26,((L25*24*60) / 2 ) * (1 + POWER(((O25*24*60) / (L25*24*60)),2)),""),"") | R25: =IF(Q25<>"",MAX(P25,Q25),"") | S25: =IF(I25<>"H. Sale Real",IF(AND(I26<>"",LEFT(C26,2)<>"NC"),IF(AND(I25<>"",LEFT(C25,2)<>"NC",I25<>"H. Sale Real"),IF(I26-I25<0.208333333333333,I26-I25,""),IF(AND(I24<>"",LEFT(C24,2)<>"NC",I24<>"H. Sale Real"),IF(I26-I24<0.208333333333333,I26-I24,""),IF(AND(I23<>"",LEFT(C23,2)<>"NC",I23<>"H. Sale Real"),IF(I26-I23<0.208333333333333,I26-I23,""),IF(AND(I22<>"",LEFT(C22,2)<>"NC",I22<>"H. Sale Real"),IF(I26-I22<0.208333333333333,I26-I22,""),IF(AND(I21<>"",LEFT(C21,2)<>"NC",I21<>"H. Sale Real"),IF(I26-I21<0.208333333333333,I26-I21,""),""))))),""),"") | T25: =IF(G25<>"H. Sale Real",IF(AND(G26<>"",LEFT(C26,2)<>"NC"),IF(AND(G25<>"",LEFT(C25,2)<>"NC",G25<>"H. Sale Real"),IF(G26-G25<0.208333333333333,G26-G25,""),IF(AND(G24<>"",LEFT(C24,2)<>"NC",G24<>"H. Sale Real"),IF(G26-G24<0.208333333333333,G26-G24,""),IF(AND(G23<>"",LEFT(C23,2)<>"NC",G23<>"H. Sale Real"),IF(G26-G23<0.208333333333333,G26-G23,""),IF(AND(G22<>"",LEFT(C22,2)<>"NC",G22<>"H. Sale Real"),IF(G26-G22<0.208333333333333,G26-G22,""),IF(AND(G21<>"",LEFT(C21,2)<>"NC",G21<>"H. Sale Real"),IF(G26-G21<0.208333333333333,G26-G21,""),""))))),""),"") | U25: 0.23958333 | W25: =IF(G25<>"",IF(AND(W24<>"IE",P25<>0,R25<>""),IF(IFERROR((P25/R25),0) <=1,IFERROR(P25/R25,""),1),""),"") | AB25: =HOUR(AH25)+1 -> 1 | AI25: =IF(AJ25="","",IF(AND((AJ25-AH25)>=TIME(0,0,0),(AJ25-AH25)<TIME(0,3,0)),"OK",IF(AND((AJ25-AH25)>=TIME(0,3,0),(AJ25-AH25)<TIME(0,5,0)),"RETRASO DE 3-5 MIN",IF(AND((AJ25-AH25)>=TIME(0,5,0),(AJ25-AH25)<TIME(0,10,0)),"RETRASO DE 5-10 MIN",IF((AJ25-AH25)>=TIME(0,10,0),"RETRASO >10 MIN", IF(AND((AH25-AJ25)>=TIME(0,0,0),(AH25-AJ25)<TIME(0,3,0)),"OK",IF((AH25-AJ25)>=TIME(0,3,0),"ADELANTADO"))))))) | AK25: =IF(AB25<>"",HLOOKUP(VALUE(TEXT(AH25,"h:mm:ss")),IF($C$6="Laboral",$FT$4:$GR$227,IF($C$6="Sábado",$FT$231:$GR$452,$FT$456:$GR$656)),VLOOKUP($C$4,$GZ$2:$HB$99,3,0)+IF(AD$5="Ida",0,1),1),"") -> #N/A | AL25: =IF(AB26<>AB25,AVERAGEIF(AB$9:AB25,AB25,AK$9:AK25),"") | AM25: =IFERROR(IF(AB26<>AB25,AVERAGEIF(AB$9:AB25,AB25,AT$9:AT25),""),"") | AN25: =IFERROR(IF(AB26<>AB25,AVERAGEIF(AB$9:AB25,AB25,AU$9:AU25),""),"") | AO25: {=IFERROR(IF(AB26<>AB25,_xlfn.STDEV.P(IF(AB$9:AB25=AB25,AU$9:AU25)),""),"")} | AP25: {=IFERROR(IF(AB26<>AB25,_xlfn.STDEV.P(IF(AB$9:AB25=AB25,AT$9:AT25)),""),"")} | AQ25: =IFERROR(IF(AB25<>AB26,MAX((((AN25*24*60)/2)*(1+POWER((((AO25*24*60) / (AN25*24*60) )),2))) + ((AN25*24*60 )*-0.1 + (AL25*0.015)) +1,(((AN25*24*60)/2)*(1+POWER((((AO25*24*60) / (AN25*24*60 ))),2)))),""),"") | AR25: =IF(AND(AP25<>"",AM25<>""),IF(AB25<>AB26,((AM25*24*60) / 2 ) * (1 + POWER(((AP25*24*60) / (AM25*24*60)),2)),""),"") | AS25: =IF(AR25<>"",MAX(AQ25,AR25),"") | AT25: =IF(AJ25<>"H. Sale Real",IF(AND(AJ26<>"",LEFT(AD26,2)<>"NC"),IF(AND(AJ25<>"",LEFT(AD25,2)<>"NC",AJ25<>"H. Sale Real"),IF(AJ26-AJ25<0.208333333333333,AJ26-AJ25,""),IF(AND(AJ24<>"",LEFT(AD24,2)<>"NC",AJ24<>"H. Sale Real"),IF(AJ26-AJ24<0.208333333333333,AJ26-AJ24,""),IF(AND(AJ23<>"",LEFT(AD23,2)<>"NC",AJ23<>"H. Sale Real"),IF(AJ26-AJ23<0.208333333333333,AJ26-AJ23,""),IF(AND(AJ22<>"",LEFT(AD22,2)<>"NC",AJ22<>"H. Sale Real"),IF(AJ26-AJ22<0.208333333333333,AJ26-AJ22,""),IF(AND(AJ21<>"",LEFT(AD21,2)<>"NC",AJ21<>"H. Sale Real"),IF(AJ26-AJ21<0.208333333333333,AJ26-AJ21,""),""))))),""),"") | AU25: =IF(AH25<>"H. Sale Real",IF(AND(AH26<>"",LEFT(AD26,2)<>"NC"),IF(AND(AH25<>"",LEFT(AD25,2)<>"NC",AH25<>"H. Sale Real"),IF(AH26-AH25<0.208333333333333,AH26-AH25,""),IF(AND(AH24<>"",LEFT(AD24,2)<>"NC",AH24<>"H. Sale Real"),IF(AH26-AH24<0.208333333333333,AH26-AH24,""),IF(AND(AH23<>"",LEFT(AD23,2)<>"NC",AH23<>"H. Sale Real"),IF(AH26-AH23<0.208333333333333,AH26-AH23,""),IF(AND(AH22<>"",LEFT(AD22,2)<>"NC",AH22<>"H. Sale Real"),IF(AH26-AH22<0.208333333333333,AH26-AH22,""),IF(AND(AH21<>"",LEFT(AD21,2)<>"NC",AH21<>"H. Sale Real"),IF(AH26-AH21<0.208333333333333,AH26-AH21,""),""))))),""),"") | AX25: =IF(AH25<>"",IF(AND(AX24<>"IE",AQ25<>0,AS25<>""),IF(IFERROR((AQ25/AS25),0) <=1,IFERROR(AQ25/AS25,""),1),""),"") | BC25: 13 | BD25: =COUNTIFS($A:$A,$BC25,$C:$C,$BC$11) -> 0 | BE25: =BD25-COUNTIFS($A:$A,$BC25,$C:$C,$BC$11,$H:$H,"") -> 0 | BF25: =IFERROR((BE25/BD25),"") | BG25: =_xlfn.XLOOKUP(BC25,$A:$A,$R:$R,"0",0,-1) -> 0 | BH25: =_xlfn.XLOOKUP(BC25,$A:$A,$P:$P,"0",0,-1) -> 0 | BI25: =_xlfn.XLOOKUP(BC25,$A:$A,$W:$W,"",0,-1) | BL25: 13 | BM25: =COUNTIFS($AB:$AB,$BL25,$AD:$AD,$BL$11) -> 0 | BN25: =BM25-COUNTIFS($AB:$AB,$BL25,$AD:$AD,$BL$11,$AI:$AI,"") -> 0 | BO25: =IFERROR((BN25/BM25),"") | BP25: =_xlfn.XLOOKUP(BL25,$AB:$AB,$AS:$AS,"0",0,-1) -> 0 | BQ25: =_xlfn.XLOOKUP(BL25,$AB:$AB,$AQ:$AQ,"0",0,-1) -> 0 | BR25: =_xlfn.XLOOKUP(BL25,$AB:$AB,$AX:$AX,"",0,-1) | EW25: Diccionario 1 | EX25: 1022 | EY25: D8482597K2PL | EZ25: YV3T7U525KA195361 | FA25: Volvo | FB25: B8R | FC25: MARCOPOLO | FD25: TORINO | FE25: 2019 | FF25: B2PAL | FG25: LOS LIBERTADORES | FH25: Los Liberadores 6450, Lote 4A | FI25: Huechuraba | FJ25: B | FM25: 3006 / SFVZ-94| | FN25: SFVZ-94| | FO25: SFVZ-94 | FP25: =VLOOKUP(FO25,EX:FF,9,0) -> B | FT25: B18e | FU25: 0 | FV25: 0 | FW25: 0 | FX25: 0 | FY25: 0 | FZ25: 8.865 | GA25: 16.89 | GB25: 14.37 | GC25: 18.21 | GD25: 21.705 | GE25: 22.92 | GF25: 22.89 | GG25: 22.845 | GH25: 22.64 | GI25: 22.905 | GJ25: 23.225 | GK25: 22.125 | GL25: 18.355 | GM25: 17.675 | GN25: 21 | GO25: 25.715 | GP25: 29.595 | GQ25: 32.285 | GR25: 16.83 | GU25: 22 | GV25: 19 | GY25: U8 | GZ25: B02 | HA25: B02 | HB25: 40 | HF25: OmegaU8 | HG25: B02 | HH25: Aguirre Luco | HI25: 902
A26: =HOUR(G26)+1 -> 1 | D26: =IFERROR( IF(AND(OR(Planilla!B26="C",Planilla!B26="c"), VLOOKUP(E26,EX:FJ,13,0)="C"), "OK",IF(AND(OR(Planilla!B26="C",Planilla!B26="c"), OR(VLOOKUP(E26,EX:FJ,13,0)="B", VLOOKUP(E26,EX:FJ,13,0)="A")), "DEFICIT",IF( AND(OR(Planilla!B26="B", Planilla!B26="BPAL"), VLOOKUP(E26,EX:FJ,13,0)="B"), "OK",IF(AND(OR(Planilla!B26="B", Planilla!B26="BPAL"), VLOOKUP(E26,EX:FJ,13,0)="A"), "DEFICIT",IF(AND(OR(Planilla!B26="B", Planilla!B26="BPAL"), VLOOKUP(E26,EX:FJ,13,0)="C"), "SOBREOFERTA",IF(AND(Planilla!B26="A", VLOOKUP(E26,EX:FJ,13,0)="A"), "OK",IF( AND(Planilla!B26="A", OR(VLOOKUP(E26,EX:FJ,13,0)="B", VLOOKUP(E26,EX:FJ,13,0)="C")), "SOBREOFERTA","" ))))))),"") | H26: =IF(I26="","",IF(AND((I26-G26)>=TIME(0,0,0),(I26-G26)<TIME(0,3,0)),"OK",IF(AND((I26-G26)>=TIME(0,3,0),(I26-G26)<TIME(0,5,0)),"RETRASO DE 3-5 MIN",IF(AND((I26-G26)>=TIME(0,5,0),(I26-G26)<TIME(0,10,0)),"RETRASO DE 5-10 MIN",IF((I26-G26)>=TIME(0,10,0),"RETRASO >10 MIN", IF(AND((G26-I26)>=TIME(0,0,0),(G26-I26)<TIME(0,3,0)),"OK",IF((G26-I26)>=TIME(0,3,0),"ADELANTADO"))))))) | J26: =IF(A26<>"",HLOOKUP(VALUE(TEXT(G26,"h:mm:ss")),IF($C$6="Laboral",$FT$4:$GR$227,IF($C$6="Sábado",$FT$231:$GR$452,$FT$456:$GR$656)),VLOOKUP($C$4,$GZ$2:$HB$99,3,0)+IF(C$5="Ida",0,1),1),"") -> #N/A | K26: =IF(A27<>A26,AVERAGEIF(A$9:A26,A26,J$9:J26),"") | L26: =IFERROR(IF(A27<>A26,AVERAGEIF(A$9:A26,A26,S$9:S26),""),"") | M26: =IFERROR(IF(A27<>A26,AVERAGEIF(A$9:A26,A26,T$9:T26),""),"") | N26: {=IFERROR(IF(A27<>A26,_xlfn.STDEV.P(IF(A$9:A26=A26,T$9:T26)),""),"")} | O26: {=IFERROR(IF(A27<>A26,_xlfn.STDEV.P(IF(A$9:A26=A26,S$9:S26)),""),"")} | P26: =IFERROR(IF(A26<>A27,MAX((((M26*24*60)/2)*(1+POWER((((N26*24*60) / (M26*24*60) )),2))) + ((M26*24*60 )*-0.1 + (K26*0.015)) +1,(((M26*24*60)/2)*(1+POWER((((N26*24*60) / (M26*24*60 ))),2)))),""),"") | Q26: =IF(AND(O26<>"",L26<>""),IF(A26<>A27,((L26*24*60) / 2 ) * (1 + POWER(((O26*24*60) / (L26*24*60)),2)),""),"") | R26: =IF(Q26<>"",MAX(P26,Q26),"") | S26: =IF(I26<>"H. Sale Real",IF(AND(I27<>"",LEFT(C27,2)<>"NC"),IF(AND(I26<>"",LEFT(C26,2)<>"NC",I26<>"H. Sale Real"),IF(I27-I26<0.208333333333333,I27-I26,""),IF(AND(I25<>"",LEFT(C25,2)<>"NC",I25<>"H. Sale Real"),IF(I27-I25<0.208333333333333,I27-I25,""),IF(AND(I24<>"",LEFT(C24,2)<>"NC",I24<>"H. Sale Real"),IF(I27-I24<0.208333333333333,I27-I24,""),IF(AND(I23<>"",LEFT(C23,2)<>"NC",I23<>"H. Sale Real"),IF(I27-I23<0.208333333333333,I27-I23,""),IF(AND(I22<>"",LEFT(C22,2)<>"NC",I22<>"H. Sale Real"),IF(I27-I22<0.208333333333333,I27-I22,""),""))))),""),"") | T26: =IF(G26<>"H. Sale Real",IF(AND(G27<>"",LEFT(C27,2)<>"NC"),IF(AND(G26<>"",LEFT(C26,2)<>"NC",G26<>"H. Sale Real"),IF(G27-G26<0.208333333333333,G27-G26,""),IF(AND(G25<>"",LEFT(C25,2)<>"NC",G25<>"H. Sale Real"),IF(G27-G25<0.208333333333333,G27-G25,""),IF(AND(G24<>"",LEFT(C24,2)<>"NC",G24<>"H. Sale Real"),IF(G27-G24<0.208333333333333,G27-G24,""),IF(AND(G23<>"",LEFT(C23,2)<>"NC",G23<>"H. Sale Real"),IF(G27-G23<0.208333333333333,G27-G23,""),IF(AND(G22<>"",LEFT(C22,2)<>"NC",G22<>"H. Sale Real"),IF(G27-G22<0.208333333333333,G27-G22,""),""))))),""),"") | U26: 0.25 | W26: =IF(G26<>"",IF(AND(W25<>"IE",P26<>0,R26<>""),IF(IFERROR((P26/R26),0) <=1,IFERROR(P26/R26,""),1),""),"") | AB26: =HOUR(AH26)+1 -> 1 | AI26: =IF(AJ26="","",IF(AND((AJ26-AH26)>=TIME(0,0,0),(AJ26-AH26)<TIME(0,3,0)),"OK",IF(AND((AJ26-AH26)>=TIME(0,3,0),(AJ26-AH26)<TIME(0,5,0)),"RETRASO DE 3-5 MIN",IF(AND((AJ26-AH26)>=TIME(0,5,0),(AJ26-AH26)<TIME(0,10,0)),"RETRASO DE 5-10 MIN",IF((AJ26-AH26)>=TIME(0,10,0),"RETRASO >10 MIN", IF(AND((AH26-AJ26)>=TIME(0,0,0),(AH26-AJ26)<TIME(0,3,0)),"OK",IF((AH26-AJ26)>=TIME(0,3,0),"ADELANTADO"))))))) | AK26: =IF(AB26<>"",HLOOKUP(VALUE(TEXT(AH26,"h:mm:ss")),IF($C$6="Laboral",$FT$4:$GR$227,IF($C$6="Sábado",$FT$231:$GR$452,$FT$456:$GR$656)),VLOOKUP($C$4,$GZ$2:$HB$99,3,0)+IF(AD$5="Ida",0,1),1),"") -> #N/A | AL26: =IF(AB27<>AB26,AVERAGEIF(AB$9:AB26,AB26,AK$9:AK26),"") | AM26: =IFERROR(IF(AB27<>AB26,AVERAGEIF(AB$9:AB26,AB26,AT$9:AT26),""),"") | AN26: =IFERROR(IF(AB27<>AB26,AVERAGEIF(AB$9:AB26,AB26,AU$9:AU26),""),"") | AO26: {=IFERROR(IF(AB27<>AB26,_xlfn.STDEV.P(IF(AB$9:AB26=AB26,AU$9:AU26)),""),"")} | AP26: {=IFERROR(IF(AB27<>AB26,_xlfn.STDEV.P(IF(AB$9:AB26=AB26,AT$9:AT26)),""),"")} | AQ26: =IFERROR(IF(AB26<>AB27,MAX((((AN26*24*60)/2)*(1+POWER((((AO26*24*60) / (AN26*24*60) )),2))) + ((AN26*24*60 )*-0.1 + (AL26*0.015)) +1,(((AN26*24*60)/2)*(1+POWER((((AO26*24*60) / (AN26*24*60 ))),2)))),""),"") | AR26: =IF(AND(AP26<>"",AM26<>""),IF(AB26<>AB27,((AM26*24*60) / 2 ) * (1 + POWER(((AP26*24*60) / (AM26*24*60)),2)),""),"") | AS26: =IF(AR26<>"",MAX(AQ26,AR26),"") | AT26: =IF(AJ26<>"H. Sale Real",IF(AND(AJ27<>"",LEFT(AD27,2)<>"NC"),IF(AND(AJ26<>"",LEFT(AD26,2)<>"NC",AJ26<>"H. Sale Real"),IF(AJ27-AJ26<0.208333333333333,AJ27-AJ26,""),IF(AND(AJ25<>"",LEFT(AD25,2)<>"NC",AJ25<>"H. Sale Real"),IF(AJ27-AJ25<0.208333333333333,AJ27-AJ25,""),IF(AND(AJ24<>"",LEFT(AD24,2)<>"NC",AJ24<>"H. Sale Real"),IF(AJ27-AJ24<0.208333333333333,AJ27-AJ24,""),IF(AND(AJ23<>"",LEFT(AD23,2)<>"NC",AJ23<>"H. Sale Real"),IF(AJ27-AJ23<0.208333333333333,AJ27-AJ23,""),IF(AND(AJ22<>"",LEFT(AD22,2)<>"NC",AJ22<>"H. Sale Real"),IF(AJ27-AJ22<0.208333333333333,AJ27-AJ22,""),""))))),""),"") | AU26: =IF(AH26<>"H. Sale Real",IF(AND(AH27<>"",LEFT(AD27,2)<>"NC"),IF(AND(AH26<>"",LEFT(AD26,2)<>"NC",AH26<>"H. Sale Real"),IF(AH27-AH26<0.208333333333333,AH27-AH26,""),IF(AND(AH25<>"",LEFT(AD25,2)<>"NC",AH25<>"H. Sale Real"),IF(AH27-AH25<0.208333333333333,AH27-AH25,""),IF(AND(AH24<>"",LEFT(AD24,2)<>"NC",AH24<>"H. Sale Real"),IF(AH27-AH24<0.208333333333333,AH27-AH24,""),IF(AND(AH23<>"",LEFT(AD23,2)<>"NC",AH23<>"H. Sale Real"),IF(AH27-AH23<0.208333333333333,AH27-AH23,""),IF(AND(AH22<>"",LEFT(AD22,2)<>"NC",AH22<>"H. Sale Real"),IF(AH27-AH22<0.208333333333333,AH27-AH22,""),""))))),""),"") | AX26: =IF(AH26<>"",IF(AND(AX25<>"IE",AQ26<>0,AS26<>""),IF(IFERROR((AQ26/AS26),0) <=1,IFERROR(AQ26/AS26,""),1),""),"") | BC26: 14 | BD26: =COUNTIFS($A:$A,$BC26,$C:$C,$BC$11) -> 0 | BE26: =BD26-COUNTIFS($A:$A,$BC26,$C:$C,$BC$11,$H:$H,"") -> 0 | BF26: =IFERROR((BE26/BD26),"") | BG26: =_xlfn.XLOOKUP(BC26,$A:$A,$R:$R,"0",0,-1) -> 0 | BH26: =_xlfn.XLOOKUP(BC26,$A:$A,$P:$P,"0",0,-1) -> 0 | BI26: =_xlfn.XLOOKUP(BC26,$A:$A,$W:$W,"",0,-1) | BL26: 14 | BM26: =COUNTIFS($AB:$AB,$BL26,$AD:$AD,$BL$11) -> 0 | BN26: =BM26-COUNTIFS($AB:$AB,$BL26,$AD:$AD,$BL$11,$AI:$AI,"") -> 0 | BO26: =IFERROR((BN26/BM26),"") | BP26: =_xlfn.XLOOKUP(BL26,$AB:$AB,$AS:$AS,"0",0,-1) -> 0 | BQ26: =_xlfn.XLOOKUP(BL26,$AB:$AB,$AQ:$AQ,"0",0,-1) -> 0 | BR26: =_xlfn.XLOOKUP(BL26,$AB:$AB,$AX:$AX,"",0,-1) | EW26: Diccionario 1 | EX26: 1023 | EY26: D8481798K2PL | EZ26: YV3T7U527KA195460 | FA26: Volvo | FB26: B8R | FC26: MARCOPOLO | FD26: TORINO | FE26: 2019 | FF26: B2PAL | FG26: LOS LIBERTADORES | FH26: Los Liberadores 6450, Lote 4A | FI26: Huechuraba | FJ26: B | FM26: 3006 / SFVZ-94| | FN26: SFVZ-94| | FO26: SFVZ-94 | FP26: =VLOOKUP(FO26,EX:FF,9,0) -> B | FT26: B18e | FU26: 0 | FV26: 0 | FW26: 0 | FX26: 0 | FY26: 0 | FZ26: 34.16 | GA26: 22 | GB26: 14.01 | GC26: 16.555 | GD26: 22.46 | GE26: 23.895 | GF26: 23.1 | GG26: 21.965 | GH26: 21.425 | GI26: 20.77 | GJ26: 20.37 | GK26: 19.345 | GL26: 17.09 | GM26: 15.43 | GN26: 17.51 | GO26: 20.47 | GP26: 23.225 | GQ26: 24.445 | GR26: 0 | GU26: 23 | GV26: 20 | GY26: U8 | GZ26: B04 | HA26: B04 | HB26: 42 | HF26: OmegaU8 | HG26: B04 | HH26: Aguirre Luco | HI26: 904
A27: =HOUR(G27)+1 -> 1 | D27: =IFERROR( IF(AND(OR(Planilla!B27="C",Planilla!B27="c"), VLOOKUP(E27,EX:FJ,13,0)="C"), "OK",IF(AND(OR(Planilla!B27="C",Planilla!B27="c"), OR(VLOOKUP(E27,EX:FJ,13,0)="B", VLOOKUP(E27,EX:FJ,13,0)="A")), "DEFICIT",IF( AND(OR(Planilla!B27="B", Planilla!B27="BPAL"), VLOOKUP(E27,EX:FJ,13,0)="B"), "OK",IF(AND(OR(Planilla!B27="B", Planilla!B27="BPAL"), VLOOKUP(E27,EX:FJ,13,0)="A"), "DEFICIT",IF(AND(OR(Planilla!B27="B", Planilla!B27="BPAL"), VLOOKUP(E27,EX:FJ,13,0)="C"), "SOBREOFERTA",IF(AND(Planilla!B27="A", VLOOKUP(E27,EX:FJ,13,0)="A"), "OK",IF( AND(Planilla!B27="A", OR(VLOOKUP(E27,EX:FJ,13,0)="B", VLOOKUP(E27,EX:FJ,13,0)="C")), "SOBREOFERTA","" ))))))),"") | H27: =IF(I27="","",IF(AND((I27-G27)>=TIME(0,0,0),(I27-G27)<TIME(0,3,0)),"OK",IF(AND((I27-G27)>=TIME(0,3,0),(I27-G27)<TIME(0,5,0)),"RETRASO DE 3-5 MIN",IF(AND((I27-G27)>=TIME(0,5,0),(I27-G27)<TIME(0,10,0)),"RETRASO DE 5-10 MIN",IF((I27-G27)>=TIME(0,10,0),"RETRASO >10 MIN", IF(AND((G27-I27)>=TIME(0,0,0),(G27-I27)<TIME(0,3,0)),"OK",IF((G27-I27)>=TIME(0,3,0),"ADELANTADO"))))))) | J27: =IF(A27<>"",HLOOKUP(VALUE(TEXT(G27,"h:mm:ss")),IF($C$6="Laboral",$FT$4:$GR$227,IF($C$6="Sábado",$FT$231:$GR$452,$FT$456:$GR$656)),VLOOKUP($C$4,$GZ$2:$HB$99,3,0)+IF(C$5="Ida",0,1),1),"") -> #N/A | K27: =IF(A28<>A27,AVERAGEIF(A$9:A27,A27,J$9:J27),"") | L27: =IFERROR(IF(A28<>A27,AVERAGEIF(A$9:A27,A27,S$9:S27),""),"") | M27: =IFERROR(IF(A28<>A27,AVERAGEIF(A$9:A27,A27,T$9:T27),""),"") | N27: {=IFERROR(IF(A28<>A27,_xlfn.STDEV.P(IF(A$9:A27=A27,T$9:T27)),""),"")} | O27: {=IFERROR(IF(A28<>A27,_xlfn.STDEV.P(IF(A$9:A27=A27,S$9:S27)),""),"")} | P27: =IFERROR(IF(A27<>A28,MAX((((M27*24*60)/2)*(1+POWER((((N27*24*60) / (M27*24*60) )),2))) + ((M27*24*60 )*-0.1 + (K27*0.015)) +1,(((M27*24*60)/2)*(1+POWER((((N27*24*60) / (M27*24*60 ))),2)))),""),"") | Q27: =IF(AND(O27<>"",L27<>""),IF(A27<>A28,((L27*24*60) / 2 ) * (1 + POWER(((O27*24*60) / (L27*24*60)),2)),""),"") | R27: =IF(Q27<>"",MAX(P27,Q27),"") | S27: =IF(I27<>"H. Sale Real",IF(AND(I28<>"",LEFT(C28,2)<>"NC"),IF(AND(I27<>"",LEFT(C27,2)<>"NC",I27<>"H. Sale Real"),IF(I28-I27<0.208333333333333,I28-I27,""),IF(AND(I26<>"",LEFT(C26,2)<>"NC",I26<>"H. Sale Real"),IF(I28-I26<0.208333333333333,I28-I26,""),IF(AND(I25<>"",LEFT(C25,2)<>"NC",I25<>"H. Sale Real"),IF(I28-I25<0.208333333333333,I28-I25,""),IF(AND(I24<>"",LEFT(C24,2)<>"NC",I24<>"H. Sale Real"),IF(I28-I24<0.208333333333333,I28-I24,""),IF(AND(I23<>"",LEFT(C23,2)<>"NC",I23<>"H. Sale Real"),IF(I28-I23<0.208333333333333,I28-I23,""),""))))),""),"") | T27: =IF(G27<>"H. Sale Real",IF(AND(G28<>"",LEFT(C28,2)<>"NC"),IF(AND(G27<>"",LEFT(C27,2)<>"NC",G27<>"H. Sale Real"),IF(G28-G27<0.208333333333333,G28-G27,""),IF(AND(G26<>"",LEFT(C26,2)<>"NC",G26<>"H. Sale Real"),IF(G28-G26<0.208333333333333,G28-G26,""),IF(AND(G25<>"",LEFT(C25,2)<>"NC",G25<>"H. Sale Real"),IF(G28-G25<0.208333333333333,G28-G25,""),IF(AND(G24<>"",LEFT(C24,2)<>"NC",G24<>"H. Sale Real"),IF(G28-G24<0.208333333333333,G28-G24,""),IF(AND(G23<>"",LEFT(C23,2)<>"NC",G23<>"H. Sale Real"),IF(G28-G23<0.208333333333333,G28-G23,""),""))))),""),"") | U27: 0.25347222 | W27: =IF(G27<>"",IF(AND(W26<>"IE",P27<>0,R27<>""),IF(IFERROR((P27/R27),0) <=1,IFERROR(P27/R27,""),1),""),"") | AB27: =HOUR(AH27)+1 -> 1 | AI27: =IF(AJ27="","",IF(AND((AJ27-AH27)>=TIME(0,0,0),(AJ27-AH27)<TIME(0,3,0)),"OK",IF(AND((AJ27-AH27)>=TIME(0,3,0),(AJ27-AH27)<TIME(0,5,0)),"RETRASO DE 3-5 MIN",IF(AND((AJ27-AH27)>=TIME(0,5,0),(AJ27-AH27)<TIME(0,10,0)),"RETRASO DE 5-10 MIN",IF((AJ27-AH27)>=TIME(0,10,0),"RETRASO >10 MIN", IF(AND((AH27-AJ27)>=TIME(0,0,0),(AH27-AJ27)<TIME(0,3,0)),"OK",IF((AH27-AJ27)>=TIME(0,3,0),"ADELANTADO"))))))) | AK27: =IF(AB27<>"",HLOOKUP(VALUE(TEXT(AH27,"h:mm:ss")),IF($C$6="Laboral",$FT$4:$GR$227,IF($C$6="Sábado",$FT$231:$GR$452,$FT$456:$GR$656)),VLOOKUP($C$4,$GZ$2:$HB$99,3,0)+IF(AD$5="Ida",0,1),1),"") -> #N/A | AL27: =IF(AB28<>AB27,AVERAGEIF(AB$9:AB27,AB27,AK$9:AK27),"") | AM27: =IFERROR(IF(AB28<>AB27,AVERAGEIF(AB$9:AB27,AB27,AT$9:AT27),""),"") | AN27: =IFERROR(IF(AB28<>AB27,AVERAGEIF(AB$9:AB27,AB27,AU$9:AU27),""),"") | AO27: {=IFERROR(IF(AB28<>AB27,_xlfn.STDEV.P(IF(AB$9:AB27=AB27,AU$9:AU27)),""),"")} | AP27: {=IFERROR(IF(AB28<>AB27,_xlfn.STDEV.P(IF(AB$9:AB27=AB27,AT$9:AT27)),""),"")} | AQ27: =IFERROR(IF(AB27<>AB28,MAX((((AN27*24*60)/2)*(1+POWER((((AO27*24*60) / (AN27*24*60) )),2))) + ((AN27*24*60 )*-0.1 + (AL27*0.015)) +1,(((AN27*24*60)/2)*(1+POWER((((AO27*24*60) / (AN27*24*60 ))),2)))),""),"") | AR27: =IF(AND(AP27<>"",AM27<>""),IF(AB27<>AB28,((AM27*24*60) / 2 ) * (1 + POWER(((AP27*24*60) / (AM27*24*60)),2)),""),"") | AS27: =IF(AR27<>"",MAX(AQ27,AR27),"") | AT27: =IF(AJ27<>"H. Sale Real",IF(AND(AJ28<>"",LEFT(AD28,2)<>"NC"),IF(AND(AJ27<>"",LEFT(AD27,2)<>"NC",AJ27<>"H. Sale Real"),IF(AJ28-AJ27<0.208333333333333,AJ28-AJ27,""),IF(AND(AJ26<>"",LEFT(AD26,2)<>"NC",AJ26<>"H. Sale Real"),IF(AJ28-AJ26<0.208333333333333,AJ28-AJ26,""),IF(AND(AJ25<>"",LEFT(AD25,2)<>"NC",AJ25<>"H. Sale Real"),IF(AJ28-AJ25<0.208333333333333,AJ28-AJ25,""),IF(AND(AJ24<>"",LEFT(AD24,2)<>"NC",AJ24<>"H. Sale Real"),IF(AJ28-AJ24<0.208333333333333,AJ28-AJ24,""),IF(AND(AJ23<>"",LEFT(AD23,2)<>"NC",AJ23<>"H. Sale Real"),IF(AJ28-AJ23<0.208333333333333,AJ28-AJ23,""),""))))),""),"") | AU27: =IF(AH27<>"H. Sale Real",IF(AND(AH28<>"",LEFT(AD28,2)<>"NC"),IF(AND(AH27<>"",LEFT(AD27,2)<>"NC",AH27<>"H. Sale Real"),IF(AH28-AH27<0.208333333333333,AH28-AH27,""),IF(AND(AH26<>"",LEFT(AD26,2)<>"NC",AH26<>"H. Sale Real"),IF(AH28-AH26<0.208333333333333,AH28-AH26,""),IF(AND(AH25<>"",LEFT(AD25,2)<>"NC",AH25<>"H. Sale Real"),IF(AH28-AH25<0.208333333333333,AH28-AH25,""),IF(AND(AH24<>"",LEFT(AD24,2)<>"NC",AH24<>"H. Sale Real"),IF(AH28-AH24<0.208333333333333,AH28-AH24,""),IF(AND(AH23<>"",LEFT(AD23,2)<>"NC",AH23<>"H. Sale Real"),IF(AH28-AH23<0.208333333333333,AH28-AH23,""),""))))),""),"") | AX27: =IF(AH27<>"",IF(AND(AX26<>"IE",AQ27<>0,AS27<>""),IF(IFERROR((AQ27/AS27),0) <=1,IFERROR(AQ27/AS27,""),1),""),"") | BC27: 15 | BD27: =COUNTIFS($A:$A,$BC27,$C:$C,$BC$11) -> 0 | BE27: =BD27-COUNTIFS($A:$A,$BC27,$C:$C,$BC$11,$H:$H,"") -> 0 | BF27: =IFERROR((BE27/BD27),"") | BG27: =_xlfn.XLOOKUP(BC27,$A:$A,$R:$R,"0",0,-1) -> 0 | BH27: =_xlfn.XLOOKUP(BC27,$A:$A,$P:$P,"0",0,-1) -> 0 | BI27: =_xlfn.XLOOKUP(BC27,$A:$A,$W:$W,"",0,-1) | BL27: 15 | BM27: =COUNTIFS($AB:$AB,$BL27,$AD:$AD,$BL$11) -> 0 | BN27: =BM27-COUNTIFS($AB:$AB,$BL27,$AD:$AD,$BL$11,$AI:$AI,"") -> 0 | BO27: =IFERROR((BN27/BM27),"") | BP27: =_xlfn.XLOOKUP(BL27,$AB:$AB,$AS:$AS,"0",0,-1) -> 0 | BQ27: =_xlfn.XLOOKUP(BL27,$AB:$AB,$AQ:$AQ,"0",0,-1) -> 0 | BR27: =_xlfn.XLOOKUP(BL27,$AB:$AB,$AX:$AX,"",0,-1) | EW27: Diccionario 1 | EX27: 1024 | EY27: D8481794K2PL | EZ27: YV3T7U529KA195461 | FA27: Volvo | FB27: B8R | FC27: MARCOPOLO | FD27: TORINO | FE27: 2019 | FF27: B2PAL | FG27: LOS LIBERTADORES | FH27: Los Liberadores 6450, Lote 4A | FI27: Huechuraba | FJ27: B | FM27: 3007 / SFWB-50| | FN27: SFWB-50| | FO27: SFWB-50 | FP27: =VLOOKUP(FO27,EX:FF,9,0) -> B | FT27: B20 | FU27: 0 | FV27: 0 | FW27: 0 | FX27: 0 | FY27: 0 | FZ27: 8.925 | GA27: 16.07 | GB27: 16.025 | GC27: 17.375 | GD27: 18.3 | GE27: 17.955 | GF27: 17.63 | GG27: 17.615 | GH27: 17.755 | GI27: 17.295 | GJ27: 16.815 | GK27: 15.605 | GL27: 14.895 | GM27: 16.64 | GN27: 19.025 | GO27: 20.635 | GP27: 22.51 | GQ27: 24.19 | GR27: 0 | GU27: 24 | GV27: 21 | GY27: U8 | GZ27: C18 | HA27: C18 | HB27: 43 | HF27: OmegaU8 | HG27: C18 | HH27: Aguirre Luco | HI27: 918
A28: =HOUR(G28)+1 -> 1 | D28: =IFERROR( IF(AND(OR(Planilla!B28="C",Planilla!B28="c"), VLOOKUP(E28,EX:FJ,13,0)="C"), "OK",IF(AND(OR(Planilla!B28="C",Planilla!B28="c"), OR(VLOOKUP(E28,EX:FJ,13,0)="B", VLOOKUP(E28,EX:FJ,13,0)="A")), "DEFICIT",IF( AND(OR(Planilla!B28="B", Planilla!B28="BPAL"), VLOOKUP(E28,EX:FJ,13,0)="B"), "OK",IF(AND(OR(Planilla!B28="B", Planilla!B28="BPAL"), VLOOKUP(E28,EX:FJ,13,0)="A"), "DEFICIT",IF(AND(OR(Planilla!B28="B", Planilla!B28="BPAL"), VLOOKUP(E28,EX:FJ,13,0)="C"), "SOBREOFERTA",IF(AND(Planilla!B28="A", VLOOKUP(E28,EX:FJ,13,0)="A"), "OK",IF( AND(Planilla!B28="A", OR(VLOOKUP(E28,EX:FJ,13,0)="B", VLOOKUP(E28,EX:FJ,13,0)="C")), "SOBREOFERTA","" ))))))),"") | H28: =IF(I28="","",IF(AND((I28-G28)>=TIME(0,0,0),(I28-G28)<TIME(0,3,0)),"OK",IF(AND((I28-G28)>=TIME(0,3,0),(I28-G28)<TIME(0,5,0)),"RETRASO DE 3-5 MIN",IF(AND((I28-G28)>=TIME(0,5,0),(I28-G28)<TIME(0,10,0)),"RETRASO DE 5-10 MIN",IF((I28-G28)>=TIME(0,10,0),"RETRASO >10 MIN", IF(AND((G28-I28)>=TIME(0,0,0),(G28-I28)<TIME(0,3,0)),"OK",IF((G28-I28)>=TIME(0,3,0),"ADELANTADO"))))))) | J28: =IF(A28<>"",HLOOKUP(VALUE(TEXT(G28,"h:mm:ss")),IF($C$6="Laboral",$FT$4:$GR$227,IF($C$6="Sábado",$FT$231:$GR$452,$FT$456:$GR$656)),VLOOKUP($C$4,$GZ$2:$HB$99,3,0)+IF(C$5="Ida",0,1),1),"") -> #N/A | K28: =IF(A29<>A28,AVERAGEIF(A$9:A28,A28,J$9:J28),"") | L28: =IFERROR(IF(A29<>A28,AVERAGEIF(A$9:A28,A28,S$9:S28),""),"") | M28: =IFERROR(IF(A29<>A28,AVERAGEIF(A$9:A28,A28,T$9:T28),""),"") | N28: {=IFERROR(IF(A29<>A28,_xlfn.STDEV.P(IF(A$9:A28=A28,T$9:T28)),""),"")} | O28: {=IFERROR(IF(A29<>A28,_xlfn.STDEV.P(IF(A$9:A28=A28,S$9:S28)),""),"")} | P28: =IFERROR(IF(A28<>A29,MAX((((M28*24*60)/2)*(1+POWER((((N28*24*60) / (M28*24*60) )),2))) + ((M28*24*60 )*-0.1 + (K28*0.015)) +1,(((M28*24*60)/2)*(1+POWER((((N28*24*60) / (M28*24*60 ))),2)))),""),"") | Q28: =IF(AND(O28<>"",L28<>""),IF(A28<>A29,((L28*24*60) / 2 ) * (1 + POWER(((O28*24*60) / (L28*24*60)),2)),""),"") | R28: =IF(Q28<>"",MAX(P28,Q28),"") | S28: =IF(I28<>"H. Sale Real",IF(AND(I29<>"",LEFT(C29,2)<>"NC"),IF(AND(I28<>"",LEFT(C28,2)<>"NC",I28<>"H. Sale Real"),IF(I29-I28<0.208333333333333,I29-I28,""),IF(AND(I27<>"",LEFT(C27,2)<>"NC",I27<>"H. Sale Real"),IF(I29-I27<0.208333333333333,I29-I27,""),IF(AND(I26<>"",LEFT(C26,2)<>"NC",I26<>"H. Sale Real"),IF(I29-I26<0.208333333333333,I29-I26,""),IF(AND(I25<>"",LEFT(C25,2)<>"NC",I25<>"H. Sale Real"),IF(I29-I25<0.208333333333333,I29-I25,""),IF(AND(I24<>"",LEFT(C24,2)<>"NC",I24<>"H. Sale Real"),IF(I29-I24<0.208333333333333,I29-I24,""),""))))),""),"") | T28: =IF(G28<>"H. Sale Real",IF(AND(G29<>"",LEFT(C29,2)<>"NC"),IF(AND(G28<>"",LEFT(C28,2)<>"NC",G28<>"H. Sale Real"),IF(G29-G28<0.208333333333333,G29-G28,""),IF(AND(G27<>"",LEFT(C27,2)<>"NC",G27<>"H. Sale Real"),IF(G29-G27<0.208333333333333,G29-G27,""),IF(AND(G26<>"",LEFT(C26,2)<>"NC",G26<>"H. Sale Real"),IF(G29-G26<0.208333333333333,G29-G26,""),IF(AND(G25<>"",LEFT(C25,2)<>"NC",G25<>"H. Sale Real"),IF(G29-G25<0.208333333333333,G29-G25,""),IF(AND(G24<>"",LEFT(C24,2)<>"NC",G24<>"H. Sale Real"),IF(G29-G24<0.208333333333333,G29-G24,""),""))))),""),"") | U28: 0.26041667 | W28: =IF(G28<>"",IF(AND(W27<>"IE",P28<>0,R28<>""),IF(IFERROR((P28/R28),0) <=1,IFERROR(P28/R28,""),1),""),"") | AB28: =HOUR(AH28)+1 -> 1 | AI28: =IF(AJ28="","",IF(AND((AJ28-AH28)>=TIME(0,0,0),(AJ28-AH28)<TIME(0,3,0)),"OK",IF(AND((AJ28-AH28)>=TIME(0,3,0),(AJ28-AH28)<TIME(0,5,0)),"RETRASO DE 3-5 MIN",IF(AND((AJ28-AH28)>=TIME(0,5,0),(AJ28-AH28)<TIME(0,10,0)),"RETRASO DE 5-10 MIN",IF((AJ28-AH28)>=TIME(0,10,0),"RETRASO >10 MIN", IF(AND((AH28-AJ28)>=TIME(0,0,0),(AH28-AJ28)<TIME(0,3,0)),"OK",IF((AH28-AJ28)>=TIME(0,3,0),"ADELANTADO"))))))) | AK28: =IF(AB28<>"",HLOOKUP(VALUE(TEXT(AH28,"h:mm:ss")),IF($C$6="Laboral",$FT$4:$GR$227,IF($C$6="Sábado",$FT$231:$GR$452,$FT$456:$GR$656)),VLOOKUP($C$4,$GZ$2:$HB$99,3,0)+IF(AD$5="Ida",0,1),1),"") -> #N/A | AL28: =IF(AB29<>AB28,AVERAGEIF(AB$9:AB28,AB28,AK$9:AK28),"") | AM28: =IFERROR(IF(AB29<>AB28,AVERAGEIF(AB$9:AB28,AB28,AT$9:AT28),""),"") | AN28: =IFERROR(IF(AB29<>AB28,AVERAGEIF(AB$9:AB28,AB28,AU$9:AU28),""),"") | AO28: {=IFERROR(IF(AB29<>AB28,_xlfn.STDEV.P(IF(AB$9:AB28=AB28,AU$9:AU28)),""),"")} | AP28: {=IFERROR(IF(AB29<>AB28,_xlfn.STDEV.P(IF(AB$9:AB28=AB28,AT$9:AT28)),""),"")} | AQ28: =IFERROR(IF(AB28<>AB29,MAX((((AN28*24*60)/2)*(1+POWER((((AO28*24*60) / (AN28*24*60) )),2))) + ((AN28*24*60 )*-0.1 + (AL28*0.015)) +1,(((AN28*24*60)/2)*(1+POWER((((AO28*24*60) / (AN28*24*60 ))),2)))),""),"") | AR28: =IF(AND(AP28<>"",AM28<>""),IF(AB28<>AB29,((AM28*24*60) / 2 ) * (1 + POWER(((AP28*24*60) / (AM28*24*60)),2)),""),"") | AS28: =IF(AR28<>"",MAX(AQ28,AR28),"") | AT28: =IF(AJ28<>"H. Sale Real",IF(AND(AJ29<>"",LEFT(AD29,2)<>"NC"),IF(AND(AJ28<>"",LEFT(AD28,2)<>"NC",AJ28<>"H. Sale Real"),IF(AJ29-AJ28<0.208333333333333,AJ29-AJ28,""),IF(AND(AJ27<>"",LEFT(AD27,2)<>"NC",AJ27<>"H. Sale Real"),IF(AJ29-AJ27<0.208333333333333,AJ29-AJ27,""),IF(AND(AJ26<>"",LEFT(AD26,2)<>"NC",AJ26<>"H. Sale Real"),IF(AJ29-AJ26<0.208333333333333,AJ29-AJ26,""),IF(AND(AJ25<>"",LEFT(AD25,2)<>"NC",AJ25<>"H. Sale Real"),IF(AJ29-AJ25<0.208333333333333,AJ29-AJ25,""),IF(AND(AJ24<>"",LEFT(AD24,2)<>"NC",AJ24<>"H. Sale Real"),IF(AJ29-AJ24<0.208333333333333,AJ29-AJ24,""),""))))),""),"") | AU28: =IF(AH28<>"H. Sale Real",IF(AND(AH29<>"",LEFT(AD29,2)<>"NC"),IF(AND(AH28<>"",LEFT(AD28,2)<>"NC",AH28<>"H. Sale Real"),IF(AH29-AH28<0.208333333333333,AH29-AH28,""),IF(AND(AH27<>"",LEFT(AD27,2)<>"NC",AH27<>"H. Sale Real"),IF(AH29-AH27<0.208333333333333,AH29-AH27,""),IF(AND(AH26<>"",LEFT(AD26,2)<>"NC",AH26<>"H. Sale Real"),IF(AH29-AH26<0.208333333333333,AH29-AH26,""),IF(AND(AH25<>"",LEFT(AD25,2)<>"NC",AH25<>"H. Sale Real"),IF(AH29-AH25<0.208333333333333,AH29-AH25,""),IF(AND(AH24<>"",LEFT(AD24,2)<>"NC",AH24<>"H. Sale Real"),IF(AH29-AH24<0.208333333333333,AH29-AH24,""),""))))),""),"") | AX28: =IF(AH28<>"",IF(AND(AX27<>"IE",AQ28<>0,AS28<>""),IF(IFERROR((AQ28/AS28),0) <=1,IFERROR(AQ28/AS28,""),1),""),"") | BC28: 16 | BD28: =COUNTIFS($A:$A,$BC28,$C:$C,$BC$11) -> 0 | BE28: =BD28-COUNTIFS($A:$A,$BC28,$C:$C,$BC$11,$H:$H,"") -> 0 | BF28: =IFERROR((BE28/BD28),"") | BG28: =_xlfn.XLOOKUP(BC28,$A:$A,$R:$R,"0",0,-1) -> 0 | BH28: =_xlfn.XLOOKUP(BC28,$A:$A,$P:$P,"0",0,-1) -> 0 | BI28: =_xlfn.XLOOKUP(BC28,$A:$A,$W:$W,"",0,-1) | BL28: 16 | BM28: =COUNTIFS($AB:$AB,$BL28,$AD:$AD,$BL$11) -> 0 | BN28: =BM28-COUNTIFS($AB:$AB,$BL28,$AD:$AD,$BL$11,$AI:$AI,"") -> 0 | BO28: =IFERROR((BN28/BM28),"") | BP28: =_xlfn.XLOOKUP(BL28,$AB:$AB,$AS:$AS,"0",0,-1) -> 0 | BQ28: =_xlfn.XLOOKUP(BL28,$AB:$AB,$AQ:$AQ,"0",0,-1) -> 0 | BR28: =_xlfn.XLOOKUP(BL28,$AB:$AB,$AX:$AX,"",0,-1) | EW28: Diccionario 1 | EX28: 1025 | EY28: D8483045K2PL | EZ28: YV3T7U520KA195462 | FA28: Volvo | FB28: B8R | FC28: MARCOPOLO | FD28: TORINO | FE28: 2019 | FF28: B2PAL | FG28: LOS LIBERTADORES | FH28: Los Liberadores 6450, Lote 4A | FI28: Huechuraba | FJ28: B | FM28: 3007 / SFWB-50| | FN28: SFWB-50| | FO28: SFWB-50 | FP28: =VLOOKUP(FO28,EX:FF,9,0) -> B | FT28: 722 | FU28: 0 | FV28: 0 | FW28: 0 | FX28: 0 | FY28: 33.35 | FZ28: 28.915 | GA28: 20.485 | GB28: 15.51 | GC28: 16.905 | GD28: 19.285 | GE28: 20.875 | GF28: 20.73 | GG28: 19.905 | GH28: 19.655 | GI28: 19.46 | GJ28: 18.505 | GK28: 17.405 | GL28: 16.31 | GM28: 16.535 | GN28: 19.545 | GO28: 21.92 | GP28: 23.85 | GQ28: 25.92 | GR28: 27.725 | GU28: 25 | GV28: 22 | GY28: U8 | GZ28: B19 | HA28: B19 | HB28: 45 | HF28: OmegaU8 | HG28: B19 | HH28: Aguirre Luco | HI28: 919
A29: =HOUR(G29)+1 -> 1 | D29: =IFERROR( IF(AND(OR(Planilla!B29="C",Planilla!B29="c"), VLOOKUP(E29,EX:FJ,13,0)="C"), "OK",IF(AND(OR(Planilla!B29="C",Planilla!B29="c"), OR(VLOOKUP(E29,EX:FJ,13,0)="B", VLOOKUP(E29,EX:FJ,13,0)="A")), "DEFICIT",IF( AND(OR(Planilla!B29="B", Planilla!B29="BPAL"), VLOOKUP(E29,EX:FJ,13,0)="B"), "OK",IF(AND(OR(Planilla!B29="B", Planilla!B29="BPAL"), VLOOKUP(E29,EX:FJ,13,0)="A"), "DEFICIT",IF(AND(OR(Planilla!B29="B", Planilla!B29="BPAL"), VLOOKUP(E29,EX:FJ,13,0)="C"), "SOBREOFERTA",IF(AND(Planilla!B29="A", VLOOKUP(E29,EX:FJ,13,0)="A"), "OK",IF( AND(Planilla!B29="A", OR(VLOOKUP(E29,EX:FJ,13,0)="B", VLOOKUP(E29,EX:FJ,13,0)="C")), "SOBREOFERTA","" ))))))),"") | H29: =IF(I29="","",IF(AND((I29-G29)>=TIME(0,0,0),(I29-G29)<TIME(0,3,0)),"OK",IF(AND((I29-G29)>=TIME(0,3,0),(I29-G29)<TIME(0,5,0)),"RETRASO DE 3-5 MIN",IF(AND((I29-G29)>=TIME(0,5,0),(I29-G29)<TIME(0,10,0)),"RETRASO DE 5-10 MIN",IF((I29-G29)>=TIME(0,10,0),"RETRASO >10 MIN", IF(AND((G29-I29)>=TIME(0,0,0),(G29-I29)<TIME(0,3,0)),"OK",IF((G29-I29)>=TIME(0,3,0),"ADELANTADO"))))))) | J29: =IF(A29<>"",HLOOKUP(VALUE(TEXT(G29,"h:mm:ss")),IF($C$6="Laboral",$FT$4:$GR$227,IF($C$6="Sábado",$FT$231:$GR$452,$FT$456:$GR$656)),VLOOKUP($C$4,$GZ$2:$HB$99,3,0)+IF(C$5="Ida",0,1),1),"") -> #N/A | K29: =IF(A30<>A29,AVERAGEIF(A$9:A29,A29,J$9:J29),"") | L29: =IFERROR(IF(A30<>A29,AVERAGEIF(A$9:A29,A29,S$9:S29),""),"") | M29: =IFERROR(IF(A30<>A29,AVERAGEIF(A$9:A29,A29,T$9:T29),""),"") | N29: {=IFERROR(IF(A30<>A29,_xlfn.STDEV.P(IF(A$9:A29=A29,T$9:T29)),""),"")} | O29: {=IFERROR(IF(A30<>A29,_xlfn.STDEV.P(IF(A$9:A29=A29,S$9:S29)),""),"")} | P29: =IFERROR(IF(A29<>A30,MAX((((M29*24*60)/2)*(1+POWER((((N29*24*60) / (M29*24*60) )),2))) + ((M29*24*60 )*-0.1 + (K29*0.015)) +1,(((M29*24*60)/2)*(1+POWER((((N29*24*60) / (M29*24*60 ))),2)))),""),"") | Q29: =IF(AND(O29<>"",L29<>""),IF(A29<>A30,((L29*24*60) / 2 ) * (1 + POWER(((O29*24*60) / (L29*24*60)),2)),""),"") | R29: =IF(Q29<>"",MAX(P29,Q29),"") | S29: =IF(I29<>"H. Sale Real",IF(AND(I30<>"",LEFT(C30,2)<>"NC"),IF(AND(I29<>"",LEFT(C29,2)<>"NC",I29<>"H. Sale Real"),IF(I30-I29<0.208333333333333,I30-I29,""),IF(AND(I28<>"",LEFT(C28,2)<>"NC",I28<>"H. Sale Real"),IF(I30-I28<0.208333333333333,I30-I28,""),IF(AND(I27<>"",LEFT(C27,2)<>"NC",I27<>"H. Sale Real"),IF(I30-I27<0.208333333333333,I30-I27,""),IF(AND(I26<>"",LEFT(C26,2)<>"NC",I26<>"H. Sale Real"),IF(I30-I26<0.208333333333333,I30-I26,""),IF(AND(I25<>"",LEFT(C25,2)<>"NC",I25<>"H. Sale Real"),IF(I30-I25<0.208333333333333,I30-I25,""),""))))),""),"") | T29: =IF(G29<>"H. Sale Real",IF(AND(G30<>"",LEFT(C30,2)<>"NC"),IF(AND(G29<>"",LEFT(C29,2)<>"NC",G29<>"H. Sale Real"),IF(G30-G29<0.208333333333333,G30-G29,""),IF(AND(G28<>"",LEFT(C28,2)<>"NC",G28<>"H. Sale Real"),IF(G30-G28<0.208333333333333,G30-G28,""),IF(AND(G27<>"",LEFT(C27,2)<>"NC",G27<>"H. Sale Real"),IF(G30-G27<0.208333333333333,G30-G27,""),IF(AND(G26<>"",LEFT(C26,2)<>"NC",G26<>"H. Sale Real"),IF(G30-G26<0.208333333333333,G30-G26,""),IF(AND(G25<>"",LEFT(C25,2)<>"NC",G25<>"H. Sale Real"),IF(G30-G25<0.208333333333333,G30-G25,""),""))))),""),"") | U29: 0.26736111 | W29: =IF(G29<>"",IF(AND(W28<>"IE",P29<>0,R29<>""),IF(IFERROR((P29/R29),0) <=1,IFERROR(P29/R29,""),1),""),"") | AB29: =HOUR(AH29)+1 -> 1 | AI29: =IF(AJ29="","",IF(AND((AJ29-AH29)>=TIME(0,0,0),(AJ29-AH29)<TIME(0,3,0)),"OK",IF(AND((AJ29-AH29)>=TIME(0,3,0),(AJ29-AH29)<TIME(0,5,0)),"RETRASO DE 3-5 MIN",IF(AND((AJ29-AH29)>=TIME(0,5,0),(AJ29-AH29)<TIME(0,10,0)),"RETRASO DE 5-10 MIN",IF((AJ29-AH29)>=TIME(0,10,0),"RETRASO >10 MIN", IF(AND((AH29-AJ29)>=TIME(0,0,0),(AH29-AJ29)<TIME(0,3,0)),"OK",IF((AH29-AJ29)>=TIME(0,3,0),"ADELANTADO"))))))) | AK29: =IF(AB29<>"",HLOOKUP(VALUE(TEXT(AH29,"h:mm:ss")),IF($C$6="Laboral",$FT$4:$GR$227,IF($C$6="Sábado",$FT$231:$GR$452,$FT$456:$GR$656)),VLOOKUP($C$4,$GZ$2:$HB$99,3,0)+IF(AD$5="Ida",0,1),1),"") -> #N/A | AL29: =IF(AB30<>AB29,AVERAGEIF(AB$9:AB29,AB29,AK$9:AK29),"") | AM29: =IFERROR(IF(AB30<>AB29,AVERAGEIF(AB$9:AB29,AB29,AT$9:AT29),""),"") | AN29: =IFERROR(IF(AB30<>AB29,AVERAGEIF(AB$9:AB29,AB29,AU$9:AU29),""),"") | AO29: {=IFERROR(IF(AB30<>AB29,_xlfn.STDEV.P(IF(AB$9:AB29=AB29,AU$9:AU29)),""),"")} | AP29: {=IFERROR(IF(AB30<>AB29,_xlfn.STDEV.P(IF(AB$9:AB29=AB29,AT$9:AT29)),""),"")} | AQ29: =IFERROR(IF(AB29<>AB30,MAX((((AN29*24*60)/2)*(1+POWER((((AO29*24*60) / (AN29*24*60) )),2))) + ((AN29*24*60 )*-0.1 + (AL29*0.015)) +1,(((AN29*24*60)/2)*(1+POWER((((AO29*24*60) / (AN29*24*60 ))),2)))),""),"") | AR29: =IF(AND(AP29<>"",AM29<>""),IF(AB29<>AB30,((AM29*24*60) / 2 ) * (1 + POWER(((AP29*24*60) / (AM29*24*60)),2)),""),"") | AS29: =IF(AR29<>"",MAX(AQ29,AR29),"") | AT29: =IF(AJ29<>"H. Sale Real",IF(AND(AJ30<>"",LEFT(AD30,2)<>"NC"),IF(AND(AJ29<>"",LEFT(AD29,2)<>"NC",AJ29<>"H. Sale Real"),IF(AJ30-AJ29<0.208333333333333,AJ30-AJ29,""),IF(AND(AJ28<>"",LEFT(AD28,2)<>"NC",AJ28<>"H. Sale Real"),IF(AJ30-AJ28<0.208333333333333,AJ30-AJ28,""),IF(AND(AJ27<>"",LEFT(AD27,2)<>"NC",AJ27<>"H. Sale Real"),IF(AJ30-AJ27<0.208333333333333,AJ30-AJ27,""),IF(AND(AJ26<>"",LEFT(AD26,2)<>"NC",AJ26<>"H. Sale Real"),IF(AJ30-AJ26<0.208333333333333,AJ30-AJ26,""),IF(AND(AJ25<>"",LEFT(AD25,2)<>"NC",AJ25<>"H. Sale Real"),IF(AJ30-AJ25<0.208333333333333,AJ30-AJ25,""),""))))),""),"") | AU29: =IF(AH29<>"H. Sale Real",IF(AND(AH30<>"",LEFT(AD30,2)<>"NC"),IF(AND(AH29<>"",LEFT(AD29,2)<>"NC",AH29<>"H. Sale Real"),IF(AH30-AH29<0.208333333333333,AH30-AH29,""),IF(AND(AH28<>"",LEFT(AD28,2)<>"NC",AH28<>"H. Sale Real"),IF(AH30-AH28<0.208333333333333,AH30-AH28,""),IF(AND(AH27<>"",LEFT(AD27,2)<>"NC",AH27<>"H. Sale Real"),IF(AH30-AH27<0.208333333333333,AH30-AH27,""),IF(AND(AH26<>"",LEFT(AD26,2)<>"NC",AH26<>"H. Sale Real"),IF(AH30-AH26<0.208333333333333,AH30-AH26,""),IF(AND(AH25<>"",LEFT(AD25,2)<>"NC",AH25<>"H. Sale Real"),IF(AH30-AH25<0.208333333333333,AH30-AH25,""),""))))),""),"") | AX29: =IF(AH29<>"",IF(AND(AX28<>"IE",AQ29<>0,AS29<>""),IF(IFERROR((AQ29/AS29),0) <=1,IFERROR(AQ29/AS29,""),1),""),"") | BC29: 17 | BD29: =COUNTIFS($A:$A,$BC29,$C:$C,$BC$11) -> 0 | BE29: =BD29-COUNTIFS($A:$A,$BC29,$C:$C,$BC$11,$H:$H,"") -> 0 | BF29: =IFERROR((BE29/BD29),"") | BG29: =_xlfn.XLOOKUP(BC29,$A:$A,$R:$R,"0",0,-1) -> 0 | BH29: =_xlfn.XLOOKUP(BC29,$A:$A,$P:$P,"0",0,-1) -> 0 | BI29: =_xlfn.XLOOKUP(BC29,$A:$A,$W:$W,"",0,-1) | BL29: 17 | BM29: =COUNTIFS($AB:$AB,$BL29,$AD:$AD,$BL$11) -> 0 | BN29: =BM29-COUNTIFS($AB:$AB,$BL29,$AD:$AD,$BL$11,$AI:$AI,"") -> 0 | BO29: =IFERROR((BN29/BM29),"") | BP29: =_xlfn.XLOOKUP(BL29,$AB:$AB,$AS:$AS,"0",0,-1) -> 0 | BQ29: =_xlfn.XLOOKUP(BL29,$AB:$AB,$AQ:$AQ,"0",0,-1) -> 0 | BR29: =_xlfn.XLOOKUP(BL29,$AB:$AB,$AX:$AX,"",0,-1) | EW29: Diccionario 1 | EX29: 1026 | EY29: D8483063K2PL | EZ29: YV3T7U522KA195463 | FA29: Volvo | FB29: B8R | FC29: MARCOPOLO | FD29: TORINO | FE29: 2019 | FF29: B2PAL | FG29: LOS LIBERTADORES | FH29: Los Liberadores 6450, Lote 4A | FI29: Huechuraba | FJ29: B | FM29: 3007 / SFWB-50| | FN29: SFWB-50| | FO29: SFWB-50 | FP29: =VLOOKUP(FO29,EX:FF,9,0) -> B | FT29: 722 | FU29: 31.885 | FV29: 16.595 | FW29: 0 | FX29: 0 | FY29: 0 | FZ29: 31.7 | GA29: 24.445 | GB29: 17.905 | GC29: 18.37 | GD29: 21.83 | GE29: 23.075 | GF29: 22.29 | GG29: 20.965 | GH29: 20.16 | GI29: 19.785 | GJ29: 18.25 | GK29: 16.44 | GL29: 14.33 | GM29: 15.94 | GN29: 19.19 | GO29: 21.99 | GP29: 24.335 | GQ29: 26.73 | GR29: 28.725 | GU29: 26 | GV29: 23 | GY29: U8 | GZ29: F02 | HA29: F02 | HB29: 46 | HF29: OmegaU8 | HG29: F02 | HH29: Pie Andino | HI29: 922
A30: =HOUR(G30)+1 -> 1 | D30: =IFERROR( IF(AND(OR(Planilla!B30="C",Planilla!B30="c"), VLOOKUP(E30,EX:FJ,13,0)="C"), "OK",IF(AND(OR(Planilla!B30="C",Planilla!B30="c"), OR(VLOOKUP(E30,EX:FJ,13,0)="B", VLOOKUP(E30,EX:FJ,13,0)="A")), "DEFICIT",IF( AND(OR(Planilla!B30="B", Planilla!B30="BPAL"), VLOOKUP(E30,EX:FJ,13,0)="B"), "OK",IF(AND(OR(Planilla!B30="B", Planilla!B30="BPAL"), VLOOKUP(E30,EX:FJ,13,0)="A"), "DEFICIT",IF(AND(OR(Planilla!B30="B", Planilla!B30="BPAL"), VLOOKUP(E30,EX:FJ,13,0)="C"), "SOBREOFERTA",IF(AND(Planilla!B30="A", VLOOKUP(E30,EX:FJ,13,0)="A"), "OK",IF( AND(Planilla!B30="A", OR(VLOOKUP(E30,EX:FJ,13,0)="B", VLOOKUP(E30,EX:FJ,13,0)="C")), "SOBREOFERTA","" ))))))),"") | H30: =IF(I30="","",IF(AND((I30-G30)>=TIME(0,0,0),(I30-G30)<TIME(0,3,0)),"OK",IF(AND((I30-G30)>=TIME(0,3,0),(I30-G30)<TIME(0,5,0)),"RETRASO DE 3-5 MIN",IF(AND((I30-G30)>=TIME(0,5,0),(I30-G30)<TIME(0,10,0)),"RETRASO DE 5-10 MIN",IF((I30-G30)>=TIME(0,10,0),"RETRASO >10 MIN", IF(AND((G30-I30)>=TIME(0,0,0),(G30-I30)<TIME(0,3,0)),"OK",IF((G30-I30)>=TIME(0,3,0),"ADELANTADO"))))))) | J30: =IF(A30<>"",HLOOKUP(VALUE(TEXT(G30,"h:mm:ss")),IF($C$6="Laboral",$FT$4:$GR$227,IF($C$6="Sábado",$FT$231:$GR$452,$FT$456:$GR$656)),VLOOKUP($C$4,$GZ$2:$HB$99,3,0)+IF(C$5="Ida",0,1),1),"") -> #N/A | K30: =IF(A31<>A30,AVERAGEIF(A$9:A30,A30,J$9:J30),"") | L30: =IFERROR(IF(A31<>A30,AVERAGEIF(A$9:A30,A30,S$9:S30),""),"") | M30: =IFERROR(IF(A31<>A30,AVERAGEIF(A$9:A30,A30,T$9:T30),""),"") | N30: {=IFERROR(IF(A31<>A30,_xlfn.STDEV.P(IF(A$9:A30=A30,T$9:T30)),""),"")} | O30: {=IFERROR(IF(A31<>A30,_xlfn.STDEV.P(IF(A$9:A30=A30,S$9:S30)),""),"")} | P30: =IFERROR(IF(A30<>A31,MAX((((M30*24*60)/2)*(1+POWER((((N30*24*60) / (M30*24*60) )),2))) + ((M30*24*60 )*-0.1 + (K30*0.015)) +1,(((M30*24*60)/2)*(1+POWER((((N30*24*60) / (M30*24*60 ))),2)))),""),"") | Q30: =IF(AND(O30<>"",L30<>""),IF(A30<>A31,((L30*24*60) / 2 ) * (1 + POWER(((O30*24*60) / (L30*24*60)),2)),""),"") | R30: =IF(Q30<>"",MAX(P30,Q30),"") | S30: =IF(I30<>"H. Sale Real",IF(AND(I31<>"",LEFT(C31,2)<>"NC"),IF(AND(I30<>"",LEFT(C30,2)<>"NC",I30<>"H. Sale Real"),IF(I31-I30<0.208333333333333,I31-I30,""),IF(AND(I29<>"",LEFT(C29,2)<>"NC",I29<>"H. Sale Real"),IF(I31-I29<0.208333333333333,I31-I29,""),IF(AND(I28<>"",LEFT(C28,2)<>"NC",I28<>"H. Sale Real"),IF(I31-I28<0.208333333333333,I31-I28,""),IF(AND(I27<>"",LEFT(C27,2)<>"NC",I27<>"H. Sale Real"),IF(I31-I27<0.208333333333333,I31-I27,""),IF(AND(I26<>"",LEFT(C26,2)<>"NC",I26<>"H. Sale Real"),IF(I31-I26<0.208333333333333,I31-I26,""),""))))),""),"") | T30: =IF(G30<>"H. Sale Real",IF(AND(G31<>"",LEFT(C31,2)<>"NC"),IF(AND(G30<>"",LEFT(C30,2)<>"NC",G30<>"H. Sale Real"),IF(G31-G30<0.208333333333333,G31-G30,""),IF(AND(G29<>"",LEFT(C29,2)<>"NC",G29<>"H. Sale Real"),IF(G31-G29<0.208333333333333,G31-G29,""),IF(AND(G28<>"",LEFT(C28,2)<>"NC",G28<>"H. Sale Real"),IF(G31-G28<0.208333333333333,G31-G28,""),IF(AND(G27<>"",LEFT(C27,2)<>"NC",G27<>"H. Sale Real"),IF(G31-G27<0.208333333333333,G31-G27,""),IF(AND(G26<>"",LEFT(C26,2)<>"NC",G26<>"H. Sale Real"),IF(G31-G26<0.208333333333333,G31-G26,""),""))))),""),"") | U30: 0.28333333 | W30: =IF(G30<>"",IF(AND(W29<>"IE",P30<>0,R30<>""),IF(IFERROR((P30/R30),0) <=1,IFERROR(P30/R30,""),1),""),"") | AB30: =HOUR(AH30)+1 -> 1 | AI30: =IF(AJ30="","",IF(AND((AJ30-AH30)>=TIME(0,0,0),(AJ30-AH30)<TIME(0,3,0)),"OK",IF(AND((AJ30-AH30)>=TIME(0,3,0),(AJ30-AH30)<TIME(0,5,0)),"RETRASO DE 3-5 MIN",IF(AND((AJ30-AH30)>=TIME(0,5,0),(AJ30-AH30)<TIME(0,10,0)),"RETRASO DE 5-10 MIN",IF((AJ30-AH30)>=TIME(0,10,0),"RETRASO >10 MIN", IF(AND((AH30-AJ30)>=TIME(0,0,0),(AH30-AJ30)<TIME(0,3,0)),"OK",IF((AH30-AJ30)>=TIME(0,3,0),"ADELANTADO"))))))) | AK30: =IF(AB30<>"",HLOOKUP(VALUE(TEXT(AH30,"h:mm:ss")),IF($C$6="Laboral",$FT$4:$GR$227,IF($C$6="Sábado",$FT$231:$GR$452,$FT$456:$GR$656)),VLOOKUP($C$4,$GZ$2:$HB$99,3,0)+IF(AD$5="Ida",0,1),1),"") -> #N/A | AL30: =IF(AB31<>AB30,AVERAGEIF(AB$9:AB30,AB30,AK$9:AK30),"") | AM30: =IFERROR(IF(AB31<>AB30,AVERAGEIF(AB$9:AB30,AB30,AT$9:AT30),""),"") | AN30: =IFERROR(IF(AB31<>AB30,AVERAGEIF(AB$9:AB30,AB30,AU$9:AU30),""),"") | AO30: {=IFERROR(IF(AB31<>AB30,_xlfn.STDEV.P(IF(AB$9:AB30=AB30,AU$9:AU30)),""),"")} | AP30: {=IFERROR(IF(AB31<>AB30,_xlfn.STDEV.P(IF(AB$9:AB30=AB30,AT$9:AT30)),""),"")} | AQ30: =IFERROR(IF(AB30<>AB31,MAX((((AN30*24*60)/2)*(1+POWER((((AO30*24*60) / (AN30*24*60) )),2))) + ((AN30*24*60 )*-0.1 + (AL30*0.015)) +1,(((AN30*24*60)/2)*(1+POWER((((AO30*24*60) / (AN30*24*60 ))),2)))),""),"") | AR30: =IF(AND(AP30<>"",AM30<>""),IF(AB30<>AB31,((AM30*24*60) / 2 ) * (1 + POWER(((AP30*24*60) / (AM30*24*60)),2)),""),"") | AS30: =IF(AR30<>"",MAX(AQ30,AR30),"") | AT30: =IF(AJ30<>"H. Sale Real",IF(AND(AJ31<>"",LEFT(AD31,2)<>"NC"),IF(AND(AJ30<>"",LEFT(AD30,2)<>"NC",AJ30<>"H. Sale Real"),IF(AJ31-AJ30<0.208333333333333,AJ31-AJ30,""),IF(AND(AJ29<>"",LEFT(AD29,2)<>"NC",AJ29<>"H. Sale Real"),IF(AJ31-AJ29<0.208333333333333,AJ31-AJ29,""),IF(AND(AJ28<>"",LEFT(AD28,2)<>"NC",AJ28<>"H. Sale Real"),IF(AJ31-AJ28<0.208333333333333,AJ31-AJ28,""),IF(AND(AJ27<>"",LEFT(AD27,2)<>"NC",AJ27<>"H. Sale Real"),IF(AJ31-AJ27<0.208333333333333,AJ31-AJ27,""),IF(AND(AJ26<>"",LEFT(AD26,2)<>"NC",AJ26<>"H. Sale Real"),IF(AJ31-AJ26<0.208333333333333,AJ31-AJ26,""),""))))),""),"") | AU30: =IF(AH30<>"H. Sale Real",IF(AND(AH31<>"",LEFT(AD31,2)<>"NC"),IF(AND(AH30<>"",LEFT(AD30,2)<>"NC",AH30<>"H. Sale Real"),IF(AH31-AH30<0.208333333333333,AH31-AH30,""),IF(AND(AH29<>"",LEFT(AD29,2)<>"NC",AH29<>"H. Sale Real"),IF(AH31-AH29<0.208333333333333,AH31-AH29,""),IF(AND(AH28<>"",LEFT(AD28,2)<>"NC",AH28<>"H. Sale Real"),IF(AH31-AH28<0.208333333333333,AH31-AH28,""),IF(AND(AH27<>"",LEFT(AD27,2)<>"NC",AH27<>"H. Sale Real"),IF(AH31-AH27<0.208333333333333,AH31-AH27,""),IF(AND(AH26<>"",LEFT(AD26,2)<>"NC",AH26<>"H. Sale Real"),IF(AH31-AH26<0.208333333333333,AH31-AH26,""),""))))),""),"") | AX30: =IF(AH30<>"",IF(AND(AX29<>"IE",AQ30<>0,AS30<>""),IF(IFERROR((AQ30/AS30),0) <=1,IFERROR(AQ30/AS30,""),1),""),"") | BC30: 18 | BD30: =COUNTIFS($A:$A,$BC30,$C:$C,$BC$11) -> 0 | BE30: =BD30-COUNTIFS($A:$A,$BC30,$C:$C,$BC$11,$H:$H,"") -> 0 | BF30: =IFERROR((BE30/BD30),"") | BG30: =_xlfn.XLOOKUP(BC30,$A:$A,$R:$R,"0",0,-1) -> 0 | BH30: =_xlfn.XLOOKUP(BC30,$A:$A,$P:$P,"0",0,-1) -> 0 | BI30: =_xlfn.XLOOKUP(BC30,$A:$A,$W:$W,"",0,-1) | BL30: 18 | BM30: =COUNTIFS($AB:$AB,$BL30,$AD:$AD,$BL$11) -> 0 | BN30: =BM30-COUNTIFS($AB:$AB,$BL30,$AD:$AD,$BL$11,$AI:$AI,"") -> 0 | BO30: =IFERROR((BN30/BM30),"") | BP30: =_xlfn.XLOOKUP(BL30,$AB:$AB,$AS:$AS,"0",0,-1) -> 0 | BQ30: =_xlfn.XLOOKUP(BL30,$AB:$AB,$AQ:$AQ,"0",0,-1) -> 0 | BR30: =_xlfn.XLOOKUP(BL30,$AB:$AB,$AX:$AX,"",0,-1) | EW30: Diccionario 1 | EX30: 1027 | EY30: D8483109K2PL | EZ30: YV3T7U523KA195486 | FA30: Volvo | FB30: B8R | FC30: MARCOPOLO | FD30: TORINO | FE30: 2019 | FF30: B2PAL | FG30: LOS LIBERTADORES | FH30: Los Liberadores 6450, Lote 4A | FI30: Huechuraba | FJ30: B | FM30: 3007 / SFWB-50| | FN30: SFWB-50| | FO30: SFWB-50 | FP30: =VLOOKUP(FO30,EX:FF,9,0) -> B | FT30: B24 | FU30: 0 | FV30: 0 | FW30: 0 | FX30: 0 | FY30: 0 | FZ30: 8.42 | GA30: 14.68 | GB30: 13.505 | GC30: 14.505 | GD30: 15.18 | GE30: 14.885 | GF30: 14.41 | GG30: 14.24 | GH30: 14.65 | GI30: 14.555 | GJ30: 14.03 | GK30: 13.07 | GL30: 12.885 | GM30: 14.365 | GN30: 16.175 | GO30: 17.535 | GP30: 19.54 | GQ30: 21.275 | GR30: 0 | GU30: 27 | GV30: 24 | GY30: U8 | GZ30: F05 | HA30: F05 | HB30: 48 | HF30: OmegaU8 | HG30: F05 | HH30: Pie Andino | HI30: 925
A31: =HOUR(G31)+1 -> 1 | D31: =IFERROR( IF(AND(OR(Planilla!B31="C",Planilla!B31="c"), VLOOKUP(E31,EX:FJ,13,0)="C"), "OK",IF(AND(OR(Planilla!B31="C",Planilla!B31="c"), OR(VLOOKUP(E31,EX:FJ,13,0)="B", VLOOKUP(E31,EX:FJ,13,0)="A")), "DEFICIT",IF( AND(OR(Planilla!B31="B", Planilla!B31="BPAL"), VLOOKUP(E31,EX:FJ,13,0)="B"), "OK",IF(AND(OR(Planilla!B31="B", Planilla!B31="BPAL"), VLOOKUP(E31,EX:FJ,13,0)="A"), "DEFICIT",IF(AND(OR(Planilla!B31="B", Planilla!B31="BPAL"), VLOOKUP(E31,EX:FJ,13,0)="C"), "SOBREOFERTA",IF(AND(Planilla!B31="A", VLOOKUP(E31,EX:FJ,13,0)="A"), "OK",IF( AND(Planilla!B31="A", OR(VLOOKUP(E31,EX:FJ,13,0)="B", VLOOKUP(E31,EX:FJ,13,0)="C")), "SOBREOFERTA","" ))))))),"") | H31: =IF(I31="","",IF(AND((I31-G31)>=TIME(0,0,0),(I31-G31)<TIME(0,3,0)),"OK",IF(AND((I31-G31)>=TIME(0,3,0),(I31-G31)<TIME(0,5,0)),"RETRASO DE 3-5 MIN",IF(AND((I31-G31)>=TIME(0,5,0),(I31-G31)<TIME(0,10,0)),"RETRASO DE 5-10 MIN",IF((I31-G31)>=TIME(0,10,0),"RETRASO >10 MIN", IF(AND((G31-I31)>=TIME(0,0,0),(G31-I31)<TIME(0,3,0)),"OK",IF((G31-I31)>=TIME(0,3,0),"ADELANTADO"))))))) | J31: =IF(A31<>"",HLOOKUP(VALUE(TEXT(G31,"h:mm:ss")),IF($C$6="Laboral",$FT$4:$GR$227,IF($C$6="Sábado",$FT$231:$GR$452,$FT$456:$GR$656)),VLOOKUP($C$4,$GZ$2:$HB$99,3,0)+IF(C$5="Ida",0,1),1),"") -> #N/A | K31: =IF(A32<>A31,AVERAGEIF(A$9:A31,A31,J$9:J31),"") | L31: =IFERROR(IF(A32<>A31,AVERAGEIF(A$9:A31,A31,S$9:S31),""),"") | M31: =IFERROR(IF(A32<>A31,AVERAGEIF(A$9:A31,A31,T$9:T31),""),"") | N31: {=IFERROR(IF(A32<>A31,_xlfn.STDEV.P(IF(A$9:A31=A31,T$9:T31)),""),"")} | O31: {=IFERROR(IF(A32<>A31,_xlfn.STDEV.P(IF(A$9:A31=A31,S$9:S31)),""),"")} | P31: =IFERROR(IF(A31<>A32,MAX((((M31*24*60)/2)*(1+POWER((((N31*24*60) / (M31*24*60) )),2))) + ((M31*24*60 )*-0.1 + (K31*0.015)) +1,(((M31*24*60)/2)*(1+POWER((((N31*24*60) / (M31*24*60 ))),2)))),""),"") | Q31: =IF(AND(O31<>"",L31<>""),IF(A31<>A32,((L31*24*60) / 2 ) * (1 + POWER(((O31*24*60) / (L31*24*60)),2)),""),"") | R31: =IF(Q31<>"",MAX(P31,Q31),"") | S31: =IF(I31<>"H. Sale Real",IF(AND(I32<>"",LEFT(C32,2)<>"NC"),IF(AND(I31<>"",LEFT(C31,2)<>"NC",I31<>"H. Sale Real"),IF(I32-I31<0.208333333333333,I32-I31,""),IF(AND(I30<>"",LEFT(C30,2)<>"NC",I30<>"H. Sale Real"),IF(I32-I30<0.208333333333333,I32-I30,""),IF(AND(I29<>"",LEFT(C29,2)<>"NC",I29<>"H. Sale Real"),IF(I32-I29<0.208333333333333,I32-I29,""),IF(AND(I28<>"",LEFT(C28,2)<>"NC",I28<>"H. Sale Real"),IF(I32-I28<0.208333333333333,I32-I28,""),IF(AND(I27<>"",LEFT(C27,2)<>"NC",I27<>"H. Sale Real"),IF(I32-I27<0.208333333333333,I32-I27,""),""))))),""),"") | T31: =IF(G31<>"H. Sale Real",IF(AND(G32<>"",LEFT(C32,2)<>"NC"),IF(AND(G31<>"",LEFT(C31,2)<>"NC",G31<>"H. Sale Real"),IF(G32-G31<0.208333333333333,G32-G31,""),IF(AND(G30<>"",LEFT(C30,2)<>"NC",G30<>"H. Sale Real"),IF(G32-G30<0.208333333333333,G32-G30,""),IF(AND(G29<>"",LEFT(C29,2)<>"NC",G29<>"H. Sale Real"),IF(G32-G29<0.208333333333333,G32-G29,""),IF(AND(G28<>"",LEFT(C28,2)<>"NC",G28<>"H. Sale Real"),IF(G32-G28<0.208333333333333,G32-G28,""),IF(AND(G27<>"",LEFT(C27,2)<>"NC",G27<>"H. Sale Real"),IF(G32-G27<0.208333333333333,G32-G27,""),""))))),""),"") | U31: 0.28680556 | W31: =IF(G31<>"",IF(AND(W30<>"IE",P31<>0,R31<>""),IF(IFERROR((P31/R31),0) <=1,IFERROR(P31/R31,""),1),""),"") | AB31: =HOUR(AH31)+1 -> 1 | AI31: =IF(AJ31="","",IF(AND((AJ31-AH31)>=TIME(0,0,0),(AJ31-AH31)<TIME(0,3,0)),"OK",IF(AND((AJ31-AH31)>=TIME(0,3,0),(AJ31-AH31)<TIME(0,5,0)),"RETRASO DE 3-5 MIN",IF(AND((AJ31-AH31)>=TIME(0,5,0),(AJ31-AH31)<TIME(0,10,0)),"RETRASO DE 5-10 MIN",IF((AJ31-AH31)>=TIME(0,10,0),"RETRASO >10 MIN", IF(AND((AH31-AJ31)>=TIME(0,0,0),(AH31-AJ31)<TIME(0,3,0)),"OK",IF((AH31-AJ31)>=TIME(0,3,0),"ADELANTADO"))))))) | AK31: =IF(AB31<>"",HLOOKUP(VALUE(TEXT(AH31,"h:mm:ss")),IF($C$6="Laboral",$FT$4:$GR$227,IF($C$6="Sábado",$FT$231:$GR$452,$FT$456:$GR$656)),VLOOKUP($C$4,$GZ$2:$HB$99,3,0)+IF(AD$5="Ida",0,1),1),"") -> #N/A | AL31: =IF(AB32<>AB31,AVERAGEIF(AB$9:AB31,AB31,AK$9:AK31),"") | AM31: =IFERROR(IF(AB32<>AB31,AVERAGEIF(AB$9:AB31,AB31,AT$9:AT31),""),"") | AN31: =IFERROR(IF(AB32<>AB31,AVERAGEIF(AB$9:AB31,AB31,AU$9:AU31),""),"") | AO31: {=IFERROR(IF(AB32<>AB31,_xlfn.STDEV.P(IF(AB$9:AB31=AB31,AU$9:AU31)),""),"")} | AP31: {=IFERROR(IF(AB32<>AB31,_xlfn.STDEV.P(IF(AB$9:AB31=AB31,AT$9:AT31)),""),"")} | AQ31: =IFERROR(IF(AB31<>AB32,MAX((((AN31*24*60)/2)*(1+POWER((((AO31*24*60) / (AN31*24*60) )),2))) + ((AN31*24*60 )*-0.1 + (AL31*0.015)) +1,(((AN31*24*60)/2)*(1+POWER((((AO31*24*60) / (AN31*24*60 ))),2)))),""),"") | AR31: =IF(AND(AP31<>"",AM31<>""),IF(AB31<>AB32,((AM31*24*60) / 2 ) * (1 + POWER(((AP31*24*60) / (AM31*24*60)),2)),""),"") | AS31: =IF(AR31<>"",MAX(AQ31,AR31),"") | AT31: =IF(AJ31<>"H. Sale Real",IF(AND(AJ32<>"",LEFT(AD32,2)<>"NC"),IF(AND(AJ31<>"",LEFT(AD31,2)<>"NC",AJ31<>"H. Sale Real"),IF(AJ32-AJ31<0.208333333333333,AJ32-AJ31,""),IF(AND(AJ30<>"",LEFT(AD30,2)<>"NC",AJ30<>"H. Sale Real"),IF(AJ32-AJ30<0.208333333333333,AJ32-AJ30,""),IF(AND(AJ29<>"",LEFT(AD29,2)<>"NC",AJ29<>"H. Sale Real"),IF(AJ32-AJ29<0.208333333333333,AJ32-AJ29,""),IF(AND(AJ28<>"",LEFT(AD28,2)<>"NC",AJ28<>"H. Sale Real"),IF(AJ32-AJ28<0.208333333333333,AJ32-AJ28,""),IF(AND(AJ27<>"",LEFT(AD27,2)<>"NC",AJ27<>"H. Sale Real"),IF(AJ32-AJ27<0.208333333333333,AJ32-AJ27,""),""))))),""),"") | AU31: =IF(AH31<>"H. Sale Real",IF(AND(AH32<>"",LEFT(AD32,2)<>"NC"),IF(AND(AH31<>"",LEFT(AD31,2)<>"NC",AH31<>"H. Sale Real"),IF(AH32-AH31<0.208333333333333,AH32-AH31,""),IF(AND(AH30<>"",LEFT(AD30,2)<>"NC",AH30<>"H. Sale Real"),IF(AH32-AH30<0.208333333333333,AH32-AH30,""),IF(AND(AH29<>"",LEFT(AD29,2)<>"NC",AH29<>"H. Sale Real"),IF(AH32-AH29<0.208333333333333,AH32-AH29,""),IF(AND(AH28<>"",LEFT(AD28,2)<>"NC",AH28<>"H. Sale Real"),IF(AH32-AH28<0.208333333333333,AH32-AH28,""),IF(AND(AH27<>"",LEFT(AD27,2)<>"NC",AH27<>"H. Sale Real"),IF(AH32-AH27<0.208333333333333,AH32-AH27,""),""))))),""),"") | AX31: =IF(AH31<>"",IF(AND(AX30<>"IE",AQ31<>0,AS31<>""),IF(IFERROR((AQ31/AS31),0) <=1,IFERROR(AQ31/AS31,""),1),""),"") | BC31: 19 | BD31: =COUNTIFS($A:$A,$BC31,$C:$C,$BC$11) -> 0 | BE31: =BD31-COUNTIFS($A:$A,$BC31,$C:$C,$BC$11,$H:$H,"") -> 0 | BF31: =IFERROR((BE31/BD31),"") | BG31: =_xlfn.XLOOKUP(BC31,$A:$A,$R:$R,"0",0,-1) -> 0 | BH31: =_xlfn.XLOOKUP(BC31,$A:$A,$P:$P,"0",0,-1) -> 0 | BI31: =_xlfn.XLOOKUP(BC31,$A:$A,$W:$W,"",0,-1) | BL31: 19 | BM31: =COUNTIFS($AB:$AB,$BL31,$AD:$AD,$BL$11) -> 0 | BN31: =BM31-COUNTIFS($AB:$AB,$BL31,$AD:$AD,$BL$11,$AI:$AI,"") -> 0 | BO31: =IFERROR((BN31/BM31),"") | BP31: =_xlfn.XLOOKUP(BL31,$AB:$AB,$AS:$AS,"0",0,-1) -> 0 | BQ31: =_xlfn.XLOOKUP(BL31,$AB:$AB,$AQ:$AQ,"0",0,-1) -> 0 | BR31: =_xlfn.XLOOKUP(BL31,$AB:$AB,$AX:$AX,"",0,-1) | EW31: Diccionario 1 | EY31: D8483197K2PL | EZ31: YV3T7U526KA195532 | FA31: Volvo | FB31: B8R | FC31: MARCOPOLO | FD31: TORINO | FE31: 2019 | FF31: B2PAL | FG31: LOS LIBERTADORES | FH31: Los Liberadores 6450, Lote 4A | FI31: Huechuraba | FJ31: B | FM31: 3007 / SFWB-50| | FN31: SFWB-50| | FO31: SFWB-50 | FP31: =VLOOKUP(FO31,EX:FF,9,0) -> B | FT31: B25 | FU31: 0 | FV31: 0 | FW31: 0 | FX31: 0 | FY31: 0 | FZ31: 24.68 | GA31: 18.955 | GB31: 13.84 | GC31: 15.39 | GD31: 16.61 | GE31: 17.035 | GF31: 16.835 | GG31: 16.45 | GH31: 16.125 | GI31: 15.79 | GJ31: 15.615 | GK31: 15.41 | GL31: 15.515 | GM31: 16.07 | GN31: 17.365 | GO31: 19.575 | GP31: 21.48 | GQ31: 23.475 | GR31: 24.195 | GU31: 28 | GV31: 25 | GY31: U8 | GZ31: F06 | HA31: F06 | HB31: 50 | HF31: OmegaU8 | HG31: F06 | HH31: Pie Andino | HI31: 926
A32: =HOUR(G32)+1 -> 1 | D32: =IFERROR( IF(AND(OR(Planilla!B32="C",Planilla!B32="c"), VLOOKUP(E32,EX:FJ,13,0)="C"), "OK",IF(AND(OR(Planilla!B32="C",Planilla!B32="c"), OR(VLOOKUP(E32,EX:FJ,13,0)="B", VLOOKUP(E32,EX:FJ,13,0)="A")), "DEFICIT",IF( AND(OR(Planilla!B32="B", Planilla!B32="BPAL"), VLOOKUP(E32,EX:FJ,13,0)="B"), "OK",IF(AND(OR(Planilla!B32="B", Planilla!B32="BPAL"), VLOOKUP(E32,EX:FJ,13,0)="A"), "DEFICIT",IF(AND(OR(Planilla!B32="B", Planilla!B32="BPAL"), VLOOKUP(E32,EX:FJ,13,0)="C"), "SOBREOFERTA",IF(AND(Planilla!B32="A", VLOOKUP(E32,EX:FJ,13,0)="A"), "OK",IF( AND(Planilla!B32="A", OR(VLOOKUP(E32,EX:FJ,13,0)="B", VLOOKUP(E32,EX:FJ,13,0)="C")), "SOBREOFERTA","" ))))))),"") | H32: =IF(I32="","",IF(AND((I32-G32)>=TIME(0,0,0),(I32-G32)<TIME(0,3,0)),"OK",IF(AND((I32-G32)>=TIME(0,3,0),(I32-G32)<TIME(0,5,0)),"RETRASO DE 3-5 MIN",IF(AND((I32-G32)>=TIME(0,5,0),(I32-G32)<TIME(0,10,0)),"RETRASO DE 5-10 MIN",IF((I32-G32)>=TIME(0,10,0),"RETRASO >10 MIN", IF(AND((G32-I32)>=TIME(0,0,0),(G32-I32)<TIME(0,3,0)),"OK",IF((G32-I32)>=TIME(0,3,0),"ADELANTADO"))))))) | J32: =IF(A32<>"",HLOOKUP(VALUE(TEXT(G32,"h:mm:ss")),IF($C$6="Laboral",$FT$4:$GR$227,IF($C$6="Sábado",$FT$231:$GR$452,$FT$456:$GR$656)),VLOOKUP($C$4,$GZ$2:$HB$99,3,0)+IF(C$5="Ida",0,1),1),"") -> #N/A | K32: =IF(A33<>A32,AVERAGEIF(A$9:A32,A32,J$9:J32),"") | L32: =IFERROR(IF(A33<>A32,AVERAGEIF(A$9:A32,A32,S$9:S32),""),"") | M32: =IFERROR(IF(A33<>A32,AVERAGEIF(A$9:A32,A32,T$9:T32),""),"") | N32: {=IFERROR(IF(A33<>A32,_xlfn.STDEV.P(IF(A$9:A32=A32,T$9:T32)),""),"")} | O32: {=IFERROR(IF(A33<>A32,_xlfn.STDEV.P(IF(A$9:A32=A32,S$9:S32)),""),"")} | P32: =IFERROR(IF(A32<>A33,MAX((((M32*24*60)/2)*(1+POWER((((N32*24*60) / (M32*24*60) )),2))) + ((M32*24*60 )*-0.1 + (K32*0.015)) +1,(((M32*24*60)/2)*(1+POWER((((N32*24*60) / (M32*24*60 ))),2)))),""),"") | Q32: =IF(AND(O32<>"",L32<>""),IF(A32<>A33,((L32*24*60) / 2 ) * (1 + POWER(((O32*24*60) / (L32*24*60)),2)),""),"") | R32: =IF(Q32<>"",MAX(P32,Q32),"") | S32: =IF(I32<>"H. Sale Real",IF(AND(I33<>"",LEFT(C33,2)<>"NC"),IF(AND(I32<>"",LEFT(C32,2)<>"NC",I32<>"H. Sale Real"),IF(I33-I32<0.208333333333333,I33-I32,""),IF(AND(I31<>"",LEFT(C31,2)<>"NC",I31<>"H. Sale Real"),IF(I33-I31<0.208333333333333,I33-I31,""),IF(AND(I30<>"",LEFT(C30,2)<>"NC",I30<>"H. Sale Real"),IF(I33-I30<0.208333333333333,I33-I30,""),IF(AND(I29<>"",LEFT(C29,2)<>"NC",I29<>"H. Sale Real"),IF(I33-I29<0.208333333333333,I33-I29,""),IF(AND(I28<>"",LEFT(C28,2)<>"NC",I28<>"H. Sale Real"),IF(I33-I28<0.208333333333333,I33-I28,""),""))))),""),"") | T32: =IF(G32<>"H. Sale Real",IF(AND(G33<>"",LEFT(C33,2)<>"NC"),IF(AND(G32<>"",LEFT(C32,2)<>"NC",G32<>"H. Sale Real"),IF(G33-G32<0.208333333333333,G33-G32,""),IF(AND(G31<>"",LEFT(C31,2)<>"NC",G31<>"H. Sale Real"),IF(G33-G31<0.208333333333333,G33-G31,""),IF(AND(G30<>"",LEFT(C30,2)<>"NC",G30<>"H. Sale Real"),IF(G33-G30<0.208333333333333,G33-G30,""),IF(AND(G29<>"",LEFT(C29,2)<>"NC",G29<>"H. Sale Real"),IF(G33-G29<0.208333333333333,G33-G29,""),IF(AND(G28<>"",LEFT(C28,2)<>"NC",G28<>"H. Sale Real"),IF(G33-G28<0.208333333333333,G33-G28,""),""))))),""),"") | U32: 0.29375 | W32: =IF(G32<>"",IF(AND(W31<>"IE",P32<>0,R32<>""),IF(IFERROR((P32/R32),0) <=1,IFERROR(P32/R32,""),1),""),"") | AB32: =HOUR(AH32)+1 -> 1 | AI32: =IF(AJ32="","",IF(AND((AJ32-AH32)>=TIME(0,0,0),(AJ32-AH32)<TIME(0,3,0)),"OK",IF(AND((AJ32-AH32)>=TIME(0,3,0),(AJ32-AH32)<TIME(0,5,0)),"RETRASO DE 3-5 MIN",IF(AND((AJ32-AH32)>=TIME(0,5,0),(AJ32-AH32)<TIME(0,10,0)),"RETRASO DE 5-10 MIN",IF((AJ32-AH32)>=TIME(0,10,0),"RETRASO >10 MIN", IF(AND((AH32-AJ32)>=TIME(0,0,0),(AH32-AJ32)<TIME(0,3,0)),"OK",IF((AH32-AJ32)>=TIME(0,3,0),"ADELANTADO"))))))) | AK32: =IF(AB32<>"",HLOOKUP(VALUE(TEXT(AH32,"h:mm:ss")),IF($C$6="Laboral",$FT$4:$GR$227,IF($C$6="Sábado",$FT$231:$GR$452,$FT$456:$GR$656)),VLOOKUP($C$4,$GZ$2:$HB$99,3,0)+IF(AD$5="Ida",0,1),1),"") -> #N/A | AL32: =IF(AB33<>AB32,AVERAGEIF(AB$9:AB32,AB32,AK$9:AK32),"") | AM32: =IFERROR(IF(AB33<>AB32,AVERAGEIF(AB$9:AB32,AB32,AT$9:AT32),""),"") | AN32: =IFERROR(IF(AB33<>AB32,AVERAGEIF(AB$9:AB32,AB32,AU$9:AU32),""),"") | AO32: {=IFERROR(IF(AB33<>AB32,_xlfn.STDEV.P(IF(AB$9:AB32=AB32,AU$9:AU32)),""),"")} | AP32: {=IFERROR(IF(AB33<>AB32,_xlfn.STDEV.P(IF(AB$9:AB32=AB32,AT$9:AT32)),""),"")} | AQ32: =IFERROR(IF(AB32<>AB33,MAX((((AN32*24*60)/2)*(1+POWER((((AO32*24*60) / (AN32*24*60) )),2))) + ((AN32*24*60 )*-0.1 + (AL32*0.015)) +1,(((AN32*24*60)/2)*(1+POWER((((AO32*24*60) / (AN32*24*60 ))),2)))),""),"") | AR32: =IF(AND(AP32<>"",AM32<>""),IF(AB32<>AB33,((AM32*24*60) / 2 ) * (1 + POWER(((AP32*24*60) / (AM32*24*60)),2)),""),"") | AS32: =IF(AR32<>"",MAX(AQ32,AR32),"") | AT32: =IF(AJ32<>"H. Sale Real",IF(AND(AJ33<>"",LEFT(AD33,2)<>"NC"),IF(AND(AJ32<>"",LEFT(AD32,2)<>"NC",AJ32<>"H. Sale Real"),IF(AJ33-AJ32<0.208333333333333,AJ33-AJ32,""),IF(AND(AJ31<>"",LEFT(AD31,2)<>"NC",AJ31<>"H. Sale Real"),IF(AJ33-AJ31<0.208333333333333,AJ33-AJ31,""),IF(AND(AJ30<>"",LEFT(AD30,2)<>"NC",AJ30<>"H. Sale Real"),IF(AJ33-AJ30<0.208333333333333,AJ33-AJ30,""),IF(AND(AJ29<>"",LEFT(AD29,2)<>"NC",AJ29<>"H. Sale Real"),IF(AJ33-AJ29<0.208333333333333,AJ33-AJ29,""),IF(AND(AJ28<>"",LEFT(AD28,2)<>"NC",AJ28<>"H. Sale Real"),IF(AJ33-AJ28<0.208333333333333,AJ33-AJ28,""),""))))),""),"") | AU32: =IF(AH32<>"H. Sale Real",IF(AND(AH33<>"",LEFT(AD33,2)<>"NC"),IF(AND(AH32<>"",LEFT(AD32,2)<>"NC",AH32<>"H. Sale Real"),IF(AH33-AH32<0.208333333333333,AH33-AH32,""),IF(AND(AH31<>"",LEFT(AD31,2)<>"NC",AH31<>"H. Sale Real"),IF(AH33-AH31<0.208333333333333,AH33-AH31,""),IF(AND(AH30<>"",LEFT(AD30,2)<>"NC",AH30<>"H. Sale Real"),IF(AH33-AH30<0.208333333333333,AH33-AH30,""),IF(AND(AH29<>"",LEFT(AD29,2)<>"NC",AH29<>"H. Sale Real"),IF(AH33-AH29<0.208333333333333,AH33-AH29,""),IF(AND(AH28<>"",LEFT(AD28,2)<>"NC",AH28<>"H. Sale Real"),IF(AH33-AH28<0.208333333333333,AH33-AH28,""),""))))),""),"") | AX32: =IF(AH32<>"",IF(AND(AX31<>"IE",AQ32<>0,AS32<>""),IF(IFERROR((AQ32/AS32),0) <=1,IFERROR(AQ32/AS32,""),1),""),"") | BC32: 20 | BD32: =COUNTIFS($A:$A,$BC32,$C:$C,$BC$11) -> 0 | BE32: =BD32-COUNTIFS($A:$A,$BC32,$C:$C,$BC$11,$H:$H,"") -> 0 | BF32: =IFERROR((BE32/BD32),"") | BG32: =_xlfn.XLOOKUP(BC32,$A:$A,$R:$R,"0",0,-1) -> 0 | BH32: =_xlfn.XLOOKUP(BC32,$A:$A,$P:$P,"0",0,-1) -> 0 | BI32: =_xlfn.XLOOKUP(BC32,$A:$A,$W:$W,"",0,-1) | BL32: 20 | BM32: =COUNTIFS($AB:$AB,$BL32,$AD:$AD,$BL$11) -> 0 | BN32: =BM32-COUNTIFS($AB:$AB,$BL32,$AD:$AD,$BL$11,$AI:$AI,"") -> 0 | BO32: =IFERROR((BN32/BM32),"") | BP32: =_xlfn.XLOOKUP(BL32,$AB:$AB,$AS:$AS,"0",0,-1) -> 0 | BQ32: =_xlfn.XLOOKUP(BL32,$AB:$AB,$AQ:$AQ,"0",0,-1) -> 0 | BR32: =_xlfn.XLOOKUP(BL32,$AB:$AB,$AX:$AX,"",0,-1) | EW32: Diccionario 1 | EX32: 1029 | EY32: D8483194K2PL | EZ32: YV3T7U528KA195533 | FA32: Volvo | FB32: B8R | FC32: MARCOPOLO | FD32: TORINO | FE32: 2019 | FF32: B2PAL | FG32: LOS LIBERTADORES | FH32: Los Liberadores 6450, Lote 4A | FI32: Huechuraba | FJ32: B | FM32: 3008 / SFWB-58| | FN32: SFWB-58| | FO32: SFWB-58 | FP32: =VLOOKUP(FO32,EX:FF,9,0) -> B | FT32: B26 | FU32: 0 | FV32: 0 | FW32: 0 | FX32: 0 | FY32: 26.96 | FZ32: 21.89 | GA32: 16.5 | GB32: 13.85 | GC32: 14.625 | GD32: 15.375 | GE32: 15.5 | GF32: 15.085 | GG32: 14.66 | GH32: 14.635 | GI32: 14.7 | GJ32: 14.245 | GK32: 13.445 | GL32: 12.97 | GM32: 13.95 | GN32: 16.335 | GO32: 18.695 | GP32: 20.245 | GQ32: 21.805 | GR32: 24.145 | GU32: 29 | GV32: 26 | GY32: U8 | GZ32: F09 | HA32: F09 | HB32: 52 | HF32: OmegaU8 | HG32: F09 | HH32: Pie Andino | HI32: 929
A33: =HOUR(G33)+1 -> 1 | D33: =IFERROR( IF(AND(OR(Planilla!B33="C",Planilla!B33="c"), VLOOKUP(E33,EX:FJ,13,0)="C"), "OK",IF(AND(OR(Planilla!B33="C",Planilla!B33="c"), OR(VLOOKUP(E33,EX:FJ,13,0)="B", VLOOKUP(E33,EX:FJ,13,0)="A")), "DEFICIT",IF( AND(OR(Planilla!B33="B", Planilla!B33="BPAL"), VLOOKUP(E33,EX:FJ,13,0)="B"), "OK",IF(AND(OR(Planilla!B33="B", Planilla!B33="BPAL"), VLOOKUP(E33,EX:FJ,13,0)="A"), "DEFICIT",IF(AND(OR(Planilla!B33="B", Planilla!B33="BPAL"), VLOOKUP(E33,EX:FJ,13,0)="C"), "SOBREOFERTA",IF(AND(Planilla!B33="A", VLOOKUP(E33,EX:FJ,13,0)="A"), "OK",IF( AND(Planilla!B33="A", OR(VLOOKUP(E33,EX:FJ,13,0)="B", VLOOKUP(E33,EX:FJ,13,0)="C")), "SOBREOFERTA","" ))))))),"") | H33: =IF(I33="","",IF(AND((I33-G33)>=TIME(0,0,0),(I33-G33)<TIME(0,3,0)),"OK",IF(AND((I33-G33)>=TIME(0,3,0),(I33-G33)<TIME(0,5,0)),"RETRASO DE 3-5 MIN",IF(AND((I33-G33)>=TIME(0,5,0),(I33-G33)<TIME(0,10,0)),"RETRASO DE 5-10 MIN",IF((I33-G33)>=TIME(0,10,0),"RETRASO >10 MIN", IF(AND((G33-I33)>=TIME(0,0,0),(G33-I33)<TIME(0,3,0)),"OK",IF((G33-I33)>=TIME(0,3,0),"ADELANTADO"))))))) | J33: =IF(A33<>"",HLOOKUP(VALUE(TEXT(G33,"h:mm:ss")),IF($C$6="Laboral",$FT$4:$GR$227,IF($C$6="Sábado",$FT$231:$GR$452,$FT$456:$GR$656)),VLOOKUP($C$4,$GZ$2:$HB$99,3,0)+IF(C$5="Ida",0,1),1),"") -> #N/A | K33: =IF(A34<>A33,AVERAGEIF(A$9:A33,A33,J$9:J33),"") | L33: =IFERROR(IF(A34<>A33,AVERAGEIF(A$9:A33,A33,S$9:S33),""),"") | M33: =IFERROR(IF(A34<>A33,AVERAGEIF(A$9:A33,A33,T$9:T33),""),"") | N33: {=IFERROR(IF(A34<>A33,_xlfn.STDEV.P(IF(A$9:A33=A33,T$9:T33)),""),"")} | O33: {=IFERROR(IF(A34<>A33,_xlfn.STDEV.P(IF(A$9:A33=A33,S$9:S33)),""),"")} | P33: =IFERROR(IF(A33<>A34,MAX((((M33*24*60)/2)*(1+POWER((((N33*24*60) / (M33*24*60) )),2))) + ((M33*24*60 )*-0.1 + (K33*0.015)) +1,(((M33*24*60)/2)*(1+POWER((((N33*24*60) / (M33*24*60 ))),2)))),""),"") | Q33: =IF(AND(O33<>"",L33<>""),IF(A33<>A34,((L33*24*60) / 2 ) * (1 + POWER(((O33*24*60) / (L33*24*60)),2)),""),"") | R33: =IF(Q33<>"",MAX(P33,Q33),"") | S33: =IF(I33<>"H. Sale Real",IF(AND(I34<>"",LEFT(C34,2)<>"NC"),IF(AND(I33<>"",LEFT(C33,2)<>"NC",I33<>"H. Sale Real"),IF(I34-I33<0.208333333333333,I34-I33,""),IF(AND(I32<>"",LEFT(C32,2)<>"NC",I32<>"H. Sale Real"),IF(I34-I32<0.208333333333333,I34-I32,""),IF(AND(I31<>"",LEFT(C31,2)<>"NC",I31<>"H. Sale Real"),IF(I34-I31<0.208333333333333,I34-I31,""),IF(AND(I30<>"",LEFT(C30,2)<>"NC",I30<>"H. Sale Real"),IF(I34-I30<0.208333333333333,I34-I30,""),IF(AND(I29<>"",LEFT(C29,2)<>"NC",I29<>"H. Sale Real"),IF(I34-I29<0.208333333333333,I34-I29,""),""))))),""),"") | T33: =IF(G33<>"H. Sale Real",IF(AND(G34<>"",LEFT(C34,2)<>"NC"),IF(AND(G33<>"",LEFT(C33,2)<>"NC",G33<>"H. Sale Real"),IF(G34-G33<0.208333333333333,G34-G33,""),IF(AND(G32<>"",LEFT(C32,2)<>"NC",G32<>"H. Sale Real"),IF(G34-G32<0.208333333333333,G34-G32,""),IF(AND(G31<>"",LEFT(C31,2)<>"NC",G31<>"H. Sale Real"),IF(G34-G31<0.208333333333333,G34-G31,""),IF(AND(G30<>"",LEFT(C30,2)<>"NC",G30<>"H. Sale Real"),IF(G34-G30<0.208333333333333,G34-G30,""),IF(AND(G29<>"",LEFT(C29,2)<>"NC",G29<>"H. Sale Real"),IF(G34-G29<0.208333333333333,G34-G29,""),""))))),""),"") | U33: 0.30069444 | W33: =IF(G33<>"",IF(AND(W32<>"IE",P33<>0,R33<>""),IF(IFERROR((P33/R33),0) <=1,IFERROR(P33/R33,""),1),""),"") | AB33: =HOUR(AH33)+1 -> 1 | AI33: =IF(AJ33="","",IF(AND((AJ33-AH33)>=TIME(0,0,0),(AJ33-AH33)<TIME(0,3,0)),"OK",IF(AND((AJ33-AH33)>=TIME(0,3,0),(AJ33-AH33)<TIME(0,5,0)),"RETRASO DE 3-5 MIN",IF(AND((AJ33-AH33)>=TIME(0,5,0),(AJ33-AH33)<TIME(0,10,0)),"RETRASO DE 5-10 MIN",IF((AJ33-AH33)>=TIME(0,10,0),"RETRASO >10 MIN", IF(AND((AH33-AJ33)>=TIME(0,0,0),(AH33-AJ33)<TIME(0,3,0)),"OK",IF((AH33-AJ33)>=TIME(0,3,0),"ADELANTADO"))))))) | AK33: =IF(AB33<>"",HLOOKUP(VALUE(TEXT(AH33,"h:mm:ss")),IF($C$6="Laboral",$FT$4:$GR$227,IF($C$6="Sábado",$FT$231:$GR$452,$FT$456:$GR$656)),VLOOKUP($C$4,$GZ$2:$HB$99,3,0)+IF(AD$5="Ida",0,1),1),"") -> #N/A | AL33: =IF(AB34<>AB33,AVERAGEIF(AB$9:AB33,AB33,AK$9:AK33),"") | AM33: =IFERROR(IF(AB34<>AB33,AVERAGEIF(AB$9:AB33,AB33,AT$9:AT33),""),"") | AN33: =IFERROR(IF(AB34<>AB33,AVERAGEIF(AB$9:AB33,AB33,AU$9:AU33),""),"") | AO33: {=IFERROR(IF(AB34<>AB33,_xlfn.STDEV.P(IF(AB$9:AB33=AB33,AU$9:AU33)),""),"")} | AP33: {=IFERROR(IF(AB34<>AB33,_xlfn.STDEV.P(IF(AB$9:AB33=AB33,AT$9:AT33)),""),"")} | AQ33: =IFERROR(IF(AB33<>AB34,MAX((((AN33*24*60)/2)*(1+POWER((((AO33*24*60) / (AN33*24*60) )),2))) + ((AN33*24*60 )*-0.1 + (AL33*0.015)) +1,(((AN33*24*60)/2)*(1+POWER((((AO33*24*60) / (AN33*24*60 ))),2)))),""),"") | AR33: =IF(AND(AP33<>"",AM33<>""),IF(AB33<>AB34,((AM33*24*60) / 2 ) * (1 + POWER(((AP33*24*60) / (AM33*24*60)),2)),""),"") | AS33: =IF(AR33<>"",MAX(AQ33,AR33),"") | AT33: =IF(AJ33<>"H. Sale Real",IF(AND(AJ34<>"",LEFT(AD34,2)<>"NC"),IF(AND(AJ33<>"",LEFT(AD33,2)<>"NC",AJ33<>"H. Sale Real"),IF(AJ34-AJ33<0.208333333333333,AJ34-AJ33,""),IF(AND(AJ32<>"",LEFT(AD32,2)<>"NC",AJ32<>"H. Sale Real"),IF(AJ34-AJ32<0.208333333333333,AJ34-AJ32,""),IF(AND(AJ31<>"",LEFT(AD31,2)<>"NC",AJ31<>"H. Sale Real"),IF(AJ34-AJ31<0.208333333333333,AJ34-AJ31,""),IF(AND(AJ30<>"",LEFT(AD30,2)<>"NC",AJ30<>"H. Sale Real"),IF(AJ34-AJ30<0.208333333333333,AJ34-AJ30,""),IF(AND(AJ29<>"",LEFT(AD29,2)<>"NC",AJ29<>"H. Sale Real"),IF(AJ34-AJ29<0.208333333333333,AJ34-AJ29,""),""))))),""),"") | AU33: =IF(AH33<>"H. Sale Real",IF(AND(AH34<>"",LEFT(AD34,2)<>"NC"),IF(AND(AH33<>"",LEFT(AD33,2)<>"NC",AH33<>"H. Sale Real"),IF(AH34-AH33<0.208333333333333,AH34-AH33,""),IF(AND(AH32<>"",LEFT(AD32,2)<>"NC",AH32<>"H. Sale Real"),IF(AH34-AH32<0.208333333333333,AH34-AH32,""),IF(AND(AH31<>"",LEFT(AD31,2)<>"NC",AH31<>"H. Sale Real"),IF(AH34-AH31<0.208333333333333,AH34-AH31,""),IF(AND(AH30<>"",LEFT(AD30,2)<>"NC",AH30<>"H. Sale Real"),IF(AH34-AH30<0.208333333333333,AH34-AH30,""),IF(AND(AH29<>"",LEFT(AD29,2)<>"NC",AH29<>"H. Sale Real"),IF(AH34-AH29<0.208333333333333,AH34-AH29,""),""))))),""),"") | AX33: =IF(AH33<>"",IF(AND(AX32<>"IE",AQ33<>0,AS33<>""),IF(IFERROR((AQ33/AS33),0) <=1,IFERROR(AQ33/AS33,""),1),""),"") | BC33: 21 | BD33: =COUNTIFS($A:$A,$BC33,$C:$C,$BC$11) -> 0 | BE33: =BD33-COUNTIFS($A:$A,$BC33,$C:$C,$BC$11,$H:$H,"") -> 0 | BF33: =IFERROR((BE33/BD33),"") | BG33: =_xlfn.XLOOKUP(BC33,$A:$A,$R:$R,"0",0,-1) -> 0 | BH33: =_xlfn.XLOOKUP(BC33,$A:$A,$P:$P,"0",0,-1) -> 0 | BI33: =_xlfn.XLOOKUP(BC33,$A:$A,$W:$W,"",0,-1) | BL33: 21 | BM33: =COUNTIFS($AB:$AB,$BL33,$AD:$AD,$BL$11) -> 0 | BN33: =BM33-COUNTIFS($AB:$AB,$BL33,$AD:$AD,$BL$11,$AI:$AI,"") -> 0 | BO33: =IFERROR((BN33/BM33),"") | BP33: =_xlfn.XLOOKUP(BL33,$AB:$AB,$AS:$AS,"0",0,-1) -> 0 | BQ33: =_xlfn.XLOOKUP(BL33,$AB:$AB,$AQ:$AQ,"0",0,-1) -> 0 | BR33: =_xlfn.XLOOKUP(BL33,$AB:$AB,$AX:$AX,"",0,-1) | EW33: Diccionario 1 | EX33: 1030 | EY33: D8478297K2PL | EZ33: YV3T7U528KA195144 | FA33: Volvo | FB33: B8R | FC33: MARCOPOLO | FD33: TORINO | FE33: 2019 | FF33: B2PAL | FG33: LOS LIBERTADORES | FH33: Los Liberadores 6450, Lote 4A | FI33: Huechuraba | FJ33: B | FM33: 3008 / SFWB-58| | FN33: SFWB-58| | FO33: SFWB-58 | FP33: =VLOOKUP(FO33,EX:FF,9,0) -> B | FT33: B37 | FU33: 0 | FV33: 0 | FW33: 0 | FX33: 0 | FY33: 0 | FZ33: 12.58 | GA33: 20.03 | GB33: 17.86 | GC33: 21.28 | GD33: 23.915 | GE33: 24.295 | GF33: 24.33 | GG33: 24.31 | GH33: 24.125 | GI33: 24.315 | GJ33: 23.335 | GK33: 19.745 | GL33: 15.08 | GM33: 17.465 | GN33: 23.745 | GO33: 27.27 | GP33: 29.185 | GQ33: 28.615 | GR33: 0 | GU33: 30 | GV33: 27 | GY33: U8 | GZ33: F12 | HA33: F12 | HB33: 55 | HF33: OmegaU8 | HG33: F12 | HH33: Juanita | HI33: 932
A34: =HOUR(G34)+1 -> 1 | D34: =IFERROR( IF(AND(OR(Planilla!B34="C",Planilla!B34="c"), VLOOKUP(E34,EX:FJ,13,0)="C"), "OK",IF(AND(OR(Planilla!B34="C",Planilla!B34="c"), OR(VLOOKUP(E34,EX:FJ,13,0)="B", VLOOKUP(E34,EX:FJ,13,0)="A")), "DEFICIT",IF( AND(OR(Planilla!B34="B", Planilla!B34="BPAL"), VLOOKUP(E34,EX:FJ,13,0)="B"), "OK",IF(AND(OR(Planilla!B34="B", Planilla!B34="BPAL"), VLOOKUP(E34,EX:FJ,13,0)="A"), "DEFICIT",IF(AND(OR(Planilla!B34="B", Planilla!B34="BPAL"), VLOOKUP(E34,EX:FJ,13,0)="C"), "SOBREOFERTA",IF(AND(Planilla!B34="A", VLOOKUP(E34,EX:FJ,13,0)="A"), "OK",IF( AND(Planilla!B34="A", OR(VLOOKUP(E34,EX:FJ,13,0)="B", VLOOKUP(E34,EX:FJ,13,0)="C")), "SOBREOFERTA","" ))))))),"") | H34: =IF(I34="","",IF(AND((I34-G34)>=TIME(0,0,0),(I34-G34)<TIME(0,3,0)),"OK",IF(AND((I34-G34)>=TIME(0,3,0),(I34-G34)<TIME(0,5,0)),"RETRASO DE 3-5 MIN",IF(AND((I34-G34)>=TIME(0,5,0),(I34-G34)<TIME(0,10,0)),"RETRASO DE 5-10 MIN",IF((I34-G34)>=TIME(0,10,0),"RETRASO >10 MIN", IF(AND((G34-I34)>=TIME(0,0,0),(G34-I34)<TIME(0,3,0)),"OK",IF((G34-I34)>=TIME(0,3,0),"ADELANTADO"))))))) | J34: =IF(A34<>"",HLOOKUP(VALUE(TEXT(G34,"h:mm:ss")),IF($C$6="Laboral",$FT$4:$GR$227,IF($C$6="Sábado",$FT$231:$GR$452,$FT$456:$GR$656)),VLOOKUP($C$4,$GZ$2:$HB$99,3,0)+IF(C$5="Ida",0,1),1),"") -> #N/A | K34: =IF(A35<>A34,AVERAGEIF(A$9:A34,A34,J$9:J34),"") | L34: =IFERROR(IF(A35<>A34,AVERAGEIF(A$9:A34,A34,S$9:S34),""),"") | M34: =IFERROR(IF(A35<>A34,AVERAGEIF(A$9:A34,A34,T$9:T34),""),"") | N34: {=IFERROR(IF(A35<>A34,_xlfn.STDEV.P(IF(A$9:A34=A34,T$9:T34)),""),"")} | O34: {=IFERROR(IF(A35<>A34,_xlfn.STDEV.P(IF(A$9:A34=A34,S$9:S34)),""),"")} | P34: =IFERROR(IF(A34<>A35,MAX((((M34*24*60)/2)*(1+POWER((((N34*24*60) / (M34*24*60) )),2))) + ((M34*24*60 )*-0.1 + (K34*0.015)) +1,(((M34*24*60)/2)*(1+POWER((((N34*24*60) / (M34*24*60 ))),2)))),""),"") | Q34: =IF(AND(O34<>"",L34<>""),IF(A34<>A35,((L34*24*60) / 2 ) * (1 + POWER(((O34*24*60) / (L34*24*60)),2)),""),"") | R34: =IF(Q34<>"",MAX(P34,Q34),"") | S34: =IF(I34<>"H. Sale Real",IF(AND(I35<>"",LEFT(C35,2)<>"NC"),IF(AND(I34<>"",LEFT(C34,2)<>"NC",I34<>"H. Sale Real"),IF(I35-I34<0.208333333333333,I35-I34,""),IF(AND(I33<>"",LEFT(C33,2)<>"NC",I33<>"H. Sale Real"),IF(I35-I33<0.208333333333333,I35-I33,""),IF(AND(I32<>"",LEFT(C32,2)<>"NC",I32<>"H. Sale Real"),IF(I35-I32<0.208333333333333,I35-I32,""),IF(AND(I31<>"",LEFT(C31,2)<>"NC",I31<>"H. Sale Real"),IF(I35-I31<0.208333333333333,I35-I31,""),IF(AND(I30<>"",LEFT(C30,2)<>"NC",I30<>"H. Sale Real"),IF(I35-I30<0.208333333333333,I35-I30,""),""))))),""),"") | T34: =IF(G34<>"H. Sale Real",IF(AND(G35<>"",LEFT(C35,2)<>"NC"),IF(AND(G34<>"",LEFT(C34,2)<>"NC",G34<>"H. Sale Real"),IF(G35-G34<0.208333333333333,G35-G34,""),IF(AND(G33<>"",LEFT(C33,2)<>"NC",G33<>"H. Sale Real"),IF(G35-G33<0.208333333333333,G35-G33,""),IF(AND(G32<>"",LEFT(C32,2)<>"NC",G32<>"H. Sale Real"),IF(G35-G32<0.208333333333333,G35-G32,""),IF(AND(G31<>"",LEFT(C31,2)<>"NC",G31<>"H. Sale Real"),IF(G35-G31<0.208333333333333,G35-G31,""),IF(AND(G30<>"",LEFT(C30,2)<>"NC",G30<>"H. Sale Real"),IF(G35-G30<0.208333333333333,G35-G30,""),""))))),""),"") | U34: 0.30277778 | W34: =IF(G34<>"",IF(AND(W33<>"IE",P34<>0,R34<>""),IF(IFERROR((P34/R34),0) <=1,IFERROR(P34/R34,""),1),""),"") | AB34: =HOUR(AH34)+1 -> 1 | AI34: =IF(AJ34="","",IF(AND((AJ34-AH34)>=TIME(0,0,0),(AJ34-AH34)<TIME(0,3,0)),"OK",IF(AND((AJ34-AH34)>=TIME(0,3,0),(AJ34-AH34)<TIME(0,5,0)),"RETRASO DE 3-5 MIN",IF(AND((AJ34-AH34)>=TIME(0,5,0),(AJ34-AH34)<TIME(0,10,0)),"RETRASO DE 5-10 MIN",IF((AJ34-AH34)>=TIME(0,10,0),"RETRASO >10 MIN", IF(AND((AH34-AJ34)>=TIME(0,0,0),(AH34-AJ34)<TIME(0,3,0)),"OK",IF((AH34-AJ34)>=TIME(0,3,0),"ADELANTADO"))))))) | AK34: =IF(AB34<>"",HLOOKUP(VALUE(TEXT(AH34,"h:mm:ss")),IF($C$6="Laboral",$FT$4:$GR$227,IF($C$6="Sábado",$FT$231:$GR$452,$FT$456:$GR$656)),VLOOKUP($C$4,$GZ$2:$HB$99,3,0)+IF(AD$5="Ida",0,1),1),"") -> #N/A | AL34: =IF(AB35<>AB34,AVERAGEIF(AB$9:AB34,AB34,AK$9:AK34),"") | AM34: =IFERROR(IF(AB35<>AB34,AVERAGEIF(AB$9:AB34,AB34,AT$9:AT34),""),"") | AN34: =IFERROR(IF(AB35<>AB34,AVERAGEIF(AB$9:AB34,AB34,AU$9:AU34),""),"") | AO34: {=IFERROR(IF(AB35<>AB34,_xlfn.STDEV.P(IF(AB$9:AB34=AB34,AU$9:AU34)),""),"")} | AP34: {=IFERROR(IF(AB35<>AB34,_xlfn.STDEV.P(IF(AB$9:AB34=AB34,AT$9:AT34)),""),"")} | AQ34: =IFERROR(IF(AB34<>AB35,MAX((((AN34*24*60)/2)*(1+POWER((((AO34*24*60) / (AN34*24*60) )),2))) + ((AN34*24*60 )*-0.1 + (AL34*0.015)) +1,(((AN34*24*60)/2)*(1+POWER((((AO34*24*60) / (AN34*24*60 ))),2)))),""),"") | AR34: =IF(AND(AP34<>"",AM34<>""),IF(AB34<>AB35,((AM34*24*60) / 2 ) * (1 + POWER(((AP34*24*60) / (AM34*24*60)),2)),""),"") | AS34: =IF(AR34<>"",MAX(AQ34,AR34),"") | AT34: =IF(AJ34<>"H. Sale Real",IF(AND(AJ35<>"",LEFT(AD35,2)<>"NC"),IF(AND(AJ34<>"",LEFT(AD34,2)<>"NC",AJ34<>"H. Sale Real"),IF(AJ35-AJ34<0.208333333333333,AJ35-AJ34,""),IF(AND(AJ33<>"",LEFT(AD33,2)<>"NC",AJ33<>"H. Sale Real"),IF(AJ35-AJ33<0.208333333333333,AJ35-AJ33,""),IF(AND(AJ32<>"",LEFT(AD32,2)<>"NC",AJ32<>"H. Sale Real"),IF(AJ35-AJ32<0.208333333333333,AJ35-AJ32,""),IF(AND(AJ31<>"",LEFT(AD31,2)<>"NC",AJ31<>"H. Sale Real"),IF(AJ35-AJ31<0.208333333333333,AJ35-AJ31,""),IF(AND(AJ30<>"",LEFT(AD30,2)<>"NC",AJ30<>"H. Sale Real"),IF(AJ35-AJ30<0.208333333333333,AJ35-AJ30,""),""))))),""),"") | AU34: =IF(AH34<>"H. Sale Real",IF(AND(AH35<>"",LEFT(AD35,2)<>"NC"),IF(AND(AH34<>"",LEFT(AD34,2)<>"NC",AH34<>"H. Sale Real"),IF(AH35-AH34<0.208333333333333,AH35-AH34,""),IF(AND(AH33<>"",LEFT(AD33,2)<>"NC",AH33<>"H. Sale Real"),IF(AH35-AH33<0.208333333333333,AH35-AH33,""),IF(AND(AH32<>"",LEFT(AD32,2)<>"NC",AH32<>"H. Sale Real"),IF(AH35-AH32<0.208333333333333,AH35-AH32,""),IF(AND(AH31<>"",LEFT(AD31,2)<>"NC",AH31<>"H. Sale Real"),IF(AH35-AH31<0.208333333333333,AH35-AH31,""),IF(AND(AH30<>"",LEFT(AD30,2)<>"NC",AH30<>"H. Sale Real"),IF(AH35-AH30<0.208333333333333,AH35-AH30,""),""))))),""),"") | AX34: =IF(AH34<>"",IF(AND(AX33<>"IE",AQ34<>0,AS34<>""),IF(IFERROR((AQ34/AS34),0) <=1,IFERROR(AQ34/AS34,""),1),""),"") | BC34: 22 | BD34: =COUNTIFS($A:$A,$BC34,$C:$C,$BC$11) -> 0 | BE34: =BD34-COUNTIFS($A:$A,$BC34,$C:$C,$BC$11,$H:$H,"") -> 0 | BF34: =IFERROR((BE34/BD34),"") | BG34: =_xlfn.XLOOKUP(BC34,$A:$A,$R:$R,"0",0,-1) -> 0 | BH34: =_xlfn.XLOOKUP(BC34,$A:$A,$P:$P,"0",0,-1) -> 0 | BI34: =_xlfn.XLOOKUP(BC34,$A:$A,$W:$W,"",0,-1) | BL34: 22 | BM34: =COUNTIFS($AB:$AB,$BL34,$AD:$AD,$BL$11) -> 0 | BN34: =BM34-COUNTIFS($AB:$AB,$BL34,$AD:$AD,$BL$11,$AI:$AI,"") -> 0 | BO34: =IFERROR((BN34/BM34),"") | BP34: =_xlfn.XLOOKUP(BL34,$AB:$AB,$AS:$AS,"0",0,-1) -> 0 | BQ34: =_xlfn.XLOOKUP(BL34,$AB:$AB,$AQ:$AQ,"0",0,-1) -> 0 | BR34: =_xlfn.XLOOKUP(BL34,$AB:$AB,$AX:$AX,"",0,-1) | EW34: Diccionario 1 | EX34: 1031 | EY34: D8483221K2PL | EZ34: YV3T7U521KA195535 | FA34: Volvo | FB34: B8R | FC34: MARCOPOLO | FD34: TORINO | FE34: 2019 | FF34: B2PAL | FG34: LOS LIBERTADORES | FH34: Los Liberadores 6450, Lote 4A | FI34: Huechuraba | FJ34: B | FM34: 3009 / SFVZ-87| | FN34: SFVZ-87| | FO34: SFVZ-87 | FP34: =VLOOKUP(FO34,EX:FF,9,0) -> B | FT34: B28 | FU34: 0 | FV34: 0 | FW34: 0 | FX34: 0 | FY34: 0 | FZ34: 9.05 | GA34: 15.485 | GB34: 14.3 | GC34: 16.135 | GD34: 16.665 | GE34: 16.38 | GF34: 15.895 | GG34: 15.64 | GH34: 15.72 | GI34: 15.645 | GJ34: 15.31 | GK34: 14.51 | GL34: 13.965 | GM34: 15.335 | GN34: 17.59 | GO34: 18.88 | GP34: 20.27 | GQ34: 22.23 | GR34: 23.7 | GU34: 31 | GV34: 28 | GY34: U8 | GZ34: B33 | HA34: B33 | HB34: 59 | HF34: OmegaU8 | HG34: B33 | HH34: Aguirre Luco | HI34: 933
A35: =HOUR(G35)+1 -> 1 | D35: =IFERROR( IF(AND(OR(Planilla!B35="C",Planilla!B35="c"), VLOOKUP(E35,EX:FJ,13,0)="C"), "OK",IF(AND(OR(Planilla!B35="C",Planilla!B35="c"), OR(VLOOKUP(E35,EX:FJ,13,0)="B", VLOOKUP(E35,EX:FJ,13,0)="A")), "DEFICIT",IF( AND(OR(Planilla!B35="B", Planilla!B35="BPAL"), VLOOKUP(E35,EX:FJ,13,0)="B"), "OK",IF(AND(OR(Planilla!B35="B", Planilla!B35="BPAL"), VLOOKUP(E35,EX:FJ,13,0)="A"), "DEFICIT",IF(AND(OR(Planilla!B35="B", Planilla!B35="BPAL"), VLOOKUP(E35,EX:FJ,13,0)="C"), "SOBREOFERTA",IF(AND(Planilla!B35="A", VLOOKUP(E35,EX:FJ,13,0)="A"), "OK",IF( AND(Planilla!B35="A", OR(VLOOKUP(E35,EX:FJ,13,0)="B", VLOOKUP(E35,EX:FJ,13,0)="C")), "SOBREOFERTA","" ))))))),"") | H35: =IF(I35="","",IF(AND((I35-G35)>=TIME(0,0,0),(I35-G35)<TIME(0,3,0)),"OK",IF(AND((I35-G35)>=TIME(0,3,0),(I35-G35)<TIME(0,5,0)),"RETRASO DE 3-5 MIN",IF(AND((I35-G35)>=TIME(0,5,0),(I35-G35)<TIME(0,10,0)),"RETRASO DE 5-10 MIN",IF((I35-G35)>=TIME(0,10,0),"RETRASO >10 MIN", IF(AND((G35-I35)>=TIME(0,0,0),(G35-I35)<TIME(0,3,0)),"OK",IF((G35-I35)>=TIME(0,3,0),"ADELANTADO"))))))) | J35: =IF(A35<>"",HLOOKUP(VALUE(TEXT(G35,"h:mm:ss")),IF($C$6="Laboral",$FT$4:$GR$227,IF($C$6="Sábado",$FT$231:$GR$452,$FT$456:$GR$656)),VLOOKUP($C$4,$GZ$2:$HB$99,3,0)+IF(C$5="Ida",0,1),1),"") -> #N/A | K35: =IF(A36<>A35,AVERAGEIF(A$9:A35,A35,J$9:J35),"") | L35: =IFERROR(IF(A36<>A35,AVERAGEIF(A$9:A35,A35,S$9:S35),""),"") | M35: =IFERROR(IF(A36<>A35,AVERAGEIF(A$9:A35,A35,T$9:T35),""),"") | N35: {=IFERROR(IF(A36<>A35,_xlfn.STDEV.P(IF(A$9:A35=A35,T$9:T35)),""),"")} | O35: {=IFERROR(IF(A36<>A35,_xlfn.STDEV.P(IF(A$9:A35=A35,S$9:S35)),""),"")} | P35: =IFERROR(IF(A35<>A36,MAX((((M35*24*60)/2)*(1+POWER((((N35*24*60) / (M35*24*60) )),2))) + ((M35*24*60 )*-0.1 + (K35*0.015)) +1,(((M35*24*60)/2)*(1+POWER((((N35*24*60) / (M35*24*60 ))),2)))),""),"") | Q35: =IF(AND(O35<>"",L35<>""),IF(A35<>A36,((L35*24*60) / 2 ) * (1 + POWER(((O35*24*60) / (L35*24*60)),2)),""),"") | R35: =IF(Q35<>"",MAX(P35,Q35),"") | S35: =IF(I35<>"H. Sale Real",IF(AND(I36<>"",LEFT(C36,2)<>"NC"),IF(AND(I35<>"",LEFT(C35,2)<>"NC",I35<>"H. Sale Real"),IF(I36-I35<0.208333333333333,I36-I35,""),IF(AND(I34<>"",LEFT(C34,2)<>"NC",I34<>"H. Sale Real"),IF(I36-I34<0.208333333333333,I36-I34,""),IF(AND(I33<>"",LEFT(C33,2)<>"NC",I33<>"H. Sale Real"),IF(I36-I33<0.208333333333333,I36-I33,""),IF(AND(I32<>"",LEFT(C32,2)<>"NC",I32<>"H. Sale Real"),IF(I36-I32<0.208333333333333,I36-I32,""),IF(AND(I31<>"",LEFT(C31,2)<>"NC",I31<>"H. Sale Real"),IF(I36-I31<0.208333333333333,I36-I31,""),""))))),""),"") | T35: =IF(G35<>"H. Sale Real",IF(AND(G36<>"",LEFT(C36,2)<>"NC"),IF(AND(G35<>"",LEFT(C35,2)<>"NC",G35<>"H. Sale Real"),IF(G36-G35<0.208333333333333,G36-G35,""),IF(AND(G34<>"",LEFT(C34,2)<>"NC",G34<>"H. Sale Real"),IF(G36-G34<0.208333333333333,G36-G34,""),IF(AND(G33<>"",LEFT(C33,2)<>"NC",G33<>"H. Sale Real"),IF(G36-G33<0.208333333333333,G36-G33,""),IF(AND(G32<>"",LEFT(C32,2)<>"NC",G32<>"H. Sale Real"),IF(G36-G32<0.208333333333333,G36-G32,""),IF(AND(G31<>"",LEFT(C31,2)<>"NC",G31<>"H. Sale Real"),IF(G36-G31<0.208333333333333,G36-G31,""),""))))),""),"") | U35: 0.32361111 | W35: =IF(G35<>"",IF(AND(W34<>"IE",P35<>0,R35<>""),IF(IFERROR((P35/R35),0) <=1,IFERROR(P35/R35,""),1),""),"") | AB35: =HOUR(AH35)+1 -> 1 | AI35: =IF(AJ35="","",IF(AND((AJ35-AH35)>=TIME(0,0,0),(AJ35-AH35)<TIME(0,3,0)),"OK",IF(AND((AJ35-AH35)>=TIME(0,3,0),(AJ35-AH35)<TIME(0,5,0)),"RETRASO DE 3-5 MIN",IF(AND((AJ35-AH35)>=TIME(0,5,0),(AJ35-AH35)<TIME(0,10,0)),"RETRASO DE 5-10 MIN",IF((AJ35-AH35)>=TIME(0,10,0),"RETRASO >10 MIN", IF(AND((AH35-AJ35)>=TIME(0,0,0),(AH35-AJ35)<TIME(0,3,0)),"OK",IF((AH35-AJ35)>=TIME(0,3,0),"ADELANTADO"))))))) | AK35: =IF(AB35<>"",HLOOKUP(VALUE(TEXT(AH35,"h:mm:ss")),IF($C$6="Laboral",$FT$4:$GR$227,IF($C$6="Sábado",$FT$231:$GR$452,$FT$456:$GR$656)),VLOOKUP($C$4,$GZ$2:$HB$99,3,0)+IF(AD$5="Ida",0,1),1),"") -> #N/A | AL35: =IF(AB36<>AB35,AVERAGEIF(AB$9:AB35,AB35,AK$9:AK35),"") | AM35: =IFERROR(IF(AB36<>AB35,AVERAGEIF(AB$9:AB35,AB35,AT$9:AT35),""),"") | AN35: =IFERROR(IF(AB36<>AB35,AVERAGEIF(AB$9:AB35,AB35,AU$9:AU35),""),"") | AO35: {=IFERROR(IF(AB36<>AB35,_xlfn.STDEV.P(IF(AB$9:AB35=AB35,AU$9:AU35)),""),"")} | AP35: {=IFERROR(IF(AB36<>AB35,_xlfn.STDEV.P(IF(AB$9:AB35=AB35,AT$9:AT35)),""),"")} | AQ35: =IFERROR(IF(AB35<>AB36,MAX((((AN35*24*60)/2)*(1+POWER((((AO35*24*60) / (AN35*24*60) )),2))) + ((AN35*24*60 )*-0.1 + (AL35*0.015)) +1,(((AN35*24*60)/2)*(1+POWER((((AO35*24*60) / (AN35*24*60 ))),2)))),""),"") | AR35: =IF(AND(AP35<>"",AM35<>""),IF(AB35<>AB36,((AM35*24*60) / 2 ) * (1 + POWER(((AP35*24*60) / (AM35*24*60)),2)),""),"") | AS35: =IF(AR35<>"",MAX(AQ35,AR35),"") | AT35: =IF(AJ35<>"H. Sale Real",IF(AND(AJ36<>"",LEFT(AD36,2)<>"NC"),IF(AND(AJ35<>"",LEFT(AD35,2)<>"NC",AJ35<>"H. Sale Real"),IF(AJ36-AJ35<0.208333333333333,AJ36-AJ35,""),IF(AND(AJ34<>"",LEFT(AD34,2)<>"NC",AJ34<>"H. Sale Real"),IF(AJ36-AJ34<0.208333333333333,AJ36-AJ34,""),IF(AND(AJ33<>"",LEFT(AD33,2)<>"NC",AJ33<>"H. Sale Real"),IF(AJ36-AJ33<0.208333333333333,AJ36-AJ33,""),IF(AND(AJ32<>"",LEFT(AD32,2)<>"NC",AJ32<>"H. Sale Real"),IF(AJ36-AJ32<0.208333333333333,AJ36-AJ32,""),IF(AND(AJ31<>"",LEFT(AD31,2)<>"NC",AJ31<>"H. Sale Real"),IF(AJ36-AJ31<0.208333333333333,AJ36-AJ31,""),""))))),""),"") | AU35: =IF(AH35<>"H. Sale Real",IF(AND(AH36<>"",LEFT(AD36,2)<>"NC"),IF(AND(AH35<>"",LEFT(AD35,2)<>"NC",AH35<>"H. Sale Real"),IF(AH36-AH35<0.208333333333333,AH36-AH35,""),IF(AND(AH34<>"",LEFT(AD34,2)<>"NC",AH34<>"H. Sale Real"),IF(AH36-AH34<0.208333333333333,AH36-AH34,""),IF(AND(AH33<>"",LEFT(AD33,2)<>"NC",AH33<>"H. Sale Real"),IF(AH36-AH33<0.208333333333333,AH36-AH33,""),IF(AND(AH32<>"",LEFT(AD32,2)<>"NC",AH32<>"H. Sale Real"),IF(AH36-AH32<0.208333333333333,AH36-AH32,""),IF(AND(AH31<>"",LEFT(AD31,2)<>"NC",AH31<>"H. Sale Real"),IF(AH36-AH31<0.208333333333333,AH36-AH31,""),""))))),""),"") | AX35: =IF(AH35<>"",IF(AND(AX34<>"IE",AQ35<>0,AS35<>""),IF(IFERROR((AQ35/AS35),0) <=1,IFERROR(AQ35/AS35,""),1),""),"") | BC35: 23 | BD35: =COUNTIFS($A:$A,$BC35,$C:$C,$BC$11) -> 0 | BE35: =BD35-COUNTIFS($A:$A,$BC35,$C:$C,$BC$11,$H:$H,"") -> 0 | BF35: =IFERROR((BE35/BD35),"") | BG35: =_xlfn.XLOOKUP(BC35,$A:$A,$R:$R,"0",0,-1) -> 0 | BH35: =_xlfn.XLOOKUP(BC35,$A:$A,$P:$P,"0",0,-1) -> 0 | BI35: =_xlfn.XLOOKUP(BC35,$A:$A,$W:$W,"",0,-1) | BL35: 23 | BM35: =COUNTIFS($AB:$AB,$BL35,$AD:$AD,$BL$11) -> 0 | BN35: =BM35-COUNTIFS($AB:$AB,$BL35,$AD:$AD,$BL$11,$AI:$AI,"") -> 0 | BO35: =IFERROR((BN35/BM35),"") | BP35: =_xlfn.XLOOKUP(BL35,$AB:$AB,$AS:$AS,"0",0,-1) -> 0 | BQ35: =_xlfn.XLOOKUP(BL35,$AB:$AB,$AQ:$AQ,"0",0,-1) -> 0 | BR35: =_xlfn.XLOOKUP(BL35,$AB:$AB,$AX:$AX,"",0,-1) | EW35: Diccionario 1 | EX35: 1032 | EY35: D89303077 | EZ35: YV3T7U523KA195553 | FA35: Volvo | FB35: B8R | FC35: MARCOPOLO | FD35: TORINO | FE35: 2019 | FF35: B2PAL | FG35: LOS LIBERTADORES | FH35: Los Liberadores 6450, Lote 4A | FI35: Huechuraba | FJ35: B | FM35: 3009 / SFVZ-87| | FN35: SFVZ-87| | FO35: SFVZ-87 | FP35: =VLOOKUP(FO35,EX:FF,9,0) -> B | FT35: B29 | FU35: 0 | FV35: 0 | FW35: 0 | FX35: 0 | FY35: 0 | FZ35: 20.69 | GA35: 17.48 | GB35: 17.125 | GC35: 18.695 | GD35: 19.6 | GE35: 19.4 | GF35: 19.15 | GG35: 18.975 | GH35: 18.855 | GI35: 18.28 | GJ35: 17.71 | GK35: 16.515 | GL35: 16.125 | GM35: 17.955 | GN35: 19.895 | GO35: 21.43 | GP35: 23.075 | GQ35: 24.855 | GR35: 0 | GU35: 32 | GV35: 29 | GY35: U8 | GZ35: F15 | HA35: F15 | HB35: 60 | HF35: OmegaU8 | HG35: F15 | HH35: Juanita | HI35: 935
A36: =HOUR(G36)+1 -> 1 | D36: =IFERROR( IF(AND(OR(Planilla!B36="C",Planilla!B36="c"), VLOOKUP(E36,EX:FJ,13,0)="C"), "OK",IF(AND(OR(Planilla!B36="C",Planilla!B36="c"), OR(VLOOKUP(E36,EX:FJ,13,0)="B", VLOOKUP(E36,EX:FJ,13,0)="A")), "DEFICIT",IF( AND(OR(Planilla!B36="B", Planilla!B36="BPAL"), VLOOKUP(E36,EX:FJ,13,0)="B"), "OK",IF(AND(OR(Planilla!B36="B", Planilla!B36="BPAL"), VLOOKUP(E36,EX:FJ,13,0)="A"), "DEFICIT",IF(AND(OR(Planilla!B36="B", Planilla!B36="BPAL"), VLOOKUP(E36,EX:FJ,13,0)="C"), "SOBREOFERTA",IF(AND(Planilla!B36="A", VLOOKUP(E36,EX:FJ,13,0)="A"), "OK",IF( AND(Planilla!B36="A", OR(VLOOKUP(E36,EX:FJ,13,0)="B", VLOOKUP(E36,EX:FJ,13,0)="C")), "SOBREOFERTA","" ))))))),"") | H36: =IF(I36="","",IF(AND((I36-G36)>=TIME(0,0,0),(I36-G36)<TIME(0,3,0)),"OK",IF(AND((I36-G36)>=TIME(0,3,0),(I36-G36)<TIME(0,5,0)),"RETRASO DE 3-5 MIN",IF(AND((I36-G36)>=TIME(0,5,0),(I36-G36)<TIME(0,10,0)),"RETRASO DE 5-10 MIN",IF((I36-G36)>=TIME(0,10,0),"RETRASO >10 MIN", IF(AND((G36-I36)>=TIME(0,0,0),(G36-I36)<TIME(0,3,0)),"OK",IF((G36-I36)>=TIME(0,3,0),"ADELANTADO"))))))) | J36: =IF(A36<>"",HLOOKUP(VALUE(TEXT(G36,"h:mm:ss")),IF($C$6="Laboral",$FT$4:$GR$227,IF($C$6="Sábado",$FT$231:$GR$452,$FT$456:$GR$656)),VLOOKUP($C$4,$GZ$2:$HB$99,3,0)+IF(C$5="Ida",0,1),1),"") -> #N/A | K36: =IF(A37<>A36,AVERAGEIF(A$9:A36,A36,J$9:J36),"") | L36: =IFERROR(IF(A37<>A36,AVERAGEIF(A$9:A36,A36,S$9:S36),""),"") | M36: =IFERROR(IF(A37<>A36,AVERAGEIF(A$9:A36,A36,T$9:T36),""),"") | N36: {=IFERROR(IF(A37<>A36,_xlfn.STDEV.P(IF(A$9:A36=A36,T$9:T36)),""),"")} | O36: {=IFERROR(IF(A37<>A36,_xlfn.STDEV.P(IF(A$9:A36=A36,S$9:S36)),""),"")} | P36: =IFERROR(IF(A36<>A37,MAX((((M36*24*60)/2)*(1+POWER((((N36*24*60) / (M36*24*60) )),2))) + ((M36*24*60 )*-0.1 + (K36*0.015)) +1,(((M36*24*60)/2)*(1+POWER((((N36*24*60) / (M36*24*60 ))),2)))),""),"") | Q36: =IF(AND(O36<>"",L36<>""),IF(A36<>A37,((L36*24*60) / 2 ) * (1 + POWER(((O36*24*60) / (L36*24*60)),2)),""),"") | R36: =IF(Q36<>"",MAX(P36,Q36),"") | S36: =IF(I36<>"H. Sale Real",IF(AND(I37<>"",LEFT(C37,2)<>"NC"),IF(AND(I36<>"",LEFT(C36,2)<>"NC",I36<>"H. Sale Real"),IF(I37-I36<0.208333333333333,I37-I36,""),IF(AND(I35<>"",LEFT(C35,2)<>"NC",I35<>"H. Sale Real"),IF(I37-I35<0.208333333333333,I37-I35,""),IF(AND(I34<>"",LEFT(C34,2)<>"NC",I34<>"H. Sale Real"),IF(I37-I34<0.208333333333333,I37-I34,""),IF(AND(I33<>"",LEFT(C33,2)<>"NC",I33<>"H. Sale Real"),IF(I37-I33<0.208333333333333,I37-I33,""),IF(AND(I32<>"",LEFT(C32,2)<>"NC",I32<>"H. Sale Real"),IF(I37-I32<0.208333333333333,I37-I32,""),""))))),""),"") | T36: =IF(G36<>"H. Sale Real",IF(AND(G37<>"",LEFT(C37,2)<>"NC"),IF(AND(G36<>"",LEFT(C36,2)<>"NC",G36<>"H. Sale Real"),IF(G37-G36<0.208333333333333,G37-G36,""),IF(AND(G35<>"",LEFT(C35,2)<>"NC",G35<>"H. Sale Real"),IF(G37-G35<0.208333333333333,G37-G35,""),IF(AND(G34<>"",LEFT(C34,2)<>"NC",G34<>"H. Sale Real"),IF(G37-G34<0.208333333333333,G37-G34,""),IF(AND(G33<>"",LEFT(C33,2)<>"NC",G33<>"H. Sale Real"),IF(G37-G33<0.208333333333333,G37-G33,""),IF(AND(G32<>"",LEFT(C32,2)<>"NC",G32<>"H. Sale Real"),IF(G37-G32<0.208333333333333,G37-G32,""),""))))),""),"") | U36: 0.31736111 | W36: =IF(G36<>"",IF(AND(W35<>"IE",P36<>0,R36<>""),IF(IFERROR((P36/R36),0) <=1,IFERROR(P36/R36,""),1),""),"") | AB36: =HOUR(AH36)+1 -> 1 | AI36: =IF(AJ36="","",IF(AND((AJ36-AH36)>=TIME(0,0,0),(AJ36-AH36)<TIME(0,3,0)),"OK",IF(AND((AJ36-AH36)>=TIME(0,3,0),(AJ36-AH36)<TIME(0,5,0)),"RETRASO DE 3-5 MIN",IF(AND((AJ36-AH36)>=TIME(0,5,0),(AJ36-AH36)<TIME(0,10,0)),"RETRASO DE 5-10 MIN",IF((AJ36-AH36)>=TIME(0,10,0),"RETRASO >10 MIN", IF(AND((AH36-AJ36)>=TIME(0,0,0),(AH36-AJ36)<TIME(0,3,0)),"OK",IF((AH36-AJ36)>=TIME(0,3,0),"ADELANTADO"))))))) | AK36: =IF(AB36<>"",HLOOKUP(VALUE(TEXT(AH36,"h:mm:ss")),IF($C$6="Laboral",$FT$4:$GR$227,IF($C$6="Sábado",$FT$231:$GR$452,$FT$456:$GR$656)),VLOOKUP($C$4,$GZ$2:$HB$99,3,0)+IF(AD$5="Ida",0,1),1),"") -> #N/A | AL36: =IF(AB37<>AB36,AVERAGEIF(AB$9:AB36,AB36,AK$9:AK36),"") | AM36: =IFERROR(IF(AB37<>AB36,AVERAGEIF(AB$9:AB36,AB36,AT$9:AT36),""),"") | AN36: =IFERROR(IF(AB37<>AB36,AVERAGEIF(AB$9:AB36,AB36,AU$9:AU36),""),"") | AO36: {=IFERROR(IF(AB37<>AB36,_xlfn.STDEV.P(IF(AB$9:AB36=AB36,AU$9:AU36)),""),"")} | AP36: {=IFERROR(IF(AB37<>AB36,_xlfn.STDEV.P(IF(AB$9:AB36=AB36,AT$9:AT36)),""),"")} | AQ36: =IFERROR(IF(AB36<>AB37,MAX((((AN36*24*60)/2)*(1+POWER((((AO36*24*60) / (AN36*24*60) )),2))) + ((AN36*24*60 )*-0.1 + (AL36*0.015)) +1,(((AN36*24*60)/2)*(1+POWER((((AO36*24*60) / (AN36*24*60 ))),2)))),""),"") | AR36: =IF(AND(AP36<>"",AM36<>""),IF(AB36<>AB37,((AM36*24*60) / 2 ) * (1 + POWER(((AP36*24*60) / (AM36*24*60)),2)),""),"") | AS36: =IF(AR36<>"",MAX(AQ36,AR36),"") | AT36: =IF(AJ36<>"H. Sale Real",IF(AND(AJ37<>"",LEFT(AD37,2)<>"NC"),IF(AND(AJ36<>"",LEFT(AD36,2)<>"NC",AJ36<>"H. Sale Real"),IF(AJ37-AJ36<0.208333333333333,AJ37-AJ36,""),IF(AND(AJ35<>"",LEFT(AD35,2)<>"NC",AJ35<>"H. Sale Real"),IF(AJ37-AJ35<0.208333333333333,AJ37-AJ35,""),IF(AND(AJ34<>"",LEFT(AD34,2)<>"NC",AJ34<>"H. Sale Real"),IF(AJ37-AJ34<0.208333333333333,AJ37-AJ34,""),IF(AND(AJ33<>"",LEFT(AD33,2)<>"NC",AJ33<>"H. Sale Real"),IF(AJ37-AJ33<0.208333333333333,AJ37-AJ33,""),IF(AND(AJ32<>"",LEFT(AD32,2)<>"NC",AJ32<>"H. Sale Real"),IF(AJ37-AJ32<0.208333333333333,AJ37-AJ32,""),""))))),""),"") | AU36: =IF(AH36<>"H. Sale Real",IF(AND(AH37<>"",LEFT(AD37,2)<>"NC"),IF(AND(AH36<>"",LEFT(AD36,2)<>"NC",AH36<>"H. Sale Real"),IF(AH37-AH36<0.208333333333333,AH37-AH36,""),IF(AND(AH35<>"",LEFT(AD35,2)<>"NC",AH35<>"H. Sale Real"),IF(AH37-AH35<0.208333333333333,AH37-AH35,""),IF(AND(AH34<>"",LEFT(AD34,2)<>"NC",AH34<>"H. Sale Real"),IF(AH37-AH34<0.208333333333333,AH37-AH34,""),IF(AND(AH33<>"",LEFT(AD33,2)<>"NC",AH33<>"H. Sale Real"),IF(AH37-AH33<0.208333333333333,AH37-AH33,""),IF(AND(AH32<>"",LEFT(AD32,2)<>"NC",AH32<>"H. Sale Real"),IF(AH37-AH32<0.208333333333333,AH37-AH32,""),""))))),""),"") | AX36: =IF(AH36<>"",IF(AND(AX35<>"IE",AQ36<>0,AS36<>""),IF(IFERROR((AQ36/AS36),0) <=1,IFERROR(AQ36/AS36,""),1),""),"") | BC36: 24 | BD36: =COUNTIFS($A:$A,$BC36,$C:$C,$BC$11) -> 0 | BE36: =BD36-COUNTIFS($A:$A,$BC36,$C:$C,$BC$11,$H:$H,"") -> 0 | BF36: =IFERROR((BE36/BD36),"") | BG36: =_xlfn.XLOOKUP(BC36,$A:$A,$R:$R,"0",0,-1) -> 0 | BH36: =_xlfn.XLOOKUP(BC36,$A:$A,$P:$P,"0",0,-1) -> 0 | BI36: =_xlfn.XLOOKUP(BC36,$A:$A,$W:$W,"",0,-1) | BL36: 24 | BM36: =COUNTIFS($AB:$AB,$BL36,$AD:$AD,$BL$11) -> 0 | BN36: =BM36-COUNTIFS($AB:$AB,$BL36,$AD:$AD,$BL$11,$AI:$AI,"") -> 0 | BO36: =IFERROR((BN36/BM36),"") | BP36: =_xlfn.XLOOKUP(BL36,$AB:$AB,$AS:$AS,"0",0,-1) -> 0 | BQ36: =_xlfn.XLOOKUP(BL36,$AB:$AB,$AQ:$AQ,"0",0,-1) -> 0 | BR36: =_xlfn.XLOOKUP(BL36,$AB:$AB,$AX:$AX,"",0,-1) | EW36: Diccionario 1 | EX36: 1033 | EY36: D8483453K2PL | EZ36: YV3T7U527KA195572 | FA36: Volvo | FB36: B8R | FC36: MARCOPOLO | FD36: TORINO | FE36: 2019 | FF36: B2PAL | FG36: LOS LIBERTADORES | FH36: Los Liberadores 6450, Lote 4A | FI36: Huechuraba | FJ36: B | FM36: 3009 / SFVZ-87| | FN36: SFVZ-87| | FO36: SFVZ-87 | FP36: =VLOOKUP(FO36,EX:FF,9,0) -> B | FT36: B30n | FU36: 25.005 | FV36: 24.945 | FW36: 25.08 | FX36: 24.93 | FY36: 23.705 | FZ36: 11.215 | GA36: 0 | GB36: 0 | GC36: 0 | GD36: 0 | GE36: 0 | GF36: 0 | GG36: 0 | GH36: 0 | GI36: 0 | GJ36: 0 | GK36: 0 | GL36: 0 | GM36: 0 | GN36: 0 | GO36: 0 | GP36: 0 | GQ36: 11.37 | GR36: 23.035 | GU36: 33 | GV36: 30 | GY36: U8 | GZ36: F18 | HA36: F18 | HB36: 62 | HF36: OmegaU8 | HG36: F18 | HH36: Juanita | HI36: 938
A37: =HOUR(G37)+1 -> 1 | D37: =IFERROR( IF(AND(OR(Planilla!B37="C",Planilla!B37="c"), VLOOKUP(E37,EX:FJ,13,0)="C"), "OK",IF(AND(OR(Planilla!B37="C",Planilla!B37="c"), OR(VLOOKUP(E37,EX:FJ,13,0)="B", VLOOKUP(E37,EX:FJ,13,0)="A")), "DEFICIT",IF( AND(OR(Planilla!B37="B", Planilla!B37="BPAL"), VLOOKUP(E37,EX:FJ,13,0)="B"), "OK",IF(AND(OR(Planilla!B37="B", Planilla!B37="BPAL"), VLOOKUP(E37,EX:FJ,13,0)="A"), "DEFICIT",IF(AND(OR(Planilla!B37="B", Planilla!B37="BPAL"), VLOOKUP(E37,EX:FJ,13,0)="C"), "SOBREOFERTA",IF(AND(Planilla!B37="A", VLOOKUP(E37,EX:FJ,13,0)="A"), "OK",IF( AND(Planilla!B37="A", OR(VLOOKUP(E37,EX:FJ,13,0)="B", VLOOKUP(E37,EX:FJ,13,0)="C")), "SOBREOFERTA","" ))))))),"") | H37: =IF(I37="","",IF(AND((I37-G37)>=TIME(0,0,0),(I37-G37)<TIME(0,3,0)),"OK",IF(AND((I37-G37)>=TIME(0,3,0),(I37-G37)<TIME(0,5,0)),"RETRASO DE 3-5 MIN",IF(AND((I37-G37)>=TIME(0,5,0),(I37-G37)<TIME(0,10,0)),"RETRASO DE 5-10 MIN",IF((I37-G37)>=TIME(0,10,0),"RETRASO >10 MIN", IF(AND((G37-I37)>=TIME(0,0,0),(G37-I37)<TIME(0,3,0)),"OK",IF((G37-I37)>=TIME(0,3,0),"ADELANTADO"))))))) | J37: =IF(A37<>"",HLOOKUP(VALUE(TEXT(G37,"h:mm:ss")),IF($C$6="Laboral",$FT$4:$GR$227,IF($C$6="Sábado",$FT$231:$GR$452,$FT$456:$GR$656)),VLOOKUP($C$4,$GZ$2:$HB$99,3,0)+IF(C$5="Ida",0,1),1),"") -> #N/A | K37: =IF(A38<>A37,AVERAGEIF(A$9:A37,A37,J$9:J37),"") | L37: =IFERROR(IF(A38<>A37,AVERAGEIF(A$9:A37,A37,S$9:S37),""),"") | M37: =IFERROR(IF(A38<>A37,AVERAGEIF(A$9:A37,A37,T$9:T37),""),"") | N37: {=IFERROR(IF(A38<>A37,_xlfn.STDEV.P(IF(A$9:A37=A37,T$9:T37)),""),"")} | O37: {=IFERROR(IF(A38<>A37,_xlfn.STDEV.P(IF(A$9:A37=A37,S$9:S37)),""),"")} | P37: =IFERROR(IF(A37<>A38,MAX((((M37*24*60)/2)*(1+POWER((((N37*24*60) / (M37*24*60) )),2))) + ((M37*24*60 )*-0.1 + (K37*0.015)) +1,(((M37*24*60)/2)*(1+POWER((((N37*24*60) / (M37*24*60 ))),2)))),""),"") | Q37: =IF(AND(O37<>"",L37<>""),IF(A37<>A38,((L37*24*60) / 2 ) * (1 + POWER(((O37*24*60) / (L37*24*60)),2)),""),"") | R37: =IF(Q37<>"",MAX(P37,Q37),"") | S37: =IF(I37<>"H. Sale Real",IF(AND(I38<>"",LEFT(C38,2)<>"NC"),IF(AND(I37<>"",LEFT(C37,2)<>"NC",I37<>"H. Sale Real"),IF(I38-I37<0.208333333333333,I38-I37,""),IF(AND(I36<>"",LEFT(C36,2)<>"NC",I36<>"H. Sale Real"),IF(I38-I36<0.208333333333333,I38-I36,""),IF(AND(I35<>"",LEFT(C35,2)<>"NC",I35<>"H. Sale Real"),IF(I38-I35<0.208333333333333,I38-I35,""),IF(AND(I34<>"",LEFT(C34,2)<>"NC",I34<>"H. Sale Real"),IF(I38-I34<0.208333333333333,I38-I34,""),IF(AND(I33<>"",LEFT(C33,2)<>"NC",I33<>"H. Sale Real"),IF(I38-I33<0.208333333333333,I38-I33,""),""))))),""),"") | T37: =IF(G37<>"H. Sale Real",IF(AND(G38<>"",LEFT(C38,2)<>"NC"),IF(AND(G37<>"",LEFT(C37,2)<>"NC",G37<>"H. Sale Real"),IF(G38-G37<0.208333333333333,G38-G37,""),IF(AND(G36<>"",LEFT(C36,2)<>"NC",G36<>"H. Sale Real"),IF(G38-G36<0.208333333333333,G38-G36,""),IF(AND(G35<>"",LEFT(C35,2)<>"NC",G35<>"H. Sale Real"),IF(G38-G35<0.208333333333333,G38-G35,""),IF(AND(G34<>"",LEFT(C34,2)<>"NC",G34<>"H. Sale Real"),IF(G38-G34<0.208333333333333,G38-G34,""),IF(AND(G33<>"",LEFT(C33,2)<>"NC",G33<>"H. Sale Real"),IF(G38-G33<0.208333333333333,G38-G33,""),""))))),""),"") | U37: 0.32708333 | W37: =IF(G37<>"",IF(AND(W36<>"IE",P37<>0,R37<>""),IF(IFERROR((P37/R37),0) <=1,IFERROR(P37/R37,""),1),""),"") | AB37: =HOUR(AH37)+1 -> 1 | AI37: =IF(AJ37="","",IF(AND((AJ37-AH37)>=TIME(0,0,0),(AJ37-AH37)<TIME(0,3,0)),"OK",IF(AND((AJ37-AH37)>=TIME(0,3,0),(AJ37-AH37)<TIME(0,5,0)),"RETRASO DE 3-5 MIN",IF(AND((AJ37-AH37)>=TIME(0,5,0),(AJ37-AH37)<TIME(0,10,0)),"RETRASO DE 5-10 MIN",IF((AJ37-AH37)>=TIME(0,10,0),"RETRASO >10 MIN", IF(AND((AH37-AJ37)>=TIME(0,0,0),(AH37-AJ37)<TIME(0,3,0)),"OK",IF((AH37-AJ37)>=TIME(0,3,0),"ADELANTADO"))))))) | AK37: =IF(AB37<>"",HLOOKUP(VALUE(TEXT(AH37,"h:mm:ss")),IF($C$6="Laboral",$FT$4:$GR$227,IF($C$6="Sábado",$FT$231:$GR$452,$FT$456:$GR$656)),VLOOKUP($C$4,$GZ$2:$HB$99,3,0)+IF(AD$5="Ida",0,1),1),"") -> #N/A | AL37: =IF(AB38<>AB37,AVERAGEIF(AB$9:AB37,AB37,AK$9:AK37),"") | AM37: =IFERROR(IF(AB38<>AB37,AVERAGEIF(AB$9:AB37,AB37,AT$9:AT37),""),"") | AN37: =IFERROR(IF(AB38<>AB37,AVERAGEIF(AB$9:AB37,AB37,AU$9:AU37),""),"") | AO37: {=IFERROR(IF(AB38<>AB37,_xlfn.STDEV.P(IF(AB$9:AB37=AB37,AU$9:AU37)),""),"")} | AP37: {=IFERROR(IF(AB38<>AB37,_xlfn.STDEV.P(IF(AB$9:AB37=AB37,AT$9:AT37)),""),"")} | AQ37: =IFERROR(IF(AB37<>AB38,MAX((((AN37*24*60)/2)*(1+POWER((((AO37*24*60) / (AN37*24*60) )),2))) + ((AN37*24*60 )*-0.1 + (AL37*0.015)) +1,(((AN37*24*60)/2)*(1+POWER((((AO37*24*60) / (AN37*24*60 ))),2)))),""),"") | AR37: =IF(AND(AP37<>"",AM37<>""),IF(AB37<>AB38,((AM37*24*60) / 2 ) * (1 + POWER(((AP37*24*60) / (AM37*24*60)),2)),""),"") | AS37: =IF(AR37<>"",MAX(AQ37,AR37),"") | AT37: =IF(AJ37<>"H. Sale Real",IF(AND(AJ38<>"",LEFT(AD38,2)<>"NC"),IF(AND(AJ37<>"",LEFT(AD37,2)<>"NC",AJ37<>"H. Sale Real"),IF(AJ38-AJ37<0.208333333333333,AJ38-AJ37,""),IF(AND(AJ36<>"",LEFT(AD36,2)<>"NC",AJ36<>"H. Sale Real"),IF(AJ38-AJ36<0.208333333333333,AJ38-AJ36,""),IF(AND(AJ35<>"",LEFT(AD35,2)<>"NC",AJ35<>"H. Sale Real"),IF(AJ38-AJ35<0.208333333333333,AJ38-AJ35,""),IF(AND(AJ34<>"",LEFT(AD34,2)<>"NC",AJ34<>"H. Sale Real"),IF(AJ38-AJ34<0.208333333333333,AJ38-AJ34,""),IF(AND(AJ33<>"",LEFT(AD33,2)<>"NC",AJ33<>"H. Sale Real"),IF(AJ38-AJ33<0.208333333333333,AJ38-AJ33,""),""))))),""),"") | AU37: =IF(AH37<>"H. Sale Real",IF(AND(AH38<>"",LEFT(AD38,2)<>"NC"),IF(AND(AH37<>"",LEFT(AD37,2)<>"NC",AH37<>"H. Sale Real"),IF(AH38-AH37<0.208333333333333,AH38-AH37,""),IF(AND(AH36<>"",LEFT(AD36,2)<>"NC",AH36<>"H. Sale Real"),IF(AH38-AH36<0.208333333333333,AH38-AH36,""),IF(AND(AH35<>"",LEFT(AD35,2)<>"NC",AH35<>"H. Sale Real"),IF(AH38-AH35<0.208333333333333,AH38-AH35,""),IF(AND(AH34<>"",LEFT(AD34,2)<>"NC",AH34<>"H. Sale Real"),IF(AH38-AH34<0.208333333333333,AH38-AH34,""),IF(AND(AH33<>"",LEFT(AD33,2)<>"NC",AH33<>"H. Sale Real"),IF(AH38-AH33<0.208333333333333,AH38-AH33,""),""))))),""),"") | AX37: =IF(AH37<>"",IF(AND(AX36<>"IE",AQ37<>0,AS37<>""),IF(IFERROR((AQ37/AS37),0) <=1,IFERROR(AQ37/AS37,""),1),""),"") | EW37: Diccionario 1 | EX37: 1034 | EY37: D8483890K2PL | EZ37: YV3T7U520KA195574 | FA37: Volvo | FB37: B8R | FC37: MARCOPOLO | FD37: TORINO | FE37: 2019 | FF37: B2PAL | FG37: LOS LIBERTADORES | FH37: Los Liberadores 6450, Lote 4A | FI37: Huechuraba | FJ37: B | FM37: 3009 / SFVZ-87| | FN37: SFVZ-87| | FO37: SFVZ-87 | FP37: =VLOOKUP(FO37,EX:FF,9,0) -> B | FT37: B32 | FU37: 0 | FV37: 0 | FW37: 0 | FX37: 0 | FY37: 0 | FZ37: 10.685 | GA37: 16.86 | GB37: 12.385 | GC37: 15.665 | GD37: 17.7 | GE37: 17.755 | GF37: 17.5 | GG37: 16.4 | GH37: 16.58 | GI37: 16.88 | GJ37: 15.705 | GK37: 14.925 | GL37: 13.975 | GM37: 13.42 | GN37: 16.03 | GO37: 19.13 | GP37: 21.045 | GQ37: 22.675 | GR37: 12.13 | GU37: 34 | GV37: 31 | GY37: U8 | GZ37: F20 | HA37: F20 | HB37: 64 | HF37: OmegaU8 | HG37: F20 | HH37: Pie Andino | HI37: 940
